村里別,投開票所別,蔡其昌,蔡其昌_黨籍,林淑芬,林淑芬_黨籍,謝衣鳯,謝衣鳯_黨籍,林岱樺,林岱樺_黨籍,蘇巧慧,蘇巧慧_黨籍,張宏陸,張宏陸_黨籍,何欣純,何欣純_黨籍,邱烽堯,邱烽堯_黨籍,陳愷寧,陳愷寧_黨籍,林金結,林金結_黨籍,廖再興,廖再興_黨籍,賴嘉倫,賴嘉倫_黨籍,陳歐珀,陳歐珀_黨籍,邱志偉,邱志偉_黨籍,魯明哲,魯明哲_黨籍,李彥秀,李彥秀_黨籍,莊競程,莊競程_黨籍,趙正宇,趙正宇_黨籍,柯志恩,柯志恩_黨籍,江啟臣,江啟臣_黨籍,林聲洲,林聲洲_黨籍,吳琪銘,吳琪銘_黨籍,臧汝興,臧汝興_黨籍,張志偉,張志偉_黨籍,賴惠員,賴惠員_黨籍,郭國文,郭國文_黨籍,陳亭妃,陳亭妃_黨籍,吳秉叡,吳秉叡_黨籍,李昆澤,李昆澤_黨籍,林奕華,林奕華_黨籍,許智傑,許智傑_黨籍,賴瑞隆,賴瑞隆_黨籍,蔡沐霖,蔡沐霖_黨籍,李縉穎,李縉穎_黨籍,羅明才,羅明才_黨籍,周武榮,周武榮_黨籍,蔡易餘,蔡易餘_黨籍,謝淑亞,謝淑亞_黨籍,蔣萬安,蔣萬安_黨籍,陳素月,陳素月_黨籍,蔡淑惠,蔡淑惠_黨籍,王定宇,王定宇_黨籍,莊子富,莊子富_黨籍,柯士翎,柯士翎_黨籍,林德福,林德福_黨籍,劉瑞娜,劉瑞娜_黨籍,李欣翰,李欣翰_黨籍,李永萍,李永萍_黨籍,呂國華,呂國華_黨籍,吳志揚,吳志揚_黨籍,林佳瑋,林佳瑋_黨籍,高嘉瑜,高嘉瑜_黨籍,蔣絜安,蔣絜安_黨籍,李中,李中_黨籍,吳達偉,吳達偉_黨籍,江永昌,江永昌_黨籍,楊智淵,楊智淵_黨籍,曾怡晴,曾怡晴_黨籍,胡大剛,胡大剛_黨籍,張依維,張依維_黨籍,呂孫綾,呂孫綾_黨籍,徐志榮,徐志榮_黨籍,楊瓊瓔,楊瓊瓔_黨籍,張廖萬堅,張廖萬堅_黨籍,林昶佐,林昶佐_黨籍,謝佩芬,謝佩芬_黨籍,林杰正,林杰正_黨籍,賴士葆,賴士葆_黨籍,詹宇賢,詹宇賢_黨籍,廖麗娟,廖麗娟_黨籍,賴品妤,賴品妤_黨籍,洪孟楷,洪孟楷_黨籍,邱靖雅,邱靖雅_黨籍,郭新政,郭新政_黨籍,陳明義,陳明義_黨籍,顧吉熙,顧吉熙_黨籍,劉哲嘉,劉哲嘉_黨籍,羅致政,羅致政_黨籍,顏銘緯,顏銘緯_黨籍,張銘祐,張銘祐_黨籍,孫繼正,孫繼正_黨籍,陳榮太,陳榮太_黨籍,張怡,張怡_黨籍,劉世芳,劉世芳_黨籍,張哲偉,張哲偉_黨籍,黃名白,黃名白_黨籍,孟藹倫,孟藹倫_黨籍,李文,李文_黨籍,陳玉珍,陳玉珍_黨籍,馮家芸,馮家芸_黨籍,蘇博廷,蘇博廷_黨籍,林麗容,林麗容_黨籍,謝文卿,謝文卿_黨籍,趙天麟,趙天麟_黨籍,張幸松,張幸松_黨籍,有效票數A,無效票數B,投票數C,已領未投票數D,發出票數E,用餘票數F,選舉人數G,投票率H
居仁里,0001,0,民主進步黨,882,民主進步黨,0,中國國民黨,0,民主進步黨,0,民主進步黨,0,民主進步黨,0,民主進步黨,0,中國國民黨,0,無黨籍及未經政黨推薦,0,中國國民黨,0,無黨籍及未經政黨推薦,0,無黨籍及未經政黨推薦,0,民主進步黨,1134,民主進步黨,0,中國國民黨,0,中國國民黨,0,民主進步黨,0,無黨籍及未經政黨推薦,0,中國國民黨,0,中國國民黨,0,台澎黨,0,民主進步黨,0,台澎黨,0,無黨籍及未經政黨推薦,0,民主進步黨,0,民主進步黨,0,民主進步黨,0,民主進步黨,0,民主進步黨,0,中國國民黨,0,民主進步黨,0,民主進步黨,0,民主進步黨,0,無黨籍及未經政黨推薦,0,中國國民黨,0,無黨籍及未經政黨推薦,0,民主進步黨,0,中國國民黨,0,中國國民黨,0,民主進步黨,0,中國國民黨,0,民主進步黨,0,中國國民黨,0,無黨籍及未經政黨推薦,0,中國國民黨,0,無黨籍及未經政黨推薦,0,無黨籍及未經政黨推薦,0,中國國民黨,0,中國國民黨,0,中國國民黨,0,無黨籍及未經政黨推薦,0,民主進步黨,0,民主進步黨,0,中國國民黨,0,無黨籍及未經政黨推薦,0,民主進步黨,0,無黨籍及未經政黨推薦,0,無黨籍及未經政黨推薦,0,無黨籍及未經政黨推薦,0,無黨籍及未經政黨推薦,0,民主進步黨,0,中國國民黨,0,中國國民黨,0,民主進步黨,0,無黨籍及未經政黨推薦,0,民主進步黨,0,無黨籍及未經政黨推薦,0,中國國民黨,0,無黨籍及未經政黨推薦,0,無黨籍及未經政黨推薦,0,民主進步黨,0,中國國民黨,0,無黨籍及未經政黨推薦,0,無黨籍及未經政黨推薦,0,中國國民黨,0,無黨籍及未經政黨推薦,0,無黨籍及未經政黨推薦,0,民主進步黨,0,無黨籍及未經政黨推薦,0,民主進步黨,0,無黨籍及未經政黨推薦,0,無黨籍及未經政黨推薦,0,無黨籍及未經政黨推薦,0,民主進步黨,0,無黨籍及未經政黨推薦,0,無黨籍及未經政黨推薦,0,無黨籍及未經政黨推薦,0,無黨籍及未經政黨推薦,0,中國國民黨,0,無黨籍及未經政黨推薦,0,親民黨,0,無黨籍及未經政黨推薦,0,無黨籍及未經政黨推薦,0,民主進步黨,0,無黨籍及未經政黨推薦,2016,16,2032,0,2032,660,2692,75.48
洛泉里,0002,0,民主進步黨,1476,民主進步黨,0,中國國民黨,0,民主進步黨,0,民主進步黨,0,民主進步黨,0,民主進步黨,0,中國國民黨,0,無黨籍及未經政黨推薦,0,中國國民黨,0,無黨籍及未經政黨推薦,0,無黨籍及未經政黨推薦,0,民主進步黨,1580,民主進步黨,0,中國國民黨,0,中國國民黨,0,民主進步黨,0,無黨籍及未經政黨推薦,0,中國國民黨,0,中國國民黨,0,台澎黨,0,民主進步黨,0,台澎黨,0,無黨籍及未經政黨推薦,0,民主進步黨,0,民主進步黨,0,民主進步黨,0,民主進步黨,0,民主進步黨,0,中國國民黨,0,民主進步黨,0,民主進步黨,0,民主進步黨,0,無黨籍及未經政黨推薦,0,中國國民黨,0,無黨籍及未經政黨推薦,0,民主進步黨,0,中國國民黨,0,中國國民黨,0,民主進步黨,0,中國國民黨,0,民主進步黨,0,中國國民黨,0,無黨籍及未經政黨推薦,0,中國國民黨,0,無黨籍及未經政黨推薦,0,無黨籍及未經政黨推薦,0,中國國民黨,0,中國國民黨,0,中國國民黨,0,無黨籍及未經政黨推薦,0,民主進步黨,0,民主進步黨,0,中國國民黨,0,無黨籍及未經政黨推薦,0,民主進步黨,0,無黨籍及未經政黨推薦,0,無黨籍及未經政黨推薦,0,無黨籍及未經政黨推薦,0,無黨籍及未經政黨推薦,0,民主進步黨,0,中國國民黨,0,中國國民黨,0,民主進步黨,0,無黨籍及未經政黨推薦,0,民主進步黨,0,無黨籍及未經政黨推薦,0,中國國民黨,0,無黨籍及未經政黨推薦,0,無黨籍及未經政黨推薦,0,民主進步黨,0,中國國民黨,0,無黨籍及未經政黨推薦,0,無黨籍及未經政黨推薦,0,中國國民黨,0,無黨籍及未經政黨推薦,0,無黨籍及未經政黨推薦,0,民主進步黨,0,無黨籍及未經政黨推薦,0,民主進步黨,0,無黨籍及未經政黨推薦,0,無黨籍及未經政黨推薦,0,無黨籍及未經政黨推薦,0,民主進步黨,0,無黨籍及未經政黨推薦,0,無黨籍及未經政黨推薦,0,無黨籍及未經政黨推薦,0,無黨籍及未經政黨推薦,0,中國國民黨,0,無黨籍及未經政黨推薦,0,親民黨,0,無黨籍及未經政黨推薦,0,無黨籍及未經政黨推薦,0,民主進步黨,0,無黨籍及未經政黨推薦,3056,78,3134,0,3134,746,3880,80.77
沙鹿里,0003,0,民主進步黨,554,民主進步黨,0,中國國民黨,0,民主進步黨,0,民主進步黨,0,民主進步黨,0,民主進步黨,0,中國國民黨,0,無黨籍及未經政黨推薦,0,中國國民黨,0,無黨籍及未經政黨推薦,0,無黨籍及未經政黨推薦,0,民主進步黨,876,民主進步黨,0,中國國民黨,0,中國國民黨,0,民主進步黨,0,無黨籍及未經政黨推薦,0,中國國民黨,0,中國國民黨,0,台澎黨,0,民主進步黨,0,台澎黨,0,無黨籍及未經政黨推薦,0,民主進步黨,0,民主進步黨,0,民主進步黨,0,民主進步黨,0,民主進步黨,0,中國國民黨,0,民主進步黨,0,民主進步黨,0,民主進步黨,0,無黨籍及未經政黨推薦,0,中國國民黨,0,無黨籍及未經政黨推薦,0,民主進步黨,0,中國國民黨,0,中國國民黨,0,民主進步黨,0,中國國民黨,0,民主進步黨,0,中國國民黨,0,無黨籍及未經政黨推薦,0,中國國民黨,0,無黨籍及未經政黨推薦,0,無黨籍及未經政黨推薦,0,中國國民黨,0,中國國民黨,0,中國國民黨,0,無黨籍及未經政黨推薦,0,民主進步黨,0,民主進步黨,0,中國國民黨,0,無黨籍及未經政黨推薦,0,民主進步黨,0,無黨籍及未經政黨推薦,0,無黨籍及未經政黨推薦,0,無黨籍及未經政黨推薦,0,無黨籍及未經政黨推薦,0,民主進步黨,0,中國國民黨,0,中國國民黨,0,民主進步黨,0,無黨籍及未經政黨推薦,0,民主進步黨,0,無黨籍及未經政黨推薦,0,中國國民黨,0,無黨籍及未經政黨推薦,0,無黨籍及未經政黨推薦,0,民主進步黨,0,中國國民黨,0,無黨籍及未經政黨推薦,0,無黨籍及未經政黨推薦,0,中國國民黨,0,無黨籍及未經政黨推薦,0,無黨籍及未經政黨推薦,0,民主進步黨,0,無黨籍及未經政黨推薦,0,民主進步黨,0,無黨籍及未經政黨推薦,0,無黨籍及未經政黨推薦,0,無黨籍及未經政黨推薦,0,民主進步黨,0,無黨籍及未經政黨推薦,0,無黨籍及未經政黨推薦,0,無黨籍及未經政黨推薦,0,無黨籍及未經政黨推薦,0,中國國民黨,0,無黨籍及未經政黨推薦,0,親民黨,0,無黨籍及未經政黨推薦,0,無黨籍及未經政黨推薦,0,民主進步黨,0,無黨籍及未經政黨推薦,1430,32,1462,0,1462,358,1820,80.33
美仁里,0004,0,民主進步黨,404,民主進步黨,0,中國國民黨,0,民主進步黨,0,民主進步黨,0,民主進步黨,0,民主進步黨,0,中國國民黨,0,無黨籍及未經政黨推薦,0,中國國民黨,0,無黨籍及未經政黨推薦,0,無黨籍及未經政黨推薦,0,民主進步黨,328,民主進步黨,0,中國國民黨,0,中國國民黨,0,民主進步黨,0,無黨籍及未經政黨推薦,0,中國國民黨,0,中國國民黨,0,台澎黨,0,民主進步黨,0,台澎黨,0,無黨籍及未經政黨推薦,0,民主進步黨,0,民主進步黨,0,民主進步黨,0,民主進步黨,0,民主進步黨,0,中國國民黨,0,民主進步黨,0,民主進步黨,0,民主進步黨,0,無黨籍及未經政黨推薦,0,中國國民黨,0,無黨籍及未經政黨推薦,0,民主進步黨,0,中國國民黨,0,中國國民黨,0,民主進步黨,0,中國國民黨,0,民主進步黨,0,中國國民黨,0,無黨籍及未經政黨推薦,0,中國國民黨,0,無黨籍及未經政黨推薦,0,無黨籍及未經政黨推薦,0,中國國民黨,0,中國國民黨,0,中國國民黨,0,無黨籍及未經政黨推薦,0,民主進步黨,0,民主進步黨,0,中國國民黨,0,無黨籍及未經政黨推薦,0,民主進步黨,0,無黨籍及未經政黨推薦,0,無黨籍及未經政黨推薦,0,無黨籍及未經政黨推薦,0,無黨籍及未經政黨推薦,0,民主進步黨,0,中國國民黨,0,中國國民黨,0,民主進步黨,0,無黨籍及未經政黨推薦,0,民主進步黨,0,無黨籍及未經政黨推薦,0,中國國民黨,0,無黨籍及未經政黨推薦,0,無黨籍及未經政黨推薦,0,民主進步黨,0,中國國民黨,0,無黨籍及未經政黨推薦,0,無黨籍及未經政黨推薦,0,中國國民黨,0,無黨籍及未經政黨推薦,0,無黨籍及未經政黨推薦,0,民主進步黨,0,無黨籍及未經政黨推薦,0,民主進步黨,0,無黨籍及未經政黨推薦,0,無黨籍及未經政黨推薦,0,無黨籍及未經政黨推薦,0,民主進步黨,0,無黨籍及未經政黨推薦,0,無黨籍及未經政黨推薦,0,無黨籍及未經政黨推薦,0,無黨籍及未經政黨推薦,0,中國國民黨,0,無黨籍及未經政黨推薦,0,親民黨,0,無黨籍及未經政黨推薦,0,無黨籍及未經政黨推薦,0,民主進步黨,0,無黨籍及未經政黨推薦,732,28,760,0,760,204,964,78.84
興仁里,0005,0,民主進步黨,1722,民主進步黨,0,中國國民黨,0,民主進步黨,0,民主進步黨,0,民主進步黨,0,民主進步黨,0,中國國民黨,0,無黨籍及未經政黨推薦,0,中國國民黨,0,無黨籍及未經政黨推薦,0,無黨籍及未經政黨推薦,0,民主進步黨,1980,民主進步黨,0,中國國民黨,0,中國國民黨,0,民主進步黨,0,無黨籍及未經政黨推薦,0,中國國民黨,0,中國國民黨,0,台澎黨,0,民主進步黨,0,台澎黨,0,無黨籍及未經政黨推薦,0,民主進步黨,0,民主進步黨,0,民主進步黨,0,民主進步黨,0,民主進步黨,0,中國國民黨,0,民主進步黨,0,民主進步黨,0,民主進步黨,0,無黨籍及未經政黨推薦,0,中國國民黨,0,無黨籍及未經政黨推薦,0,民主進步黨,0,中國國民黨,0,中國國民黨,0,民主進步黨,0,中國國民黨,0,民主進步黨,0,中國國民黨,0,無黨籍及未經政黨推薦,0,中國國民黨,0,無黨籍及未經政黨推薦,0,無黨籍及未經政黨推薦,0,中國國民黨,0,中國國民黨,0,中國國民黨,0,無黨籍及未經政黨推薦,0,民主進步黨,0,民主進步黨,0,中國國民黨,0,無黨籍及未經政黨推薦,0,民主進步黨,0,無黨籍及未經政黨推薦,0,無黨籍及未經政黨推薦,0,無黨籍及未經政黨推薦,0,無黨籍及未經政黨推薦,0,民主進步黨,0,中國國民黨,0,中國國民黨,0,民主進步黨,0,無黨籍及未經政黨推薦,0,民主進步黨,0,無黨籍及未經政黨推薦,0,中國國民黨,0,無黨籍及未經政黨推薦,0,無黨籍及未經政黨推薦,0,民主進步黨,0,中國國民黨,0,無黨籍及未經政黨推薦,0,無黨籍及未經政黨推薦,0,中國國民黨,0,無黨籍及未經政黨推薦,0,無黨籍及未經政黨推薦,0,民主進步黨,0,無黨籍及未經政黨推薦,0,民主進步黨,0,無黨籍及未經政黨推薦,0,無黨籍及未經政黨推薦,0,無黨籍及未經政黨推薦,0,民主進步黨,0,無黨籍及未經政黨推薦,0,無黨籍及未經政黨推薦,0,無黨籍及未經政黨推薦,0,無黨籍及未經政黨推薦,0,中國國民黨,0,無黨籍及未經政黨推薦,0,親民黨,0,無黨籍及未經政黨推薦,0,無黨籍及未經政黨推薦,0,民主進步黨,0,無黨籍及未經政黨推薦,3702,68,3770,0,3770,996,4766,79.1
斗抵里,0006,0,民主進步黨,3110,民主進步黨,0,中國國民黨,0,民主進步黨,0,民主進步黨,0,民主進步黨,0,民主進步黨,0,中國國民黨,0,無黨籍及未經政黨推薦,0,中國國民黨,0,無黨籍及未經政黨推薦,0,無黨籍及未經政黨推薦,0,民主進步黨,3330,民主進步黨,0,中國國民黨,0,中國國民黨,0,民主進步黨,0,無黨籍及未經政黨推薦,0,中國國民黨,0,中國國民黨,0,台澎黨,0,民主進步黨,0,台澎黨,0,無黨籍及未經政黨推薦,0,民主進步黨,0,民主進步黨,0,民主進步黨,0,民主進步黨,0,民主進步黨,0,中國國民黨,0,民主進步黨,0,民主進步黨,0,民主進步黨,0,無黨籍及未經政黨推薦,0,中國國民黨,0,無黨籍及未經政黨推薦,0,民主進步黨,0,中國國民黨,0,中國國民黨,0,民主進步黨,0,中國國民黨,0,民主進步黨,0,中國國民黨,0,無黨籍及未經政黨推薦,0,中國國民黨,0,無黨籍及未經政黨推薦,0,無黨籍及未經政黨推薦,0,中國國民黨,0,中國國民黨,0,中國國民黨,0,無黨籍及未經政黨推薦,0,民主進步黨,0,民主進步黨,0,中國國民黨,0,無黨籍及未經政黨推薦,0,民主進步黨,0,無黨籍及未經政黨推薦,0,無黨籍及未經政黨推薦,0,無黨籍及未經政黨推薦,0,無黨籍及未經政黨推薦,0,民主進步黨,0,中國國民黨,0,中國國民黨,0,民主進步黨,0,無黨籍及未經政黨推薦,0,民主進步黨,0,無黨籍及未經政黨推薦,0,中國國民黨,0,無黨籍及未經政黨推薦,0,無黨籍及未經政黨推薦,0,民主進步黨,0,中國國民黨,0,無黨籍及未經政黨推薦,0,無黨籍及未經政黨推薦,0,中國國民黨,0,無黨籍及未經政黨推薦,0,無黨籍及未經政黨推薦,0,民主進步黨,0,無黨籍及未經政黨推薦,0,民主進步黨,0,無黨籍及未經政黨推薦,0,無黨籍及未經政黨推薦,0,無黨籍及未經政黨推薦,0,民主進步黨,0,無黨籍及未經政黨推薦,0,無黨籍及未經政黨推薦,0,無黨籍及未經政黨推薦,0,無黨籍及未經政黨推薦,0,中國國民黨,0,無黨籍及未經政黨推薦,0,親民黨,0,無黨籍及未經政黨推薦,0,無黨籍及未經政黨推薦,0,民主進步黨,0,無黨籍及未經政黨推薦,6440,142,6582,0,6582,1788,8370,78.64
鹿峰里,0007,0,民主進步黨,3158,民主進步黨,0,中國國民黨,0,民主進步黨,0,民主進步黨,0,民主進步黨,0,民主進步黨,0,中國國民黨,0,無黨籍及未經政黨推薦,0,中國國民黨,0,無黨籍及未經政黨推薦,0,無黨籍及未經政黨推薦,0,民主進步黨,4334,民主進步黨,0,中國國民黨,0,中國國民黨,0,民主進步黨,0,無黨籍及未經政黨推薦,0,中國國民黨,0,中國國民黨,0,台澎黨,0,民主進步黨,0,台澎黨,0,無黨籍及未經政黨推薦,0,民主進步黨,0,民主進步黨,0,民主進步黨,0,民主進步黨,0,民主進步黨,0,中國國民黨,0,民主進步黨,0,民主進步黨,0,民主進步黨,0,無黨籍及未經政黨推薦,0,中國國民黨,0,無黨籍及未經政黨推薦,0,民主進步黨,0,中國國民黨,0,中國國民黨,0,民主進步黨,0,中國國民黨,0,民主進步黨,0,中國國民黨,0,無黨籍及未經政黨推薦,0,中國國民黨,0,無黨籍及未經政黨推薦,0,無黨籍及未經政黨推薦,0,中國國民黨,0,中國國民黨,0,中國國民黨,0,無黨籍及未經政黨推薦,0,民主進步黨,0,民主進步黨,0,中國國民黨,0,無黨籍及未經政黨推薦,0,民主進步黨,0,無黨籍及未經政黨推薦,0,無黨籍及未經政黨推薦,0,無黨籍及未經政黨推薦,0,無黨籍及未經政黨推薦,0,民主進步黨,0,中國國民黨,0,中國國民黨,0,民主進步黨,0,無黨籍及未經政黨推薦,0,民主進步黨,0,無黨籍及未經政黨推薦,0,中國國民黨,0,無黨籍及未經政黨推薦,0,無黨籍及未經政黨推薦,0,民主進步黨,0,中國國民黨,0,無黨籍及未經政黨推薦,0,無黨籍及未經政黨推薦,0,中國國民黨,0,無黨籍及未經政黨推薦,0,無黨籍及未經政黨推薦,0,民主進步黨,0,無黨籍及未經政黨推薦,0,民主進步黨,0,無黨籍及未經政黨推薦,0,無黨籍及未經政黨推薦,0,無黨籍及未經政黨推薦,0,民主進步黨,0,無黨籍及未經政黨推薦,0,無黨籍及未經政黨推薦,0,無黨籍及未經政黨推薦,0,無黨籍及未經政黨推薦,0,中國國民黨,0,無黨籍及未經政黨推薦,0,親民黨,0,無黨籍及未經政黨推薦,0,無黨籍及未經政黨推薦,0,民主進步黨,0,無黨籍及未經政黨推薦,7492,140,7632,0,7632,2192,9824,77.69
鹿寮里,0008,0,民主進步黨,4106,民主進步黨,0,中國國民黨,0,民主進步黨,0,民主進步黨,0,民主進步黨,0,民主進步黨,0,中國國民黨,0,無黨籍及未經政黨推薦,0,中國國民黨,0,無黨籍及未經政黨推薦,0,無黨籍及未經政黨推薦,0,民主進步黨,6040,民主進步黨,0,中國國民黨,0,中國國民黨,0,民主進步黨,0,無黨籍及未經政黨推薦,0,中國國民黨,0,中國國民黨,0,台澎黨,0,民主進步黨,0,台澎黨,0,無黨籍及未經政黨推薦,0,民主進步黨,0,民主進步黨,0,民主進步黨,0,民主進步黨,0,民主進步黨,0,中國國民黨,0,民主進步黨,0,民主進步黨,0,民主進步黨,0,無黨籍及未經政黨推薦,0,中國國民黨,0,無黨籍及未經政黨推薦,0,民主進步黨,0,中國國民黨,0,中國國民黨,0,民主進步黨,0,中國國民黨,0,民主進步黨,0,中國國民黨,0,無黨籍及未經政黨推薦,0,中國國民黨,0,無黨籍及未經政黨推薦,0,無黨籍及未經政黨推薦,0,中國國民黨,0,中國國民黨,0,中國國民黨,0,無黨籍及未經政黨推薦,0,民主進步黨,0,民主進步黨,0,中國國民黨,0,無黨籍及未經政黨推薦,0,民主進步黨,0,無黨籍及未經政黨推薦,0,無黨籍及未經政黨推薦,0,無黨籍及未經政黨推薦,0,無黨籍及未經政黨推薦,0,民主進步黨,0,中國國民黨,0,中國國民黨,0,民主進步黨,0,無黨籍及未經政黨推薦,0,民主進步黨,0,無黨籍及未經政黨推薦,0,中國國民黨,0,無黨籍及未經政黨推薦,0,無黨籍及未經政黨推薦,0,民主進步黨,0,中國國民黨,0,無黨籍及未經政黨推薦,0,無黨籍及未經政黨推薦,0,中國國民黨,0,無黨籍及未經政黨推薦,0,無黨籍及未經政黨推薦,0,民主進步黨,0,無黨籍及未經政黨推薦,0,民主進步黨,0,無黨籍及未經政黨推薦,0,無黨籍及未經政黨推薦,0,無黨籍及未經政黨推薦,0,民主進步黨,0,無黨籍及未經政黨推薦,0,無黨籍及未經政黨推薦,0,無黨籍及未經政黨推薦,0,無黨籍及未經政黨推薦,0,中國國民黨,0,無黨籍及未經政黨推薦,0,親民黨,0,無黨籍及未經政黨推薦,0,無黨籍及未經政黨推薦,0,民主進步黨,0,無黨籍及未經政黨推薦,10146,182,10328,0,10328,2754,13082,78.95
竹林里,0009,0,民主進步黨,5134,民主進步黨,0,中國國民黨,0,民主進步黨,0,民主進步黨,0,民主進步黨,0,民主進步黨,0,中國國民黨,0,無黨籍及未經政黨推薦,0,中國國民黨,0,無黨籍及未經政黨推薦,0,無黨籍及未經政黨推薦,0,民主進步黨,5454,民主進步黨,0,中國國民黨,0,中國國民黨,0,民主進步黨,0,無黨籍及未經政黨推薦,0,中國國民黨,0,中國國民黨,0,台澎黨,0,民主進步黨,0,台澎黨,0,無黨籍及未經政黨推薦,0,民主進步黨,0,民主進步黨,0,民主進步黨,0,民主進步黨,0,民主進步黨,0,中國國民黨,0,民主進步黨,0,民主進步黨,0,民主進步黨,0,無黨籍及未經政黨推薦,0,中國國民黨,0,無黨籍及未經政黨推薦,0,民主進步黨,0,中國國民黨,0,中國國民黨,0,民主進步黨,0,中國國民黨,0,民主進步黨,0,中國國民黨,0,無黨籍及未經政黨推薦,0,中國國民黨,0,無黨籍及未經政黨推薦,0,無黨籍及未經政黨推薦,0,中國國民黨,0,中國國民黨,0,中國國民黨,0,無黨籍及未經政黨推薦,0,民主進步黨,0,民主進步黨,0,中國國民黨,0,無黨籍及未經政黨推薦,0,民主進步黨,0,無黨籍及未經政黨推薦,0,無黨籍及未經政黨推薦,0,無黨籍及未經政黨推薦,0,無黨籍及未經政黨推薦,0,民主進步黨,0,中國國民黨,0,中國國民黨,0,民主進步黨,0,無黨籍及未經政黨推薦,0,民主進步黨,0,無黨籍及未經政黨推薦,0,中國國民黨,0,無黨籍及未經政黨推薦,0,無黨籍及未經政黨推薦,0,民主進步黨,0,中國國民黨,0,無黨籍及未經政黨推薦,0,無黨籍及未經政黨推薦,0,中國國民黨,0,無黨籍及未經政黨推薦,0,無黨籍及未經政黨推薦,0,民主進步黨,0,無黨籍及未經政黨推薦,0,民主進步黨,0,無黨籍及未經政黨推薦,0,無黨籍及未經政黨推薦,0,無黨籍及未經政黨推薦,0,民主進步黨,0,無黨籍及未經政黨推薦,0,無黨籍及未經政黨推薦,0,無黨籍及未經政黨推薦,0,無黨籍及未經政黨推薦,0,中國國民黨,0,無黨籍及未經政黨推薦,0,親民黨,0,無黨籍及未經政黨推薦,0,無黨籍及未經政黨推薦,0,民主進步黨,0,無黨籍及未經政黨推薦,10588,286,10874,0,10874,3324,14198,76.59
犁分里,0010,0,民主進步黨,740,民主進步黨,0,中國國民黨,0,民主進步黨,0,民主進步黨,0,民主進步黨,0,民主進步黨,0,中國國民黨,0,無黨籍及未經政黨推薦,0,中國國民黨,0,無黨籍及未經政黨推薦,0,無黨籍及未經政黨推薦,0,民主進步黨,882,民主進步黨,0,中國國民黨,0,中國國民黨,0,民主進步黨,0,無黨籍及未經政黨推薦,0,中國國民黨,0,中國國民黨,0,台澎黨,0,民主進步黨,0,台澎黨,0,無黨籍及未經政黨推薦,0,民主進步黨,0,民主進步黨,0,民主進步黨,0,民主進步黨,0,民主進步黨,0,中國國民黨,0,民主進步黨,0,民主進步黨,0,民主進步黨,0,無黨籍及未經政黨推薦,0,中國國民黨,0,無黨籍及未經政黨推薦,0,民主進步黨,0,中國國民黨,0,中國國民黨,0,民主進步黨,0,中國國民黨,0,民主進步黨,0,中國國民黨,0,無黨籍及未經政黨推薦,0,中國國民黨,0,無黨籍及未經政黨推薦,0,無黨籍及未經政黨推薦,0,中國國民黨,0,中國國民黨,0,中國國民黨,0,無黨籍及未經政黨推薦,0,民主進步黨,0,民主進步黨,0,中國國民黨,0,無黨籍及未經政黨推薦,0,民主進步黨,0,無黨籍及未經政黨推薦,0,無黨籍及未經政黨推薦,0,無黨籍及未經政黨推薦,0,無黨籍及未經政黨推薦,0,民主進步黨,0,中國國民黨,0,中國國民黨,0,民主進步黨,0,無黨籍及未經政黨推薦,0,民主進步黨,0,無黨籍及未經政黨推薦,0,中國國民黨,0,無黨籍及未經政黨推薦,0,無黨籍及未經政黨推薦,0,民主進步黨,0,中國國民黨,0,無黨籍及未經政黨推薦,0,無黨籍及未經政黨推薦,0,中國國民黨,0,無黨籍及未經政黨推薦,0,無黨籍及未經政黨推薦,0,民主進步黨,0,無黨籍及未經政黨推薦,0,民主進步黨,0,無黨籍及未經政黨推薦,0,無黨籍及未經政黨推薦,0,無黨籍及未經政黨推薦,0,民主進步黨,0,無黨籍及未經政黨推薦,0,無黨籍及未經政黨推薦,0,無黨籍及未經政黨推薦,0,無黨籍及未經政黨推薦,0,中國國民黨,0,無黨籍及未經政黨推薦,0,親民黨,0,無黨籍及未經政黨推薦,0,無黨籍及未經政黨推薦,0,民主進步黨,0,無黨籍及未經政黨推薦,1622,28,1650,0,1650,492,2142,77.03
北勢里,0011,0,民主進步黨,3292,民主進步黨,0,中國國民黨,0,民主進步黨,0,民主進步黨,0,民主進步黨,0,民主進步黨,0,中國國民黨,0,無黨籍及未經政黨推薦,0,中國國民黨,0,無黨籍及未經政黨推薦,0,無黨籍及未經政黨推薦,0,民主進步黨,3406,民主進步黨,0,中國國民黨,0,中國國民黨,0,民主進步黨,0,無黨籍及未經政黨推薦,0,中國國民黨,0,中國國民黨,0,台澎黨,0,民主進步黨,0,台澎黨,0,無黨籍及未經政黨推薦,0,民主進步黨,0,民主進步黨,0,民主進步黨,0,民主進步黨,0,民主進步黨,0,中國國民黨,0,民主進步黨,0,民主進步黨,0,民主進步黨,0,無黨籍及未經政黨推薦,0,中國國民黨,0,無黨籍及未經政黨推薦,0,民主進步黨,0,中國國民黨,0,中國國民黨,0,民主進步黨,0,中國國民黨,0,民主進步黨,0,中國國民黨,0,無黨籍及未經政黨推薦,0,中國國民黨,0,無黨籍及未經政黨推薦,0,無黨籍及未經政黨推薦,0,中國國民黨,0,中國國民黨,0,中國國民黨,0,無黨籍及未經政黨推薦,0,民主進步黨,0,民主進步黨,0,中國國民黨,0,無黨籍及未經政黨推薦,0,民主進步黨,0,無黨籍及未經政黨推薦,0,無黨籍及未經政黨推薦,0,無黨籍及未經政黨推薦,0,無黨籍及未經政黨推薦,0,民主進步黨,0,中國國民黨,0,中國國民黨,0,民主進步黨,0,無黨籍及未經政黨推薦,0,民主進步黨,0,無黨籍及未經政黨推薦,0,中國國民黨,0,無黨籍及未經政黨推薦,0,無黨籍及未經政黨推薦,0,民主進步黨,0,中國國民黨,0,無黨籍及未經政黨推薦,0,無黨籍及未經政黨推薦,0,中國國民黨,0,無黨籍及未經政黨推薦,0,無黨籍及未經政黨推薦,0,民主進步黨,0,無黨籍及未經政黨推薦,0,民主進步黨,0,無黨籍及未經政黨推薦,0,無黨籍及未經政黨推薦,0,無黨籍及未經政黨推薦,0,民主進步黨,0,無黨籍及未經政黨推薦,0,無黨籍及未經政黨推薦,0,無黨籍及未經政黨推薦,0,無黨籍及未經政黨推薦,0,中國國民黨,0,無黨籍及未經政黨推薦,0,親民黨,0,無黨籍及未經政黨推薦,0,無黨籍及未經政黨推薦,0,民主進步黨,0,無黨籍及未經政黨推薦,6698,162,6860,0,6860,2384,9244,74.21
福興里,0012,0,民主進步黨,2846,民主進步黨,0,中國國民黨,0,民主進步黨,0,民主進步黨,0,民主進步黨,0,民主進步黨,0,中國國民黨,0,無黨籍及未經政黨推薦,0,中國國民黨,0,無黨籍及未經政黨推薦,0,無黨籍及未經政黨推薦,0,民主進步黨,2454,民主進步黨,0,中國國民黨,0,中國國民黨,0,民主進步黨,0,無黨籍及未經政黨推薦,0,中國國民黨,0,中國國民黨,0,台澎黨,0,民主進步黨,0,台澎黨,0,無黨籍及未經政黨推薦,0,民主進步黨,0,民主進步黨,0,民主進步黨,0,民主進步黨,0,民主進步黨,0,中國國民黨,0,民主進步黨,0,民主進步黨,0,民主進步黨,0,無黨籍及未經政黨推薦,0,中國國民黨,0,無黨籍及未經政黨推薦,0,民主進步黨,0,中國國民黨,0,中國國民黨,0,民主進步黨,0,中國國民黨,0,民主進步黨,0,中國國民黨,0,無黨籍及未經政黨推薦,0,中國國民黨,0,無黨籍及未經政黨推薦,0,無黨籍及未經政黨推薦,0,中國國民黨,0,中國國民黨,0,中國國民黨,0,無黨籍及未經政黨推薦,0,民主進步黨,0,民主進步黨,0,中國國民黨,0,無黨籍及未經政黨推薦,0,民主進步黨,0,無黨籍及未經政黨推薦,0,無黨籍及未經政黨推薦,0,無黨籍及未經政黨推薦,0,無黨籍及未經政黨推薦,0,民主進步黨,0,中國國民黨,0,中國國民黨,0,民主進步黨,0,無黨籍及未經政黨推薦,0,民主進步黨,0,無黨籍及未經政黨推薦,0,中國國民黨,0,無黨籍及未經政黨推薦,0,無黨籍及未經政黨推薦,0,民主進步黨,0,中國國民黨,0,無黨籍及未經政黨推薦,0,無黨籍及未經政黨推薦,0,中國國民黨,0,無黨籍及未經政黨推薦,0,無黨籍及未經政黨推薦,0,民主進步黨,0,無黨籍及未經政黨推薦,0,民主進步黨,0,無黨籍及未經政黨推薦,0,無黨籍及未經政黨推薦,0,無黨籍及未經政黨推薦,0,民主進步黨,0,無黨籍及未經政黨推薦,0,無黨籍及未經政黨推薦,0,無黨籍及未經政黨推薦,0,無黨籍及未經政黨推薦,0,中國國民黨,0,無黨籍及未經政黨推薦,0,親民黨,0,無黨籍及未經政黨推薦,0,無黨籍及未經政黨推薦,0,民主進步黨,0,無黨籍及未經政黨推薦,5300,116,5416,0,5416,1668,7084,76.45
晉江里,0013,0,民主進步黨,1240,民主進步黨,0,中國國民黨,0,民主進步黨,0,民主進步黨,0,民主進步黨,0,民主進步黨,0,中國國民黨,0,無黨籍及未經政黨推薦,0,中國國民黨,0,無黨籍及未經政黨推薦,0,無黨籍及未經政黨推薦,0,民主進步黨,1346,民主進步黨,0,中國國民黨,0,中國國民黨,0,民主進步黨,0,無黨籍及未經政黨推薦,0,中國國民黨,0,中國國民黨,0,台澎黨,0,民主進步黨,0,台澎黨,0,無黨籍及未經政黨推薦,0,民主進步黨,0,民主進步黨,0,民主進步黨,0,民主進步黨,0,民主進步黨,0,中國國民黨,0,民主進步黨,0,民主進步黨,0,民主進步黨,0,無黨籍及未經政黨推薦,0,中國國民黨,0,無黨籍及未經政黨推薦,0,民主進步黨,0,中國國民黨,0,中國國民黨,0,民主進步黨,0,中國國民黨,0,民主進步黨,0,中國國民黨,0,無黨籍及未經政黨推薦,0,中國國民黨,0,無黨籍及未經政黨推薦,0,無黨籍及未經政黨推薦,0,中國國民黨,0,中國國民黨,0,中國國民黨,0,無黨籍及未經政黨推薦,0,民主進步黨,0,民主進步黨,0,中國國民黨,0,無黨籍及未經政黨推薦,0,民主進步黨,0,無黨籍及未經政黨推薦,0,無黨籍及未經政黨推薦,0,無黨籍及未經政黨推薦,0,無黨籍及未經政黨推薦,0,民主進步黨,0,中國國民黨,0,中國國民黨,0,民主進步黨,0,無黨籍及未經政黨推薦,0,民主進步黨,0,無黨籍及未經政黨推薦,0,中國國民黨,0,無黨籍及未經政黨推薦,0,無黨籍及未經政黨推薦,0,民主進步黨,0,中國國民黨,0,無黨籍及未經政黨推薦,0,無黨籍及未經政黨推薦,0,中國國民黨,0,無黨籍及未經政黨推薦,0,無黨籍及未經政黨推薦,0,民主進步黨,0,無黨籍及未經政黨推薦,0,民主進步黨,0,無黨籍及未經政黨推薦,0,無黨籍及未經政黨推薦,0,無黨籍及未經政黨推薦,0,民主進步黨,0,無黨籍及未經政黨推薦,0,無黨籍及未經政黨推薦,0,無黨籍及未經政黨推薦,0,無黨籍及未經政黨推薦,0,中國國民黨,0,無黨籍及未經政黨推薦,0,親民黨,0,無黨籍及未經政黨推薦,0,無黨籍及未經政黨推薦,0,民主進步黨,0,無黨籍及未經政黨推薦,2586,38,2624,0,2624,672,3296,79.61
六路里,0014,0,民主進步黨,3560,民主進步黨,0,中國國民黨,0,民主進步黨,0,民主進步黨,0,民主進步黨,0,民主進步黨,0,中國國民黨,0,無黨籍及未經政黨推薦,0,中國國民黨,0,無黨籍及未經政黨推薦,0,無黨籍及未經政黨推薦,0,民主進步黨,3956,民主進步黨,0,中國國民黨,0,中國國民黨,0,民主進步黨,0,無黨籍及未經政黨推薦,0,中國國民黨,0,中國國民黨,0,台澎黨,0,民主進步黨,0,台澎黨,0,無黨籍及未經政黨推薦,0,民主進步黨,0,民主進步黨,0,民主進步黨,0,民主進步黨,0,民主進步黨,0,中國國民黨,0,民主進步黨,0,民主進步黨,0,民主進步黨,0,無黨籍及未經政黨推薦,0,中國國民黨,0,無黨籍及未經政黨推薦,0,民主進步黨,0,中國國民黨,0,中國國民黨,0,民主進步黨,0,中國國民黨,0,民主進步黨,0,中國國民黨,0,無黨籍及未經政黨推薦,0,中國國民黨,0,無黨籍及未經政黨推薦,0,無黨籍及未經政黨推薦,0,中國國民黨,0,中國國民黨,0,中國國民黨,0,無黨籍及未經政黨推薦,0,民主進步黨,0,民主進步黨,0,中國國民黨,0,無黨籍及未經政黨推薦,0,民主進步黨,0,無黨籍及未經政黨推薦,0,無黨籍及未經政黨推薦,0,無黨籍及未經政黨推薦,0,無黨籍及未經政黨推薦,0,民主進步黨,0,中國國民黨,0,中國國民黨,0,民主進步黨,0,無黨籍及未經政黨推薦,0,民主進步黨,0,無黨籍及未經政黨推薦,0,中國國民黨,0,無黨籍及未經政黨推薦,0,無黨籍及未經政黨推薦,0,民主進步黨,0,中國國民黨,0,無黨籍及未經政黨推薦,0,無黨籍及未經政黨推薦,0,中國國民黨,0,無黨籍及未經政黨推薦,0,無黨籍及未經政黨推薦,0,民主進步黨,0,無黨籍及未經政黨推薦,0,民主進步黨,0,無黨籍及未經政黨推薦,0,無黨籍及未經政黨推薦,0,無黨籍及未經政黨推薦,0,民主進步黨,0,無黨籍及未經政黨推薦,0,無黨籍及未經政黨推薦,0,無黨籍及未經政黨推薦,0,無黨籍及未經政黨推薦,0,中國國民黨,0,無黨籍及未經政黨推薦,0,親民黨,0,無黨籍及未經政黨推薦,0,無黨籍及未經政黨推薦,0,民主進步黨,0,無黨籍及未經政黨推薦,7516,168,7684,0,7684,2170,9854,77.98
南勢里,0015,0,民主進步黨,2580,民主進步黨,0,中國國民黨,0,民主進步黨,0,民主進步黨,0,民主進步黨,0,民主進步黨,0,中國國民黨,0,無黨籍及未經政黨推薦,0,中國國民黨,0,無黨籍及未經政黨推薦,0,無黨籍及未經政黨推薦,0,民主進步黨,2260,民主進步黨,0,中國國民黨,0,中國國民黨,0,民主進步黨,0,無黨籍及未經政黨推薦,0,中國國民黨,0,中國國民黨,0,台澎黨,0,民主進步黨,0,台澎黨,0,無黨籍及未經政黨推薦,0,民主進步黨,0,民主進步黨,0,民主進步黨,0,民主進步黨,0,民主進步黨,0,中國國民黨,0,民主進步黨,0,民主進步黨,0,民主進步黨,0,無黨籍及未經政黨推薦,0,中國國民黨,0,無黨籍及未經政黨推薦,0,民主進步黨,0,中國國民黨,0,中國國民黨,0,民主進步黨,0,中國國民黨,0,民主進步黨,0,中國國民黨,0,無黨籍及未經政黨推薦,0,中國國民黨,0,無黨籍及未經政黨推薦,0,無黨籍及未經政黨推薦,0,中國國民黨,0,中國國民黨,0,中國國民黨,0,無黨籍及未經政黨推薦,0,民主進步黨,0,民主進步黨,0,中國國民黨,0,無黨籍及未經政黨推薦,0,民主進步黨,0,無黨籍及未經政黨推薦,0,無黨籍及未經政黨推薦,0,無黨籍及未經政黨推薦,0,無黨籍及未經政黨推薦,0,民主進步黨,0,中國國民黨,0,中國國民黨,0,民主進步黨,0,無黨籍及未經政黨推薦,0,民主進步黨,0,無黨籍及未經政黨推薦,0,中國國民黨,0,無黨籍及未經政黨推薦,0,無黨籍及未經政黨推薦,0,民主進步黨,0,中國國民黨,0,無黨籍及未經政黨推薦,0,無黨籍及未經政黨推薦,0,中國國民黨,0,無黨籍及未經政黨推薦,0,無黨籍及未經政黨推薦,0,民主進步黨,0,無黨籍及未經政黨推薦,0,民主進步黨,0,無黨籍及未經政黨推薦,0,無黨籍及未經政黨推薦,0,無黨籍及未經政黨推薦,0,民主進步黨,0,無黨籍及未經政黨推薦,0,無黨籍及未經政黨推薦,0,無黨籍及未經政黨推薦,0,無黨籍及未經政黨推薦,0,中國國民黨,0,無黨籍及未經政黨推薦,0,親民黨,0,無黨籍及未經政黨推薦,0,無黨籍及未經政黨推薦,0,民主進步黨,0,無黨籍及未經政黨推薦,4840,94,4934,0,4934,1466,6400,77.09
埔子里,0016,0,民主進步黨,4546,民主進步黨,0,中國國民黨,0,民主進步黨,0,民主進步黨,0,民主進步黨,0,民主進步黨,0,中國國民黨,0,無黨籍及未經政黨推薦,0,中國國民黨,0,無黨籍及未經政黨推薦,0,無黨籍及未經政黨推薦,0,民主進步黨,3528,民主進步黨,0,中國國民黨,0,中國國民黨,0,民主進步黨,0,無黨籍及未經政黨推薦,0,中國國民黨,0,中國國民黨,0,台澎黨,0,民主進步黨,0,台澎黨,0,無黨籍及未經政黨推薦,0,民主進步黨,0,民主進步黨,0,民主進步黨,0,民主進步黨,0,民主進步黨,0,中國國民黨,0,民主進步黨,0,民主進步黨,0,民主進步黨,0,無黨籍及未經政黨推薦,0,中國國民黨,0,無黨籍及未經政黨推薦,0,民主進步黨,0,中國國民黨,0,中國國民黨,0,民主進步黨,0,中國國民黨,0,民主進步黨,0,中國國民黨,0,無黨籍及未經政黨推薦,0,中國國民黨,0,無黨籍及未經政黨推薦,0,無黨籍及未經政黨推薦,0,中國國民黨,0,中國國民黨,0,中國國民黨,0,無黨籍及未經政黨推薦,0,民主進步黨,0,民主進步黨,0,中國國民黨,0,無黨籍及未經政黨推薦,0,民主進步黨,0,無黨籍及未經政黨推薦,0,無黨籍及未經政黨推薦,0,無黨籍及未經政黨推薦,0,無黨籍及未經政黨推薦,0,民主進步黨,0,中國國民黨,0,中國國民黨,0,民主進步黨,0,無黨籍及未經政黨推薦,0,民主進步黨,0,無黨籍及未經政黨推薦,0,中國國民黨,0,無黨籍及未經政黨推薦,0,無黨籍及未經政黨推薦,0,民主進步黨,0,中國國民黨,0,無黨籍及未經政黨推薦,0,無黨籍及未經政黨推薦,0,中國國民黨,0,無黨籍及未經政黨推薦,0,無黨籍及未經政黨推薦,0,民主進步黨,0,無黨籍及未經政黨推薦,0,民主進步黨,0,無黨籍及未經政黨推薦,0,無黨籍及未經政黨推薦,0,無黨籍及未經政黨推薦,0,民主進步黨,0,無黨籍及未經政黨推薦,0,無黨籍及未經政黨推薦,0,無黨籍及未經政黨推薦,0,無黨籍及未經政黨推薦,0,中國國民黨,0,無黨籍及未經政黨推薦,0,親民黨,0,無黨籍及未經政黨推薦,0,無黨籍及未經政黨推薦,0,民主進步黨,0,無黨籍及未經政黨推薦,8074,170,8244,0,8244,2184,10428,79.06
公明里,0017,0,民主進步黨,3550,民主進步黨,0,中國國民黨,0,民主進步黨,0,民主進步黨,0,民主進步黨,0,民主進步黨,0,中國國民黨,0,無黨籍及未經政黨推薦,0,中國國民黨,0,無黨籍及未經政黨推薦,0,無黨籍及未經政黨推薦,0,民主進步黨,2568,民主進步黨,0,中國國民黨,0,中國國民黨,0,民主進步黨,0,無黨籍及未經政黨推薦,0,中國國民黨,0,中國國民黨,0,台澎黨,0,民主進步黨,0,台澎黨,0,無黨籍及未經政黨推薦,0,民主進步黨,0,民主進步黨,0,民主進步黨,0,民主進步黨,0,民主進步黨,0,中國國民黨,0,民主進步黨,0,民主進步黨,0,民主進步黨,0,無黨籍及未經政黨推薦,0,中國國民黨,0,無黨籍及未經政黨推薦,0,民主進步黨,0,中國國民黨,0,中國國民黨,0,民主進步黨,0,中國國民黨,0,民主進步黨,0,中國國民黨,0,無黨籍及未經政黨推薦,0,中國國民黨,0,無黨籍及未經政黨推薦,0,無黨籍及未經政黨推薦,0,中國國民黨,0,中國國民黨,0,中國國民黨,0,無黨籍及未經政黨推薦,0,民主進步黨,0,民主進步黨,0,中國國民黨,0,無黨籍及未經政黨推薦,0,民主進步黨,0,無黨籍及未經政黨推薦,0,無黨籍及未經政黨推薦,0,無黨籍及未經政黨推薦,0,無黨籍及未經政黨推薦,0,民主進步黨,0,中國國民黨,0,中國國民黨,0,民主進步黨,0,無黨籍及未經政黨推薦,0,民主進步黨,0,無黨籍及未經政黨推薦,0,中國國民黨,0,無黨籍及未經政黨推薦,0,無黨籍及未經政黨推薦,0,民主進步黨,0,中國國民黨,0,無黨籍及未經政黨推薦,0,無黨籍及未經政黨推薦,0,中國國民黨,0,無黨籍及未經政黨推薦,0,無黨籍及未經政黨推薦,0,民主進步黨,0,無黨籍及未經政黨推薦,0,民主進步黨,0,無黨籍及未經政黨推薦,0,無黨籍及未經政黨推薦,0,無黨籍及未經政黨推薦,0,民主進步黨,0,無黨籍及未經政黨推薦,0,無黨籍及未經政黨推薦,0,無黨籍及未經政黨推薦,0,無黨籍及未經政黨推薦,0,中國國民黨,0,無黨籍及未經政黨推薦,0,親民黨,0,無黨籍及未經政黨推薦,0,無黨籍及未經政黨推薦,0,民主進步黨,0,無黨籍及未經政黨推薦,6118,106,6224,0,6224,1950,8174,76.14
清泉里,0018,0,民主進步黨,1792,民主進步黨,0,中國國民黨,0,民主進步黨,0,民主進步黨,0,民主進步黨,0,民主進步黨,0,中國國民黨,0,無黨籍及未經政黨推薦,0,中國國民黨,0,無黨籍及未經政黨推薦,0,無黨籍及未經政黨推薦,0,民主進步黨,1500,民主進步黨,0,中國國民黨,0,中國國民黨,0,民主進步黨,0,無黨籍及未經政黨推薦,0,中國國民黨,0,中國國民黨,0,台澎黨,0,民主進步黨,0,台澎黨,0,無黨籍及未經政黨推薦,0,民主進步黨,0,民主進步黨,0,民主進步黨,0,民主進步黨,0,民主進步黨,0,中國國民黨,0,民主進步黨,0,民主進步黨,0,民主進步黨,0,無黨籍及未經政黨推薦,0,中國國民黨,0,無黨籍及未經政黨推薦,0,民主進步黨,0,中國國民黨,0,中國國民黨,0,民主進步黨,0,中國國民黨,0,民主進步黨,0,中國國民黨,0,無黨籍及未經政黨推薦,0,中國國民黨,0,無黨籍及未經政黨推薦,0,無黨籍及未經政黨推薦,0,中國國民黨,0,中國國民黨,0,中國國民黨,0,無黨籍及未經政黨推薦,0,民主進步黨,0,民主進步黨,0,中國國民黨,0,無黨籍及未經政黨推薦,0,民主進步黨,0,無黨籍及未經政黨推薦,0,無黨籍及未經政黨推薦,0,無黨籍及未經政黨推薦,0,無黨籍及未經政黨推薦,0,民主進步黨,0,中國國民黨,0,中國國民黨,0,民主進步黨,0,無黨籍及未經政黨推薦,0,民主進步黨,0,無黨籍及未經政黨推薦,0,中國國民黨,0,無黨籍及未經政黨推薦,0,無黨籍及未經政黨推薦,0,民主進步黨,0,中國國民黨,0,無黨籍及未經政黨推薦,0,無黨籍及未經政黨推薦,0,中國國民黨,0,無黨籍及未經政黨推薦,0,無黨籍及未經政黨推薦,0,民主進步黨,0,無黨籍及未經政黨推薦,0,民主進步黨,0,無黨籍及未經政黨推薦,0,無黨籍及未經政黨推薦,0,無黨籍及未經政黨推薦,0,民主進步黨,0,無黨籍及未經政黨推薦,0,無黨籍及未經政黨推薦,0,無黨籍及未經政黨推薦,0,無黨籍及未經政黨推薦,0,中國國民黨,0,無黨籍及未經政黨推薦,0,親民黨,0,無黨籍及未經政黨推薦,0,無黨籍及未經政黨推薦,0,民主進步黨,0,無黨籍及未經政黨推薦,3292,82,3374,0,3374,1004,4378,77.07
西勢里,0019,0,民主進步黨,1646,民主進步黨,0,中國國民黨,0,民主進步黨,0,民主進步黨,0,民主進步黨,0,民主進步黨,0,中國國民黨,0,無黨籍及未經政黨推薦,0,中國國民黨,0,無黨籍及未經政黨推薦,0,無黨籍及未經政黨推薦,0,民主進步黨,1420,民主進步黨,0,中國國民黨,0,中國國民黨,0,民主進步黨,0,無黨籍及未經政黨推薦,0,中國國民黨,0,中國國民黨,0,台澎黨,0,民主進步黨,0,台澎黨,0,無黨籍及未經政黨推薦,0,民主進步黨,0,民主進步黨,0,民主進步黨,0,民主進步黨,0,民主進步黨,0,中國國民黨,0,民主進步黨,0,民主進步黨,0,民主進步黨,0,無黨籍及未經政黨推薦,0,中國國民黨,0,無黨籍及未經政黨推薦,0,民主進步黨,0,中國國民黨,0,中國國民黨,0,民主進步黨,0,中國國民黨,0,民主進步黨,0,中國國民黨,0,無黨籍及未經政黨推薦,0,中國國民黨,0,無黨籍及未經政黨推薦,0,無黨籍及未經政黨推薦,0,中國國民黨,0,中國國民黨,0,中國國民黨,0,無黨籍及未經政黨推薦,0,民主進步黨,0,民主進步黨,0,中國國民黨,0,無黨籍及未經政黨推薦,0,民主進步黨,0,無黨籍及未經政黨推薦,0,無黨籍及未經政黨推薦,0,無黨籍及未經政黨推薦,0,無黨籍及未經政黨推薦,0,民主進步黨,0,中國國民黨,0,中國國民黨,0,民主進步黨,0,無黨籍及未經政黨推薦,0,民主進步黨,0,無黨籍及未經政黨推薦,0,中國國民黨,0,無黨籍及未經政黨推薦,0,無黨籍及未經政黨推薦,0,民主進步黨,0,中國國民黨,0,無黨籍及未經政黨推薦,0,無黨籍及未經政黨推薦,0,中國國民黨,0,無黨籍及未經政黨推薦,0,無黨籍及未經政黨推薦,0,民主進步黨,0,無黨籍及未經政黨推薦,0,民主進步黨,0,無黨籍及未經政黨推薦,0,無黨籍及未經政黨推薦,0,無黨籍及未經政黨推薦,0,民主進步黨,0,無黨籍及未經政黨推薦,0,無黨籍及未經政黨推薦,0,無黨籍及未經政黨推薦,0,無黨籍及未經政黨推薦,0,中國國民黨,0,無黨籍及未經政黨推薦,0,親民黨,0,無黨籍及未經政黨推薦,0,無黨籍及未經政黨推薦,0,民主進步黨,0,無黨籍及未經政黨推薦,3066,82,3148,0,3148,908,4056,77.61
興安里,0020,0,民主進步黨,2162,民主進步黨,0,中國國民黨,0,民主進步黨,0,民主進步黨,0,民主進步黨,0,民主進步黨,0,中國國民黨,0,無黨籍及未經政黨推薦,0,中國國民黨,0,無黨籍及未經政黨推薦,0,無黨籍及未經政黨推薦,0,民主進步黨,2862,民主進步黨,0,中國國民黨,0,中國國民黨,0,民主進步黨,0,無黨籍及未經政黨推薦,0,中國國民黨,0,中國國民黨,0,台澎黨,0,民主進步黨,0,台澎黨,0,無黨籍及未經政黨推薦,0,民主進步黨,0,民主進步黨,0,民主進步黨,0,民主進步黨,0,民主進步黨,0,中國國民黨,0,民主進步黨,0,民主進步黨,0,民主進步黨,0,無黨籍及未經政黨推薦,0,中國國民黨,0,無黨籍及未經政黨推薦,0,民主進步黨,0,中國國民黨,0,中國國民黨,0,民主進步黨,0,中國國民黨,0,民主進步黨,0,中國國民黨,0,無黨籍及未經政黨推薦,0,中國國民黨,0,無黨籍及未經政黨推薦,0,無黨籍及未經政黨推薦,0,中國國民黨,0,中國國民黨,0,中國國民黨,0,無黨籍及未經政黨推薦,0,民主進步黨,0,民主進步黨,0,中國國民黨,0,無黨籍及未經政黨推薦,0,民主進步黨,0,無黨籍及未經政黨推薦,0,無黨籍及未經政黨推薦,0,無黨籍及未經政黨推薦,0,無黨籍及未經政黨推薦,0,民主進步黨,0,中國國民黨,0,中國國民黨,0,民主進步黨,0,無黨籍及未經政黨推薦,0,民主進步黨,0,無黨籍及未經政黨推薦,0,中國國民黨,0,無黨籍及未經政黨推薦,0,無黨籍及未經政黨推薦,0,民主進步黨,0,中國國民黨,0,無黨籍及未經政黨推薦,0,無黨籍及未經政黨推薦,0,中國國民黨,0,無黨籍及未經政黨推薦,0,無黨籍及未經政黨推薦,0,民主進步黨,0,無黨籍及未經政黨推薦,0,民主進步黨,0,無黨籍及未經政黨推薦,0,無黨籍及未經政黨推薦,0,無黨籍及未經政黨推薦,0,民主進步黨,0,無黨籍及未經政黨推薦,0,無黨籍及未經政黨推薦,0,無黨籍及未經政黨推薦,0,無黨籍及未經政黨推薦,0,中國國民黨,0,無黨籍及未經政黨推薦,0,親民黨,0,無黨籍及未經政黨推薦,0,無黨籍及未經政黨推薦,0,民主進步黨,0,無黨籍及未經政黨推薦,5024,106,5130,0,5130,1384,6514,78.75
三鹿里,0021,0,民主進步黨,5470,民主進步黨,0,中國國民黨,0,民主進步黨,0,民主進步黨,0,民主進步黨,0,民主進步黨,0,中國國民黨,0,無黨籍及未經政黨推薦,0,中國國民黨,0,無黨籍及未經政黨推薦,0,無黨籍及未經政黨推薦,0,民主進步黨,4488,民主進步黨,0,中國國民黨,0,中國國民黨,0,民主進步黨,0,無黨籍及未經政黨推薦,0,中國國民黨,0,中國國民黨,0,台澎黨,0,民主進步黨,0,台澎黨,0,無黨籍及未經政黨推薦,0,民主進步黨,0,民主進步黨,0,民主進步黨,0,民主進步黨,0,民主進步黨,0,中國國民黨,0,民主進步黨,0,民主進步黨,0,民主進步黨,0,無黨籍及未經政黨推薦,0,中國國民黨,0,無黨籍及未經政黨推薦,0,民主進步黨,0,中國國民黨,0,中國國民黨,0,民主進步黨,0,中國國民黨,0,民主進步黨,0,中國國民黨,0,無黨籍及未經政黨推薦,0,中國國民黨,0,無黨籍及未經政黨推薦,0,無黨籍及未經政黨推薦,0,中國國民黨,0,中國國民黨,0,中國國民黨,0,無黨籍及未經政黨推薦,0,民主進步黨,0,民主進步黨,0,中國國民黨,0,無黨籍及未經政黨推薦,0,民主進步黨,0,無黨籍及未經政黨推薦,0,無黨籍及未經政黨推薦,0,無黨籍及未經政黨推薦,0,無黨籍及未經政黨推薦,0,民主進步黨,0,中國國民黨,0,中國國民黨,0,民主進步黨,0,無黨籍及未經政黨推薦,0,民主進步黨,0,無黨籍及未經政黨推薦,0,中國國民黨,0,無黨籍及未經政黨推薦,0,無黨籍及未經政黨推薦,0,民主進步黨,0,中國國民黨,0,無黨籍及未經政黨推薦,0,無黨籍及未經政黨推薦,0,中國國民黨,0,無黨籍及未經政黨推薦,0,無黨籍及未經政黨推薦,0,民主進步黨,0,無黨籍及未經政黨推薦,0,民主進步黨,0,無黨籍及未經政黨推薦,0,無黨籍及未經政黨推薦,0,無黨籍及未經政黨推薦,0,民主進步黨,0,無黨籍及未經政黨推薦,0,無黨籍及未經政黨推薦,0,無黨籍及未經政黨推薦,0,無黨籍及未經政黨推薦,0,中國國民黨,0,無黨籍及未經政黨推薦,0,親民黨,0,無黨籍及未經政黨推薦,0,無黨籍及未經政黨推薦,0,民主進步黨,0,無黨籍及未經政黨推薦,9958,192,10150,0,10150,2968,13118,77.37
烏日里,0001,0,民主進步黨,5468,民主進步黨,0,中國國民黨,0,民主進步黨,0,民主進步黨,0,民主進步黨,0,民主進步黨,0,中國國民黨,0,無黨籍及未經政黨推薦,0,中國國民黨,0,無黨籍及未經政黨推薦,0,無黨籍及未經政黨推薦,0,民主進步黨,7180,民主進步黨,0,中國國民黨,0,中國國民黨,0,民主進步黨,0,無黨籍及未經政黨推薦,0,中國國民黨,0,中國國民黨,0,台澎黨,0,民主進步黨,0,台澎黨,0,無黨籍及未經政黨推薦,0,民主進步黨,0,民主進步黨,0,民主進步黨,0,民主進步黨,0,民主進步黨,0,中國國民黨,0,民主進步黨,0,民主進步黨,0,民主進步黨,0,無黨籍及未經政黨推薦,0,中國國民黨,0,無黨籍及未經政黨推薦,0,民主進步黨,0,中國國民黨,0,中國國民黨,0,民主進步黨,0,中國國民黨,0,民主進步黨,0,中國國民黨,0,無黨籍及未經政黨推薦,0,中國國民黨,0,無黨籍及未經政黨推薦,0,無黨籍及未經政黨推薦,0,中國國民黨,0,中國國民黨,0,中國國民黨,0,無黨籍及未經政黨推薦,0,民主進步黨,0,民主進步黨,0,中國國民黨,0,無黨籍及未經政黨推薦,0,民主進步黨,0,無黨籍及未經政黨推薦,0,無黨籍及未經政黨推薦,0,無黨籍及未經政黨推薦,0,無黨籍及未經政黨推薦,0,民主進步黨,0,中國國民黨,0,中國國民黨,0,民主進步黨,0,無黨籍及未經政黨推薦,0,民主進步黨,0,無黨籍及未經政黨推薦,0,中國國民黨,0,無黨籍及未經政黨推薦,0,無黨籍及未經政黨推薦,0,民主進步黨,0,中國國民黨,0,無黨籍及未經政黨推薦,0,無黨籍及未經政黨推薦,0,中國國民黨,0,無黨籍及未經政黨推薦,0,無黨籍及未經政黨推薦,0,民主進步黨,0,無黨籍及未經政黨推薦,0,民主進步黨,0,無黨籍及未經政黨推薦,0,無黨籍及未經政黨推薦,0,無黨籍及未經政黨推薦,0,民主進步黨,0,無黨籍及未經政黨推薦,0,無黨籍及未經政黨推薦,0,無黨籍及未經政黨推薦,0,無黨籍及未經政黨推薦,0,中國國民黨,0,無黨籍及未經政黨推薦,0,親民黨,0,無黨籍及未經政黨推薦,0,無黨籍及未經政黨推薦,0,民主進步黨,0,無黨籍及未經政黨推薦,12648,236,12884,0,12884,3536,16420,78.47
湖日里,0002,0,民主進步黨,1596,民主進步黨,0,中國國民黨,0,民主進步黨,0,民主進步黨,0,民主進步黨,0,民主進步黨,0,中國國民黨,0,無黨籍及未經政黨推薦,0,中國國民黨,0,無黨籍及未經政黨推薦,0,無黨籍及未經政黨推薦,0,民主進步黨,2048,民主進步黨,0,中國國民黨,0,中國國民黨,0,民主進步黨,0,無黨籍及未經政黨推薦,0,中國國民黨,0,中國國民黨,0,台澎黨,0,民主進步黨,0,台澎黨,0,無黨籍及未經政黨推薦,0,民主進步黨,0,民主進步黨,0,民主進步黨,0,民主進步黨,0,民主進步黨,0,中國國民黨,0,民主進步黨,0,民主進步黨,0,民主進步黨,0,無黨籍及未經政黨推薦,0,中國國民黨,0,無黨籍及未經政黨推薦,0,民主進步黨,0,中國國民黨,0,中國國民黨,0,民主進步黨,0,中國國民黨,0,民主進步黨,0,中國國民黨,0,無黨籍及未經政黨推薦,0,中國國民黨,0,無黨籍及未經政黨推薦,0,無黨籍及未經政黨推薦,0,中國國民黨,0,中國國民黨,0,中國國民黨,0,無黨籍及未經政黨推薦,0,民主進步黨,0,民主進步黨,0,中國國民黨,0,無黨籍及未經政黨推薦,0,民主進步黨,0,無黨籍及未經政黨推薦,0,無黨籍及未經政黨推薦,0,無黨籍及未經政黨推薦,0,無黨籍及未經政黨推薦,0,民主進步黨,0,中國國民黨,0,中國國民黨,0,民主進步黨,0,無黨籍及未經政黨推薦,0,民主進步黨,0,無黨籍及未經政黨推薦,0,中國國民黨,0,無黨籍及未經政黨推薦,0,無黨籍及未經政黨推薦,0,民主進步黨,0,中國國民黨,0,無黨籍及未經政黨推薦,0,無黨籍及未經政黨推薦,0,中國國民黨,0,無黨籍及未經政黨推薦,0,無黨籍及未經政黨推薦,0,民主進步黨,0,無黨籍及未經政黨推薦,0,民主進步黨,0,無黨籍及未經政黨推薦,0,無黨籍及未經政黨推薦,0,無黨籍及未經政黨推薦,0,民主進步黨,0,無黨籍及未經政黨推薦,0,無黨籍及未經政黨推薦,0,無黨籍及未經政黨推薦,0,無黨籍及未經政黨推薦,0,中國國民黨,0,無黨籍及未經政黨推薦,0,親民黨,0,無黨籍及未經政黨推薦,0,無黨籍及未經政黨推薦,0,民主進步黨,0,無黨籍及未經政黨推薦,3644,40,3684,0,3684,1178,4862,75.77
三和里,0003,0,民主進步黨,3332,民主進步黨,0,中國國民黨,0,民主進步黨,0,民主進步黨,0,民主進步黨,0,民主進步黨,0,中國國民黨,0,無黨籍及未經政黨推薦,0,中國國民黨,0,無黨籍及未經政黨推薦,0,無黨籍及未經政黨推薦,0,民主進步黨,3450,民主進步黨,0,中國國民黨,0,中國國民黨,0,民主進步黨,0,無黨籍及未經政黨推薦,0,中國國民黨,0,中國國民黨,0,台澎黨,0,民主進步黨,0,台澎黨,0,無黨籍及未經政黨推薦,0,民主進步黨,0,民主進步黨,0,民主進步黨,0,民主進步黨,0,民主進步黨,0,中國國民黨,0,民主進步黨,0,民主進步黨,0,民主進步黨,0,無黨籍及未經政黨推薦,0,中國國民黨,0,無黨籍及未經政黨推薦,0,民主進步黨,0,中國國民黨,0,中國國民黨,0,民主進步黨,0,中國國民黨,0,民主進步黨,0,中國國民黨,0,無黨籍及未經政黨推薦,0,中國國民黨,0,無黨籍及未經政黨推薦,0,無黨籍及未經政黨推薦,0,中國國民黨,0,中國國民黨,0,中國國民黨,0,無黨籍及未經政黨推薦,0,民主進步黨,0,民主進步黨,0,中國國民黨,0,無黨籍及未經政黨推薦,0,民主進步黨,0,無黨籍及未經政黨推薦,0,無黨籍及未經政黨推薦,0,無黨籍及未經政黨推薦,0,無黨籍及未經政黨推薦,0,民主進步黨,0,中國國民黨,0,中國國民黨,0,民主進步黨,0,無黨籍及未經政黨推薦,0,民主進步黨,0,無黨籍及未經政黨推薦,0,中國國民黨,0,無黨籍及未經政黨推薦,0,無黨籍及未經政黨推薦,0,民主進步黨,0,中國國民黨,0,無黨籍及未經政黨推薦,0,無黨籍及未經政黨推薦,0,中國國民黨,0,無黨籍及未經政黨推薦,0,無黨籍及未經政黨推薦,0,民主進步黨,0,無黨籍及未經政黨推薦,0,民主進步黨,0,無黨籍及未經政黨推薦,0,無黨籍及未經政黨推薦,0,無黨籍及未經政黨推薦,0,民主進步黨,0,無黨籍及未經政黨推薦,0,無黨籍及未經政黨推薦,0,無黨籍及未經政黨推薦,0,無黨籍及未經政黨推薦,0,中國國民黨,0,無黨籍及未經政黨推薦,0,親民黨,0,無黨籍及未經政黨推薦,0,無黨籍及未經政黨推薦,0,民主進步黨,0,無黨籍及未經政黨推薦,6782,126,6908,0,6908,2302,9210,75.01
榮泉里,0004,0,民主進步黨,3768,民主進步黨,0,中國國民黨,0,民主進步黨,0,民主進步黨,0,民主進步黨,0,民主進步黨,0,中國國民黨,0,無黨籍及未經政黨推薦,0,中國國民黨,0,無黨籍及未經政黨推薦,0,無黨籍及未經政黨推薦,0,民主進步黨,3718,民主進步黨,0,中國國民黨,0,中國國民黨,0,民主進步黨,0,無黨籍及未經政黨推薦,0,中國國民黨,0,中國國民黨,0,台澎黨,0,民主進步黨,0,台澎黨,0,無黨籍及未經政黨推薦,0,民主進步黨,0,民主進步黨,0,民主進步黨,0,民主進步黨,0,民主進步黨,0,中國國民黨,0,民主進步黨,0,民主進步黨,0,民主進步黨,0,無黨籍及未經政黨推薦,0,中國國民黨,0,無黨籍及未經政黨推薦,0,民主進步黨,0,中國國民黨,0,中國國民黨,0,民主進步黨,0,中國國民黨,0,民主進步黨,0,中國國民黨,0,無黨籍及未經政黨推薦,0,中國國民黨,0,無黨籍及未經政黨推薦,0,無黨籍及未經政黨推薦,0,中國國民黨,0,中國國民黨,0,中國國民黨,0,無黨籍及未經政黨推薦,0,民主進步黨,0,民主進步黨,0,中國國民黨,0,無黨籍及未經政黨推薦,0,民主進步黨,0,無黨籍及未經政黨推薦,0,無黨籍及未經政黨推薦,0,無黨籍及未經政黨推薦,0,無黨籍及未經政黨推薦,0,民主進步黨,0,中國國民黨,0,中國國民黨,0,民主進步黨,0,無黨籍及未經政黨推薦,0,民主進步黨,0,無黨籍及未經政黨推薦,0,中國國民黨,0,無黨籍及未經政黨推薦,0,無黨籍及未經政黨推薦,0,民主進步黨,0,中國國民黨,0,無黨籍及未經政黨推薦,0,無黨籍及未經政黨推薦,0,中國國民黨,0,無黨籍及未經政黨推薦,0,無黨籍及未經政黨推薦,0,民主進步黨,0,無黨籍及未經政黨推薦,0,民主進步黨,0,無黨籍及未經政黨推薦,0,無黨籍及未經政黨推薦,0,無黨籍及未經政黨推薦,0,民主進步黨,0,無黨籍及未經政黨推薦,0,無黨籍及未經政黨推薦,0,無黨籍及未經政黨推薦,0,無黨籍及未經政黨推薦,0,中國國民黨,0,無黨籍及未經政黨推薦,0,親民黨,0,無黨籍及未經政黨推薦,0,無黨籍及未經政黨推薦,0,民主進步黨,0,無黨籍及未經政黨推薦,7486,102,7588,0,7588,2332,9920,76.49
學田里,0005,0,民主進步黨,1858,民主進步黨,0,中國國民黨,0,民主進步黨,0,民主進步黨,0,民主進步黨,0,民主進步黨,0,中國國民黨,0,無黨籍及未經政黨推薦,0,中國國民黨,0,無黨籍及未經政黨推薦,0,無黨籍及未經政黨推薦,0,民主進步黨,1900,民主進步黨,0,中國國民黨,0,中國國民黨,0,民主進步黨,0,無黨籍及未經政黨推薦,0,中國國民黨,0,中國國民黨,0,台澎黨,0,民主進步黨,0,台澎黨,0,無黨籍及未經政黨推薦,0,民主進步黨,0,民主進步黨,0,民主進步黨,0,民主進步黨,0,民主進步黨,0,中國國民黨,0,民主進步黨,0,民主進步黨,0,民主進步黨,0,無黨籍及未經政黨推薦,0,中國國民黨,0,無黨籍及未經政黨推薦,0,民主進步黨,0,中國國民黨,0,中國國民黨,0,民主進步黨,0,中國國民黨,0,民主進步黨,0,中國國民黨,0,無黨籍及未經政黨推薦,0,中國國民黨,0,無黨籍及未經政黨推薦,0,無黨籍及未經政黨推薦,0,中國國民黨,0,中國國民黨,0,中國國民黨,0,無黨籍及未經政黨推薦,0,民主進步黨,0,民主進步黨,0,中國國民黨,0,無黨籍及未經政黨推薦,0,民主進步黨,0,無黨籍及未經政黨推薦,0,無黨籍及未經政黨推薦,0,無黨籍及未經政黨推薦,0,無黨籍及未經政黨推薦,0,民主進步黨,0,中國國民黨,0,中國國民黨,0,民主進步黨,0,無黨籍及未經政黨推薦,0,民主進步黨,0,無黨籍及未經政黨推薦,0,中國國民黨,0,無黨籍及未經政黨推薦,0,無黨籍及未經政黨推薦,0,民主進步黨,0,中國國民黨,0,無黨籍及未經政黨推薦,0,無黨籍及未經政黨推薦,0,中國國民黨,0,無黨籍及未經政黨推薦,0,無黨籍及未經政黨推薦,0,民主進步黨,0,無黨籍及未經政黨推薦,0,民主進步黨,0,無黨籍及未經政黨推薦,0,無黨籍及未經政黨推薦,0,無黨籍及未經政黨推薦,0,民主進步黨,0,無黨籍及未經政黨推薦,0,無黨籍及未經政黨推薦,0,無黨籍及未經政黨推薦,0,無黨籍及未經政黨推薦,0,中國國民黨,0,無黨籍及未經政黨推薦,0,親民黨,0,無黨籍及未經政黨推薦,0,無黨籍及未經政黨推薦,0,民主進步黨,0,無黨籍及未經政黨推薦,3758,40,3798,0,3798,1210,5008,75.84
九德里,0006,0,民主進步黨,8528,民主進步黨,0,中國國民黨,0,民主進步黨,0,民主進步黨,0,民主進步黨,0,民主進步黨,0,中國國民黨,0,無黨籍及未經政黨推薦,0,中國國民黨,0,無黨籍及未經政黨推薦,0,無黨籍及未經政黨推薦,0,民主進步黨,10344,民主進步黨,0,中國國民黨,0,中國國民黨,0,民主進步黨,0,無黨籍及未經政黨推薦,0,中國國民黨,0,中國國民黨,0,台澎黨,0,民主進步黨,0,台澎黨,0,無黨籍及未經政黨推薦,0,民主進步黨,0,民主進步黨,0,民主進步黨,0,民主進步黨,0,民主進步黨,0,中國國民黨,0,民主進步黨,0,民主進步黨,0,民主進步黨,0,無黨籍及未經政黨推薦,0,中國國民黨,0,無黨籍及未經政黨推薦,0,民主進步黨,0,中國國民黨,0,中國國民黨,0,民主進步黨,0,中國國民黨,0,民主進步黨,0,中國國民黨,0,無黨籍及未經政黨推薦,0,中國國民黨,0,無黨籍及未經政黨推薦,0,無黨籍及未經政黨推薦,0,中國國民黨,0,中國國民黨,0,中國國民黨,0,無黨籍及未經政黨推薦,0,民主進步黨,0,民主進步黨,0,中國國民黨,0,無黨籍及未經政黨推薦,0,民主進步黨,0,無黨籍及未經政黨推薦,0,無黨籍及未經政黨推薦,0,無黨籍及未經政黨推薦,0,無黨籍及未經政黨推薦,0,民主進步黨,0,中國國民黨,0,中國國民黨,0,民主進步黨,0,無黨籍及未經政黨推薦,0,民主進步黨,0,無黨籍及未經政黨推薦,0,中國國民黨,0,無黨籍及未經政黨推薦,0,無黨籍及未經政黨推薦,0,民主進步黨,0,中國國民黨,0,無黨籍及未經政黨推薦,0,無黨籍及未經政黨推薦,0,中國國民黨,0,無黨籍及未經政黨推薦,0,無黨籍及未經政黨推薦,0,民主進步黨,0,無黨籍及未經政黨推薦,0,民主進步黨,0,無黨籍及未經政黨推薦,0,無黨籍及未經政黨推薦,0,無黨籍及未經政黨推薦,0,民主進步黨,0,無黨籍及未經政黨推薦,0,無黨籍及未經政黨推薦,0,無黨籍及未經政黨推薦,0,無黨籍及未經政黨推薦,0,中國國民黨,0,無黨籍及未經政黨推薦,0,親民黨,0,無黨籍及未經政黨推薦,0,無黨籍及未經政黨推薦,0,民主進步黨,0,無黨籍及未經政黨推薦,18872,360,19232,0,19232,5378,24610,78.15
仁德里,0007,0,民主進步黨,5086,民主進步黨,0,中國國民黨,0,民主進步黨,0,民主進步黨,0,民主進步黨,0,民主進步黨,0,中國國民黨,0,無黨籍及未經政黨推薦,0,中國國民黨,0,無黨籍及未經政黨推薦,0,無黨籍及未經政黨推薦,0,民主進步黨,5912,民主進步黨,0,中國國民黨,0,中國國民黨,0,民主進步黨,0,無黨籍及未經政黨推薦,0,中國國民黨,0,中國國民黨,0,台澎黨,0,民主進步黨,0,台澎黨,0,無黨籍及未經政黨推薦,0,民主進步黨,0,民主進步黨,0,民主進步黨,0,民主進步黨,0,民主進步黨,0,中國國民黨,0,民主進步黨,0,民主進步黨,0,民主進步黨,0,無黨籍及未經政黨推薦,0,中國國民黨,0,無黨籍及未經政黨推薦,0,民主進步黨,0,中國國民黨,0,中國國民黨,0,民主進步黨,0,中國國民黨,0,民主進步黨,0,中國國民黨,0,無黨籍及未經政黨推薦,0,中國國民黨,0,無黨籍及未經政黨推薦,0,無黨籍及未經政黨推薦,0,中國國民黨,0,中國國民黨,0,中國國民黨,0,無黨籍及未經政黨推薦,0,民主進步黨,0,民主進步黨,0,中國國民黨,0,無黨籍及未經政黨推薦,0,民主進步黨,0,無黨籍及未經政黨推薦,0,無黨籍及未經政黨推薦,0,無黨籍及未經政黨推薦,0,無黨籍及未經政黨推薦,0,民主進步黨,0,中國國民黨,0,中國國民黨,0,民主進步黨,0,無黨籍及未經政黨推薦,0,民主進步黨,0,無黨籍及未經政黨推薦,0,中國國民黨,0,無黨籍及未經政黨推薦,0,無黨籍及未經政黨推薦,0,民主進步黨,0,中國國民黨,0,無黨籍及未經政黨推薦,0,無黨籍及未經政黨推薦,0,中國國民黨,0,無黨籍及未經政黨推薦,0,無黨籍及未經政黨推薦,0,民主進步黨,0,無黨籍及未經政黨推薦,0,民主進步黨,0,無黨籍及未經政黨推薦,0,無黨籍及未經政黨推薦,0,無黨籍及未經政黨推薦,0,民主進步黨,0,無黨籍及未經政黨推薦,0,無黨籍及未經政黨推薦,0,無黨籍及未經政黨推薦,0,無黨籍及未經政黨推薦,0,中國國民黨,0,無黨籍及未經政黨推薦,0,親民黨,0,無黨籍及未經政黨推薦,0,無黨籍及未經政黨推薦,0,民主進步黨,0,無黨籍及未經政黨推薦,10998,168,11166,0,11166,3280,14446,77.29
前竹里,0008,0,民主進步黨,1076,民主進步黨,0,中國國民黨,0,民主進步黨,0,民主進步黨,0,民主進步黨,0,民主進步黨,0,中國國民黨,0,無黨籍及未經政黨推薦,0,中國國民黨,0,無黨籍及未經政黨推薦,0,無黨籍及未經政黨推薦,0,民主進步黨,1508,民主進步黨,0,中國國民黨,0,中國國民黨,0,民主進步黨,0,無黨籍及未經政黨推薦,0,中國國民黨,0,中國國民黨,0,台澎黨,0,民主進步黨,0,台澎黨,0,無黨籍及未經政黨推薦,0,民主進步黨,0,民主進步黨,0,民主進步黨,0,民主進步黨,0,民主進步黨,0,中國國民黨,0,民主進步黨,0,民主進步黨,0,民主進步黨,0,無黨籍及未經政黨推薦,0,中國國民黨,0,無黨籍及未經政黨推薦,0,民主進步黨,0,中國國民黨,0,中國國民黨,0,民主進步黨,0,中國國民黨,0,民主進步黨,0,中國國民黨,0,無黨籍及未經政黨推薦,0,中國國民黨,0,無黨籍及未經政黨推薦,0,無黨籍及未經政黨推薦,0,中國國民黨,0,中國國民黨,0,中國國民黨,0,無黨籍及未經政黨推薦,0,民主進步黨,0,民主進步黨,0,中國國民黨,0,無黨籍及未經政黨推薦,0,民主進步黨,0,無黨籍及未經政黨推薦,0,無黨籍及未經政黨推薦,0,無黨籍及未經政黨推薦,0,無黨籍及未經政黨推薦,0,民主進步黨,0,中國國民黨,0,中國國民黨,0,民主進步黨,0,無黨籍及未經政黨推薦,0,民主進步黨,0,無黨籍及未經政黨推薦,0,中國國民黨,0,無黨籍及未經政黨推薦,0,無黨籍及未經政黨推薦,0,民主進步黨,0,中國國民黨,0,無黨籍及未經政黨推薦,0,無黨籍及未經政黨推薦,0,中國國民黨,0,無黨籍及未經政黨推薦,0,無黨籍及未經政黨推薦,0,民主進步黨,0,無黨籍及未經政黨推薦,0,民主進步黨,0,無黨籍及未經政黨推薦,0,無黨籍及未經政黨推薦,0,無黨籍及未經政黨推薦,0,民主進步黨,0,無黨籍及未經政黨推薦,0,無黨籍及未經政黨推薦,0,無黨籍及未經政黨推薦,0,無黨籍及未經政黨推薦,0,中國國民黨,0,無黨籍及未經政黨推薦,0,親民黨,0,無黨籍及未經政黨推薦,0,無黨籍及未經政黨推薦,0,民主進步黨,0,無黨籍及未經政黨推薦,2584,36,2620,0,2620,592,3212,81.57
五光里,0009,0,民主進步黨,1212,民主進步黨,0,中國國民黨,0,民主進步黨,0,民主進步黨,0,民主進步黨,0,民主進步黨,0,中國國民黨,0,無黨籍及未經政黨推薦,0,中國國民黨,0,無黨籍及未經政黨推薦,0,無黨籍及未經政黨推薦,0,民主進步黨,1224,民主進步黨,0,中國國民黨,0,中國國民黨,0,民主進步黨,0,無黨籍及未經政黨推薦,0,中國國民黨,0,中國國民黨,0,台澎黨,0,民主進步黨,0,台澎黨,0,無黨籍及未經政黨推薦,0,民主進步黨,0,民主進步黨,0,民主進步黨,0,民主進步黨,0,民主進步黨,0,中國國民黨,0,民主進步黨,0,民主進步黨,0,民主進步黨,0,無黨籍及未經政黨推薦,0,中國國民黨,0,無黨籍及未經政黨推薦,0,民主進步黨,0,中國國民黨,0,中國國民黨,0,民主進步黨,0,中國國民黨,0,民主進步黨,0,中國國民黨,0,無黨籍及未經政黨推薦,0,中國國民黨,0,無黨籍及未經政黨推薦,0,無黨籍及未經政黨推薦,0,中國國民黨,0,中國國民黨,0,中國國民黨,0,無黨籍及未經政黨推薦,0,民主進步黨,0,民主進步黨,0,中國國民黨,0,無黨籍及未經政黨推薦,0,民主進步黨,0,無黨籍及未經政黨推薦,0,無黨籍及未經政黨推薦,0,無黨籍及未經政黨推薦,0,無黨籍及未經政黨推薦,0,民主進步黨,0,中國國民黨,0,中國國民黨,0,民主進步黨,0,無黨籍及未經政黨推薦,0,民主進步黨,0,無黨籍及未經政黨推薦,0,中國國民黨,0,無黨籍及未經政黨推薦,0,無黨籍及未經政黨推薦,0,民主進步黨,0,中國國民黨,0,無黨籍及未經政黨推薦,0,無黨籍及未經政黨推薦,0,中國國民黨,0,無黨籍及未經政黨推薦,0,無黨籍及未經政黨推薦,0,民主進步黨,0,無黨籍及未經政黨推薦,0,民主進步黨,0,無黨籍及未經政黨推薦,0,無黨籍及未經政黨推薦,0,無黨籍及未經政黨推薦,0,民主進步黨,0,無黨籍及未經政黨推薦,0,無黨籍及未經政黨推薦,0,無黨籍及未經政黨推薦,0,無黨籍及未經政黨推薦,0,中國國民黨,0,無黨籍及未經政黨推薦,0,親民黨,0,無黨籍及未經政黨推薦,0,無黨籍及未經政黨推薦,0,民主進步黨,0,無黨籍及未經政黨推薦,2436,50,2486,0,2486,740,3226,77.06
光明里,0010,0,民主進步黨,1408,民主進步黨,0,中國國民黨,0,民主進步黨,0,民主進步黨,0,民主進步黨,0,民主進步黨,0,中國國民黨,0,無黨籍及未經政黨推薦,0,中國國民黨,0,無黨籍及未經政黨推薦,0,無黨籍及未經政黨推薦,0,民主進步黨,1662,民主進步黨,0,中國國民黨,0,中國國民黨,0,民主進步黨,0,無黨籍及未經政黨推薦,0,中國國民黨,0,中國國民黨,0,台澎黨,0,民主進步黨,0,台澎黨,0,無黨籍及未經政黨推薦,0,民主進步黨,0,民主進步黨,0,民主進步黨,0,民主進步黨,0,民主進步黨,0,中國國民黨,0,民主進步黨,0,民主進步黨,0,民主進步黨,0,無黨籍及未經政黨推薦,0,中國國民黨,0,無黨籍及未經政黨推薦,0,民主進步黨,0,中國國民黨,0,中國國民黨,0,民主進步黨,0,中國國民黨,0,民主進步黨,0,中國國民黨,0,無黨籍及未經政黨推薦,0,中國國民黨,0,無黨籍及未經政黨推薦,0,無黨籍及未經政黨推薦,0,中國國民黨,0,中國國民黨,0,中國國民黨,0,無黨籍及未經政黨推薦,0,民主進步黨,0,民主進步黨,0,中國國民黨,0,無黨籍及未經政黨推薦,0,民主進步黨,0,無黨籍及未經政黨推薦,0,無黨籍及未經政黨推薦,0,無黨籍及未經政黨推薦,0,無黨籍及未經政黨推薦,0,民主進步黨,0,中國國民黨,0,中國國民黨,0,民主進步黨,0,無黨籍及未經政黨推薦,0,民主進步黨,0,無黨籍及未經政黨推薦,0,中國國民黨,0,無黨籍及未經政黨推薦,0,無黨籍及未經政黨推薦,0,民主進步黨,0,中國國民黨,0,無黨籍及未經政黨推薦,0,無黨籍及未經政黨推薦,0,中國國民黨,0,無黨籍及未經政黨推薦,0,無黨籍及未經政黨推薦,0,民主進步黨,0,無黨籍及未經政黨推薦,0,民主進步黨,0,無黨籍及未經政黨推薦,0,無黨籍及未經政黨推薦,0,無黨籍及未經政黨推薦,0,民主進步黨,0,無黨籍及未經政黨推薦,0,無黨籍及未經政黨推薦,0,無黨籍及未經政黨推薦,0,無黨籍及未經政黨推薦,0,中國國民黨,0,無黨籍及未經政黨推薦,0,親民黨,0,無黨籍及未經政黨推薦,0,無黨籍及未經政黨推薦,0,民主進步黨,0,無黨籍及未經政黨推薦,3070,56,3126,0,3126,950,4076,76.69
東園里,0011,0,民主進步黨,1654,民主進步黨,0,中國國民黨,0,民主進步黨,0,民主進步黨,0,民主進步黨,0,民主進步黨,0,中國國民黨,0,無黨籍及未經政黨推薦,0,中國國民黨,0,無黨籍及未經政黨推薦,0,無黨籍及未經政黨推薦,0,民主進步黨,1560,民主進步黨,0,中國國民黨,0,中國國民黨,0,民主進步黨,0,無黨籍及未經政黨推薦,0,中國國民黨,0,中國國民黨,0,台澎黨,0,民主進步黨,0,台澎黨,0,無黨籍及未經政黨推薦,0,民主進步黨,0,民主進步黨,0,民主進步黨,0,民主進步黨,0,民主進步黨,0,中國國民黨,0,民主進步黨,0,民主進步黨,0,民主進步黨,0,無黨籍及未經政黨推薦,0,中國國民黨,0,無黨籍及未經政黨推薦,0,民主進步黨,0,中國國民黨,0,中國國民黨,0,民主進步黨,0,中國國民黨,0,民主進步黨,0,中國國民黨,0,無黨籍及未經政黨推薦,0,中國國民黨,0,無黨籍及未經政黨推薦,0,無黨籍及未經政黨推薦,0,中國國民黨,0,中國國民黨,0,中國國民黨,0,無黨籍及未經政黨推薦,0,民主進步黨,0,民主進步黨,0,中國國民黨,0,無黨籍及未經政黨推薦,0,民主進步黨,0,無黨籍及未經政黨推薦,0,無黨籍及未經政黨推薦,0,無黨籍及未經政黨推薦,0,無黨籍及未經政黨推薦,0,民主進步黨,0,中國國民黨,0,中國國民黨,0,民主進步黨,0,無黨籍及未經政黨推薦,0,民主進步黨,0,無黨籍及未經政黨推薦,0,中國國民黨,0,無黨籍及未經政黨推薦,0,無黨籍及未經政黨推薦,0,民主進步黨,0,中國國民黨,0,無黨籍及未經政黨推薦,0,無黨籍及未經政黨推薦,0,中國國民黨,0,無黨籍及未經政黨推薦,0,無黨籍及未經政黨推薦,0,民主進步黨,0,無黨籍及未經政黨推薦,0,民主進步黨,0,無黨籍及未經政黨推薦,0,無黨籍及未經政黨推薦,0,無黨籍及未經政黨推薦,0,民主進步黨,0,無黨籍及未經政黨推薦,0,無黨籍及未經政黨推薦,0,無黨籍及未經政黨推薦,0,無黨籍及未經政黨推薦,0,中國國民黨,0,無黨籍及未經政黨推薦,0,親民黨,0,無黨籍及未經政黨推薦,0,無黨籍及未經政黨推薦,0,民主進步黨,0,無黨籍及未經政黨推薦,3214,64,3278,0,3278,832,4110,79.76
溪埧里,0012,0,民主進步黨,3232,民主進步黨,0,中國國民黨,0,民主進步黨,0,民主進步黨,0,民主進步黨,0,民主進步黨,0,中國國民黨,0,無黨籍及未經政黨推薦,0,中國國民黨,0,無黨籍及未經政黨推薦,0,無黨籍及未經政黨推薦,0,民主進步黨,3404,民主進步黨,0,中國國民黨,0,中國國民黨,0,民主進步黨,0,無黨籍及未經政黨推薦,0,中國國民黨,0,中國國民黨,0,台澎黨,0,民主進步黨,0,台澎黨,0,無黨籍及未經政黨推薦,0,民主進步黨,0,民主進步黨,0,民主進步黨,0,民主進步黨,0,民主進步黨,0,中國國民黨,0,民主進步黨,0,民主進步黨,0,民主進步黨,0,無黨籍及未經政黨推薦,0,中國國民黨,0,無黨籍及未經政黨推薦,0,民主進步黨,0,中國國民黨,0,中國國民黨,0,民主進步黨,0,中國國民黨,0,民主進步黨,0,中國國民黨,0,無黨籍及未經政黨推薦,0,中國國民黨,0,無黨籍及未經政黨推薦,0,無黨籍及未經政黨推薦,0,中國國民黨,0,中國國民黨,0,中國國民黨,0,無黨籍及未經政黨推薦,0,民主進步黨,0,民主進步黨,0,中國國民黨,0,無黨籍及未經政黨推薦,0,民主進步黨,0,無黨籍及未經政黨推薦,0,無黨籍及未經政黨推薦,0,無黨籍及未經政黨推薦,0,無黨籍及未經政黨推薦,0,民主進步黨,0,中國國民黨,0,中國國民黨,0,民主進步黨,0,無黨籍及未經政黨推薦,0,民主進步黨,0,無黨籍及未經政黨推薦,0,中國國民黨,0,無黨籍及未經政黨推薦,0,無黨籍及未經政黨推薦,0,民主進步黨,0,中國國民黨,0,無黨籍及未經政黨推薦,0,無黨籍及未經政黨推薦,0,中國國民黨,0,無黨籍及未經政黨推薦,0,無黨籍及未經政黨推薦,0,民主進步黨,0,無黨籍及未經政黨推薦,0,民主進步黨,0,無黨籍及未經政黨推薦,0,無黨籍及未經政黨推薦,0,無黨籍及未經政黨推薦,0,民主進步黨,0,無黨籍及未經政黨推薦,0,無黨籍及未經政黨推薦,0,無黨籍及未經政黨推薦,0,無黨籍及未經政黨推薦,0,中國國民黨,0,無黨籍及未經政黨推薦,0,親民黨,0,無黨籍及未經政黨推薦,0,無黨籍及未經政黨推薦,0,民主進步黨,0,無黨籍及未經政黨推薦,6636,118,6754,0,6754,1672,8426,80.16
螺潭里,0013,0,民主進步黨,1588,民主進步黨,0,中國國民黨,0,民主進步黨,0,民主進步黨,0,民主進步黨,0,民主進步黨,0,中國國民黨,0,無黨籍及未經政黨推薦,0,中國國民黨,0,無黨籍及未經政黨推薦,0,無黨籍及未經政黨推薦,0,民主進步黨,1660,民主進步黨,0,中國國民黨,0,中國國民黨,0,民主進步黨,0,無黨籍及未經政黨推薦,0,中國國民黨,0,中國國民黨,0,台澎黨,0,民主進步黨,0,台澎黨,0,無黨籍及未經政黨推薦,0,民主進步黨,0,民主進步黨,0,民主進步黨,0,民主進步黨,0,民主進步黨,0,中國國民黨,0,民主進步黨,0,民主進步黨,0,民主進步黨,0,無黨籍及未經政黨推薦,0,中國國民黨,0,無黨籍及未經政黨推薦,0,民主進步黨,0,中國國民黨,0,中國國民黨,0,民主進步黨,0,中國國民黨,0,民主進步黨,0,中國國民黨,0,無黨籍及未經政黨推薦,0,中國國民黨,0,無黨籍及未經政黨推薦,0,無黨籍及未經政黨推薦,0,中國國民黨,0,中國國民黨,0,中國國民黨,0,無黨籍及未經政黨推薦,0,民主進步黨,0,民主進步黨,0,中國國民黨,0,無黨籍及未經政黨推薦,0,民主進步黨,0,無黨籍及未經政黨推薦,0,無黨籍及未經政黨推薦,0,無黨籍及未經政黨推薦,0,無黨籍及未經政黨推薦,0,民主進步黨,0,中國國民黨,0,中國國民黨,0,民主進步黨,0,無黨籍及未經政黨推薦,0,民主進步黨,0,無黨籍及未經政黨推薦,0,中國國民黨,0,無黨籍及未經政黨推薦,0,無黨籍及未經政黨推薦,0,民主進步黨,0,中國國民黨,0,無黨籍及未經政黨推薦,0,無黨籍及未經政黨推薦,0,中國國民黨,0,無黨籍及未經政黨推薦,0,無黨籍及未經政黨推薦,0,民主進步黨,0,無黨籍及未經政黨推薦,0,民主進步黨,0,無黨籍及未經政黨推薦,0,無黨籍及未經政黨推薦,0,無黨籍及未經政黨推薦,0,民主進步黨,0,無黨籍及未經政黨推薦,0,無黨籍及未經政黨推薦,0,無黨籍及未經政黨推薦,0,無黨籍及未經政黨推薦,0,中國國民黨,0,無黨籍及未經政黨推薦,0,親民黨,0,無黨籍及未經政黨推薦,0,無黨籍及未經政黨推薦,0,民主進步黨,0,無黨籍及未經政黨推薦,3248,62,3310,0,3310,752,4062,81.49
北里里,0014,0,民主進步黨,1154,民主進步黨,0,中國國民黨,0,民主進步黨,0,民主進步黨,0,民主進步黨,0,民主進步黨,0,中國國民黨,0,無黨籍及未經政黨推薦,0,中國國民黨,0,無黨籍及未經政黨推薦,0,無黨籍及未經政黨推薦,0,民主進步黨,1308,民主進步黨,0,中國國民黨,0,中國國民黨,0,民主進步黨,0,無黨籍及未經政黨推薦,0,中國國民黨,0,中國國民黨,0,台澎黨,0,民主進步黨,0,台澎黨,0,無黨籍及未經政黨推薦,0,民主進步黨,0,民主進步黨,0,民主進步黨,0,民主進步黨,0,民主進步黨,0,中國國民黨,0,民主進步黨,0,民主進步黨,0,民主進步黨,0,無黨籍及未經政黨推薦,0,中國國民黨,0,無黨籍及未經政黨推薦,0,民主進步黨,0,中國國民黨,0,中國國民黨,0,民主進步黨,0,中國國民黨,0,民主進步黨,0,中國國民黨,0,無黨籍及未經政黨推薦,0,中國國民黨,0,無黨籍及未經政黨推薦,0,無黨籍及未經政黨推薦,0,中國國民黨,0,中國國民黨,0,中國國民黨,0,無黨籍及未經政黨推薦,0,民主進步黨,0,民主進步黨,0,中國國民黨,0,無黨籍及未經政黨推薦,0,民主進步黨,0,無黨籍及未經政黨推薦,0,無黨籍及未經政黨推薦,0,無黨籍及未經政黨推薦,0,無黨籍及未經政黨推薦,0,民主進步黨,0,中國國民黨,0,中國國民黨,0,民主進步黨,0,無黨籍及未經政黨推薦,0,民主進步黨,0,無黨籍及未經政黨推薦,0,中國國民黨,0,無黨籍及未經政黨推薦,0,無黨籍及未經政黨推薦,0,民主進步黨,0,中國國民黨,0,無黨籍及未經政黨推薦,0,無黨籍及未經政黨推薦,0,中國國民黨,0,無黨籍及未經政黨推薦,0,無黨籍及未經政黨推薦,0,民主進步黨,0,無黨籍及未經政黨推薦,0,民主進步黨,0,無黨籍及未經政黨推薦,0,無黨籍及未經政黨推薦,0,無黨籍及未經政黨推薦,0,民主進步黨,0,無黨籍及未經政黨推薦,0,無黨籍及未經政黨推薦,0,無黨籍及未經政黨推薦,0,無黨籍及未經政黨推薦,0,中國國民黨,0,無黨籍及未經政黨推薦,0,親民黨,0,無黨籍及未經政黨推薦,0,無黨籍及未經政黨推薦,0,民主進步黨,0,無黨籍及未經政黨推薦,2462,36,2498,0,2498,690,3188,78.36
南里里,0015,0,民主進步黨,1160,民主進步黨,0,中國國民黨,0,民主進步黨,0,民主進步黨,0,民主進步黨,0,民主進步黨,0,中國國民黨,0,無黨籍及未經政黨推薦,0,中國國民黨,0,無黨籍及未經政黨推薦,0,無黨籍及未經政黨推薦,0,民主進步黨,848,民主進步黨,0,中國國民黨,0,中國國民黨,0,民主進步黨,0,無黨籍及未經政黨推薦,0,中國國民黨,0,中國國民黨,0,台澎黨,0,民主進步黨,0,台澎黨,0,無黨籍及未經政黨推薦,0,民主進步黨,0,民主進步黨,0,民主進步黨,0,民主進步黨,0,民主進步黨,0,中國國民黨,0,民主進步黨,0,民主進步黨,0,民主進步黨,0,無黨籍及未經政黨推薦,0,中國國民黨,0,無黨籍及未經政黨推薦,0,民主進步黨,0,中國國民黨,0,中國國民黨,0,民主進步黨,0,中國國民黨,0,民主進步黨,0,中國國民黨,0,無黨籍及未經政黨推薦,0,中國國民黨,0,無黨籍及未經政黨推薦,0,無黨籍及未經政黨推薦,0,中國國民黨,0,中國國民黨,0,中國國民黨,0,無黨籍及未經政黨推薦,0,民主進步黨,0,民主進步黨,0,中國國民黨,0,無黨籍及未經政黨推薦,0,民主進步黨,0,無黨籍及未經政黨推薦,0,無黨籍及未經政黨推薦,0,無黨籍及未經政黨推薦,0,無黨籍及未經政黨推薦,0,民主進步黨,0,中國國民黨,0,中國國民黨,0,民主進步黨,0,無黨籍及未經政黨推薦,0,民主進步黨,0,無黨籍及未經政黨推薦,0,中國國民黨,0,無黨籍及未經政黨推薦,0,無黨籍及未經政黨推薦,0,民主進步黨,0,中國國民黨,0,無黨籍及未經政黨推薦,0,無黨籍及未經政黨推薦,0,中國國民黨,0,無黨籍及未經政黨推薦,0,無黨籍及未經政黨推薦,0,民主進步黨,0,無黨籍及未經政黨推薦,0,民主進步黨,0,無黨籍及未經政黨推薦,0,無黨籍及未經政黨推薦,0,無黨籍及未經政黨推薦,0,民主進步黨,0,無黨籍及未經政黨推薦,0,無黨籍及未經政黨推薦,0,無黨籍及未經政黨推薦,0,無黨籍及未經政黨推薦,0,中國國民黨,0,無黨籍及未經政黨推薦,0,親民黨,0,無黨籍及未經政黨推薦,0,無黨籍及未經政黨推薦,0,民主進步黨,0,無黨籍及未經政黨推薦,2008,34,2042,0,2042,574,2616,78.06
溪尾里,0016,0,民主進步黨,772,民主進步黨,0,中國國民黨,0,民主進步黨,0,民主進步黨,0,民主進步黨,0,民主進步黨,0,中國國民黨,0,無黨籍及未經政黨推薦,0,中國國民黨,0,無黨籍及未經政黨推薦,0,無黨籍及未經政黨推薦,0,民主進步黨,432,民主進步黨,0,中國國民黨,0,中國國民黨,0,民主進步黨,0,無黨籍及未經政黨推薦,0,中國國民黨,0,中國國民黨,0,台澎黨,0,民主進步黨,0,台澎黨,0,無黨籍及未經政黨推薦,0,民主進步黨,0,民主進步黨,0,民主進步黨,0,民主進步黨,0,民主進步黨,0,中國國民黨,0,民主進步黨,0,民主進步黨,0,民主進步黨,0,無黨籍及未經政黨推薦,0,中國國民黨,0,無黨籍及未經政黨推薦,0,民主進步黨,0,中國國民黨,0,中國國民黨,0,民主進步黨,0,中國國民黨,0,民主進步黨,0,中國國民黨,0,無黨籍及未經政黨推薦,0,中國國民黨,0,無黨籍及未經政黨推薦,0,無黨籍及未經政黨推薦,0,中國國民黨,0,中國國民黨,0,中國國民黨,0,無黨籍及未經政黨推薦,0,民主進步黨,0,民主進步黨,0,中國國民黨,0,無黨籍及未經政黨推薦,0,民主進步黨,0,無黨籍及未經政黨推薦,0,無黨籍及未經政黨推薦,0,無黨籍及未經政黨推薦,0,無黨籍及未經政黨推薦,0,民主進步黨,0,中國國民黨,0,中國國民黨,0,民主進步黨,0,無黨籍及未經政黨推薦,0,民主進步黨,0,無黨籍及未經政黨推薦,0,中國國民黨,0,無黨籍及未經政黨推薦,0,無黨籍及未經政黨推薦,0,民主進步黨,0,中國國民黨,0,無黨籍及未經政黨推薦,0,無黨籍及未經政黨推薦,0,中國國民黨,0,無黨籍及未經政黨推薦,0,無黨籍及未經政黨推薦,0,民主進步黨,0,無黨籍及未經政黨推薦,0,民主進步黨,0,無黨籍及未經政黨推薦,0,無黨籍及未經政黨推薦,0,無黨籍及未經政黨推薦,0,民主進步黨,0,無黨籍及未經政黨推薦,0,無黨籍及未經政黨推薦,0,無黨籍及未經政黨推薦,0,無黨籍及未經政黨推薦,0,中國國民黨,0,無黨籍及未經政黨推薦,0,親民黨,0,無黨籍及未經政黨推薦,0,無黨籍及未經政黨推薦,0,民主進步黨,0,無黨籍及未經政黨推薦,1204,26,1230,0,1230,382,1612,76.3
王田里,0001,0,民主進步黨,2938,民主進步黨,0,中國國民黨,0,民主進步黨,0,民主進步黨,0,民主進步黨,0,民主進步黨,0,中國國民黨,0,無黨籍及未經政黨推薦,0,中國國民黨,0,無黨籍及未經政黨推薦,0,無黨籍及未經政黨推薦,0,民主進步黨,3226,民主進步黨,0,中國國民黨,0,中國國民黨,0,民主進步黨,0,無黨籍及未經政黨推薦,0,中國國民黨,0,中國國民黨,0,台澎黨,0,民主進步黨,0,台澎黨,0,無黨籍及未經政黨推薦,0,民主進步黨,0,民主進步黨,0,民主進步黨,0,民主進步黨,0,民主進步黨,0,中國國民黨,0,民主進步黨,0,民主進步黨,0,民主進步黨,0,無黨籍及未經政黨推薦,0,中國國民黨,0,無黨籍及未經政黨推薦,0,民主進步黨,0,中國國民黨,0,中國國民黨,0,民主進步黨,0,中國國民黨,0,民主進步黨,0,中國國民黨,0,無黨籍及未經政黨推薦,0,中國國民黨,0,無黨籍及未經政黨推薦,0,無黨籍及未經政黨推薦,0,中國國民黨,0,中國國民黨,0,中國國民黨,0,無黨籍及未經政黨推薦,0,民主進步黨,0,民主進步黨,0,中國國民黨,0,無黨籍及未經政黨推薦,0,民主進步黨,0,無黨籍及未經政黨推薦,0,無黨籍及未經政黨推薦,0,無黨籍及未經政黨推薦,0,無黨籍及未經政黨推薦,0,民主進步黨,0,中國國民黨,0,中國國民黨,0,民主進步黨,0,無黨籍及未經政黨推薦,0,民主進步黨,0,無黨籍及未經政黨推薦,0,中國國民黨,0,無黨籍及未經政黨推薦,0,無黨籍及未經政黨推薦,0,民主進步黨,0,中國國民黨,0,無黨籍及未經政黨推薦,0,無黨籍及未經政黨推薦,0,中國國民黨,0,無黨籍及未經政黨推薦,0,無黨籍及未經政黨推薦,0,民主進步黨,0,無黨籍及未經政黨推薦,0,民主進步黨,0,無黨籍及未經政黨推薦,0,無黨籍及未經政黨推薦,0,無黨籍及未經政黨推薦,0,民主進步黨,0,無黨籍及未經政黨推薦,0,無黨籍及未經政黨推薦,0,無黨籍及未經政黨推薦,0,無黨籍及未經政黨推薦,0,中國國民黨,0,無黨籍及未經政黨推薦,0,親民黨,0,無黨籍及未經政黨推薦,0,無黨籍及未經政黨推薦,0,民主進步黨,0,無黨籍及未經政黨推薦,6164,148,6312,0,6312,1936,8248,76.53
中和里,0002,0,民主進步黨,700,民主進步黨,0,中國國民黨,0,民主進步黨,0,民主進步黨,0,民主進步黨,0,民主進步黨,0,中國國民黨,0,無黨籍及未經政黨推薦,0,中國國民黨,0,無黨籍及未經政黨推薦,0,無黨籍及未經政黨推薦,0,民主進步黨,618,民主進步黨,0,中國國民黨,0,中國國民黨,0,民主進步黨,0,無黨籍及未經政黨推薦,0,中國國民黨,0,中國國民黨,0,台澎黨,0,民主進步黨,0,台澎黨,0,無黨籍及未經政黨推薦,0,民主進步黨,0,民主進步黨,0,民主進步黨,0,民主進步黨,0,民主進步黨,0,中國國民黨,0,民主進步黨,0,民主進步黨,0,民主進步黨,0,無黨籍及未經政黨推薦,0,中國國民黨,0,無黨籍及未經政黨推薦,0,民主進步黨,0,中國國民黨,0,中國國民黨,0,民主進步黨,0,中國國民黨,0,民主進步黨,0,中國國民黨,0,無黨籍及未經政黨推薦,0,中國國民黨,0,無黨籍及未經政黨推薦,0,無黨籍及未經政黨推薦,0,中國國民黨,0,中國國民黨,0,中國國民黨,0,無黨籍及未經政黨推薦,0,民主進步黨,0,民主進步黨,0,中國國民黨,0,無黨籍及未經政黨推薦,0,民主進步黨,0,無黨籍及未經政黨推薦,0,無黨籍及未經政黨推薦,0,無黨籍及未經政黨推薦,0,無黨籍及未經政黨推薦,0,民主進步黨,0,中國國民黨,0,中國國民黨,0,民主進步黨,0,無黨籍及未經政黨推薦,0,民主進步黨,0,無黨籍及未經政黨推薦,0,中國國民黨,0,無黨籍及未經政黨推薦,0,無黨籍及未經政黨推薦,0,民主進步黨,0,中國國民黨,0,無黨籍及未經政黨推薦,0,無黨籍及未經政黨推薦,0,中國國民黨,0,無黨籍及未經政黨推薦,0,無黨籍及未經政黨推薦,0,民主進步黨,0,無黨籍及未經政黨推薦,0,民主進步黨,0,無黨籍及未經政黨推薦,0,無黨籍及未經政黨推薦,0,無黨籍及未經政黨推薦,0,民主進步黨,0,無黨籍及未經政黨推薦,0,無黨籍及未經政黨推薦,0,無黨籍及未經政黨推薦,0,無黨籍及未經政黨推薦,0,中國國民黨,0,無黨籍及未經政黨推薦,0,親民黨,0,無黨籍及未經政黨推薦,0,無黨籍及未經政黨推薦,0,民主進步黨,0,無黨籍及未經政黨推薦,1318,30,1348,0,1348,324,1672,80.62
福山里,0003,0,民主進步黨,2610,民主進步黨,0,中國國民黨,0,民主進步黨,0,民主進步黨,0,民主進步黨,0,民主進步黨,0,中國國民黨,0,無黨籍及未經政黨推薦,0,中國國民黨,0,無黨籍及未經政黨推薦,0,無黨籍及未經政黨推薦,0,民主進步黨,2590,民主進步黨,0,中國國民黨,0,中國國民黨,0,民主進步黨,0,無黨籍及未經政黨推薦,0,中國國民黨,0,中國國民黨,0,台澎黨,0,民主進步黨,0,台澎黨,0,無黨籍及未經政黨推薦,0,民主進步黨,0,民主進步黨,0,民主進步黨,0,民主進步黨,0,民主進步黨,0,中國國民黨,0,民主進步黨,0,民主進步黨,0,民主進步黨,0,無黨籍及未經政黨推薦,0,中國國民黨,0,無黨籍及未經政黨推薦,0,民主進步黨,0,中國國民黨,0,中國國民黨,0,民主進步黨,0,中國國民黨,0,民主進步黨,0,中國國民黨,0,無黨籍及未經政黨推薦,0,中國國民黨,0,無黨籍及未經政黨推薦,0,無黨籍及未經政黨推薦,0,中國國民黨,0,中國國民黨,0,中國國民黨,0,無黨籍及未經政黨推薦,0,民主進步黨,0,民主進步黨,0,中國國民黨,0,無黨籍及未經政黨推薦,0,民主進步黨,0,無黨籍及未經政黨推薦,0,無黨籍及未經政黨推薦,0,無黨籍及未經政黨推薦,0,無黨籍及未經政黨推薦,0,民主進步黨,0,中國國民黨,0,中國國民黨,0,民主進步黨,0,無黨籍及未經政黨推薦,0,民主進步黨,0,無黨籍及未經政黨推薦,0,中國國民黨,0,無黨籍及未經政黨推薦,0,無黨籍及未經政黨推薦,0,民主進步黨,0,中國國民黨,0,無黨籍及未經政黨推薦,0,無黨籍及未經政黨推薦,0,中國國民黨,0,無黨籍及未經政黨推薦,0,無黨籍及未經政黨推薦,0,民主進步黨,0,無黨籍及未經政黨推薦,0,民主進步黨,0,無黨籍及未經政黨推薦,0,無黨籍及未經政黨推薦,0,無黨籍及未經政黨推薦,0,民主進步黨,0,無黨籍及未經政黨推薦,0,無黨籍及未經政黨推薦,0,無黨籍及未經政黨推薦,0,無黨籍及未經政黨推薦,0,中國國民黨,0,無黨籍及未經政黨推薦,0,親民黨,0,無黨籍及未經政黨推薦,0,無黨籍及未經政黨推薦,0,民主進步黨,0,無黨籍及未經政黨推薦,5200,70,5270,0,5270,1514,6784,77.68
營埔里,0004,0,民主進步黨,1132,民主進步黨,0,中國國民黨,0,民主進步黨,0,民主進步黨,0,民主進步黨,0,民主進步黨,0,中國國民黨,0,無黨籍及未經政黨推薦,0,中國國民黨,0,無黨籍及未經政黨推薦,0,無黨籍及未經政黨推薦,0,民主進步黨,1020,民主進步黨,0,中國國民黨,0,中國國民黨,0,民主進步黨,0,無黨籍及未經政黨推薦,0,中國國民黨,0,中國國民黨,0,台澎黨,0,民主進步黨,0,台澎黨,0,無黨籍及未經政黨推薦,0,民主進步黨,0,民主進步黨,0,民主進步黨,0,民主進步黨,0,民主進步黨,0,中國國民黨,0,民主進步黨,0,民主進步黨,0,民主進步黨,0,無黨籍及未經政黨推薦,0,中國國民黨,0,無黨籍及未經政黨推薦,0,民主進步黨,0,中國國民黨,0,中國國民黨,0,民主進步黨,0,中國國民黨,0,民主進步黨,0,中國國民黨,0,無黨籍及未經政黨推薦,0,中國國民黨,0,無黨籍及未經政黨推薦,0,無黨籍及未經政黨推薦,0,中國國民黨,0,中國國民黨,0,中國國民黨,0,無黨籍及未經政黨推薦,0,民主進步黨,0,民主進步黨,0,中國國民黨,0,無黨籍及未經政黨推薦,0,民主進步黨,0,無黨籍及未經政黨推薦,0,無黨籍及未經政黨推薦,0,無黨籍及未經政黨推薦,0,無黨籍及未經政黨推薦,0,民主進步黨,0,中國國民黨,0,中國國民黨,0,民主進步黨,0,無黨籍及未經政黨推薦,0,民主進步黨,0,無黨籍及未經政黨推薦,0,中國國民黨,0,無黨籍及未經政黨推薦,0,無黨籍及未經政黨推薦,0,民主進步黨,0,中國國民黨,0,無黨籍及未經政黨推薦,0,無黨籍及未經政黨推薦,0,中國國民黨,0,無黨籍及未經政黨推薦,0,無黨籍及未經政黨推薦,0,民主進步黨,0,無黨籍及未經政黨推薦,0,民主進步黨,0,無黨籍及未經政黨推薦,0,無黨籍及未經政黨推薦,0,無黨籍及未經政黨推薦,0,民主進步黨,0,無黨籍及未經政黨推薦,0,無黨籍及未經政黨推薦,0,無黨籍及未經政黨推薦,0,無黨籍及未經政黨推薦,0,中國國民黨,0,無黨籍及未經政黨推薦,0,親民黨,0,無黨籍及未經政黨推薦,0,無黨籍及未經政黨推薦,0,民主進步黨,0,無黨籍及未經政黨推薦,2152,42,2194,0,2194,634,2828,77.58
社腳里,0005,0,民主進步黨,1954,民主進步黨,0,中國國民黨,0,民主進步黨,0,民主進步黨,0,民主進步黨,0,民主進步黨,0,中國國民黨,0,無黨籍及未經政黨推薦,0,中國國民黨,0,無黨籍及未經政黨推薦,0,無黨籍及未經政黨推薦,0,民主進步黨,1716,民主進步黨,0,中國國民黨,0,中國國民黨,0,民主進步黨,0,無黨籍及未經政黨推薦,0,中國國民黨,0,中國國民黨,0,台澎黨,0,民主進步黨,0,台澎黨,0,無黨籍及未經政黨推薦,0,民主進步黨,0,民主進步黨,0,民主進步黨,0,民主進步黨,0,民主進步黨,0,中國國民黨,0,民主進步黨,0,民主進步黨,0,民主進步黨,0,無黨籍及未經政黨推薦,0,中國國民黨,0,無黨籍及未經政黨推薦,0,民主進步黨,0,中國國民黨,0,中國國民黨,0,民主進步黨,0,中國國民黨,0,民主進步黨,0,中國國民黨,0,無黨籍及未經政黨推薦,0,中國國民黨,0,無黨籍及未經政黨推薦,0,無黨籍及未經政黨推薦,0,中國國民黨,0,中國國民黨,0,中國國民黨,0,無黨籍及未經政黨推薦,0,民主進步黨,0,民主進步黨,0,中國國民黨,0,無黨籍及未經政黨推薦,0,民主進步黨,0,無黨籍及未經政黨推薦,0,無黨籍及未經政黨推薦,0,無黨籍及未經政黨推薦,0,無黨籍及未經政黨推薦,0,民主進步黨,0,中國國民黨,0,中國國民黨,0,民主進步黨,0,無黨籍及未經政黨推薦,0,民主進步黨,0,無黨籍及未經政黨推薦,0,中國國民黨,0,無黨籍及未經政黨推薦,0,無黨籍及未經政黨推薦,0,民主進步黨,0,中國國民黨,0,無黨籍及未經政黨推薦,0,無黨籍及未經政黨推薦,0,中國國民黨,0,無黨籍及未經政黨推薦,0,無黨籍及未經政黨推薦,0,民主進步黨,0,無黨籍及未經政黨推薦,0,民主進步黨,0,無黨籍及未經政黨推薦,0,無黨籍及未經政黨推薦,0,無黨籍及未經政黨推薦,0,民主進步黨,0,無黨籍及未經政黨推薦,0,無黨籍及未經政黨推薦,0,無黨籍及未經政黨推薦,0,無黨籍及未經政黨推薦,0,中國國民黨,0,無黨籍及未經政黨推薦,0,親民黨,0,無黨籍及未經政黨推薦,0,無黨籍及未經政黨推薦,0,民主進步黨,0,無黨籍及未經政黨推薦,3670,70,3740,0,3740,910,4650,80.43
新興里,0006,0,民主進步黨,1918,民主進步黨,0,中國國民黨,0,民主進步黨,0,民主進步黨,0,民主進步黨,0,民主進步黨,0,中國國民黨,0,無黨籍及未經政黨推薦,0,中國國民黨,0,無黨籍及未經政黨推薦,0,無黨籍及未經政黨推薦,0,民主進步黨,1750,民主進步黨,0,中國國民黨,0,中國國民黨,0,民主進步黨,0,無黨籍及未經政黨推薦,0,中國國民黨,0,中國國民黨,0,台澎黨,0,民主進步黨,0,台澎黨,0,無黨籍及未經政黨推薦,0,民主進步黨,0,民主進步黨,0,民主進步黨,0,民主進步黨,0,民主進步黨,0,中國國民黨,0,民主進步黨,0,民主進步黨,0,民主進步黨,0,無黨籍及未經政黨推薦,0,中國國民黨,0,無黨籍及未經政黨推薦,0,民主進步黨,0,中國國民黨,0,中國國民黨,0,民主進步黨,0,中國國民黨,0,民主進步黨,0,中國國民黨,0,無黨籍及未經政黨推薦,0,中國國民黨,0,無黨籍及未經政黨推薦,0,無黨籍及未經政黨推薦,0,中國國民黨,0,中國國民黨,0,中國國民黨,0,無黨籍及未經政黨推薦,0,民主進步黨,0,民主進步黨,0,中國國民黨,0,無黨籍及未經政黨推薦,0,民主進步黨,0,無黨籍及未經政黨推薦,0,無黨籍及未經政黨推薦,0,無黨籍及未經政黨推薦,0,無黨籍及未經政黨推薦,0,民主進步黨,0,中國國民黨,0,中國國民黨,0,民主進步黨,0,無黨籍及未經政黨推薦,0,民主進步黨,0,無黨籍及未經政黨推薦,0,中國國民黨,0,無黨籍及未經政黨推薦,0,無黨籍及未經政黨推薦,0,民主進步黨,0,中國國民黨,0,無黨籍及未經政黨推薦,0,無黨籍及未經政黨推薦,0,中國國民黨,0,無黨籍及未經政黨推薦,0,無黨籍及未經政黨推薦,0,民主進步黨,0,無黨籍及未經政黨推薦,0,民主進步黨,0,無黨籍及未經政黨推薦,0,無黨籍及未經政黨推薦,0,無黨籍及未經政黨推薦,0,民主進步黨,0,無黨籍及未經政黨推薦,0,無黨籍及未經政黨推薦,0,無黨籍及未經政黨推薦,0,無黨籍及未經政黨推薦,0,中國國民黨,0,無黨籍及未經政黨推薦,0,親民黨,0,無黨籍及未經政黨推薦,0,無黨籍及未經政黨推薦,0,民主進步黨,0,無黨籍及未經政黨推薦,3668,54,3722,0,3722,1146,4868,76.46
大東里,0007,0,民主進步黨,2276,民主進步黨,0,中國國民黨,0,民主進步黨,0,民主進步黨,0,民主進步黨,0,民主進步黨,0,中國國民黨,0,無黨籍及未經政黨推薦,0,中國國民黨,0,無黨籍及未經政黨推薦,0,無黨籍及未經政黨推薦,0,民主進步黨,2186,民主進步黨,0,中國國民黨,0,中國國民黨,0,民主進步黨,0,無黨籍及未經政黨推薦,0,中國國民黨,0,中國國民黨,0,台澎黨,0,民主進步黨,0,台澎黨,0,無黨籍及未經政黨推薦,0,民主進步黨,0,民主進步黨,0,民主進步黨,0,民主進步黨,0,民主進步黨,0,中國國民黨,0,民主進步黨,0,民主進步黨,0,民主進步黨,0,無黨籍及未經政黨推薦,0,中國國民黨,0,無黨籍及未經政黨推薦,0,民主進步黨,0,中國國民黨,0,中國國民黨,0,民主進步黨,0,中國國民黨,0,民主進步黨,0,中國國民黨,0,無黨籍及未經政黨推薦,0,中國國民黨,0,無黨籍及未經政黨推薦,0,無黨籍及未經政黨推薦,0,中國國民黨,0,中國國民黨,0,中國國民黨,0,無黨籍及未經政黨推薦,0,民主進步黨,0,民主進步黨,0,中國國民黨,0,無黨籍及未經政黨推薦,0,民主進步黨,0,無黨籍及未經政黨推薦,0,無黨籍及未經政黨推薦,0,無黨籍及未經政黨推薦,0,無黨籍及未經政黨推薦,0,民主進步黨,0,中國國民黨,0,中國國民黨,0,民主進步黨,0,無黨籍及未經政黨推薦,0,民主進步黨,0,無黨籍及未經政黨推薦,0,中國國民黨,0,無黨籍及未經政黨推薦,0,無黨籍及未經政黨推薦,0,民主進步黨,0,中國國民黨,0,無黨籍及未經政黨推薦,0,無黨籍及未經政黨推薦,0,中國國民黨,0,無黨籍及未經政黨推薦,0,無黨籍及未經政黨推薦,0,民主進步黨,0,無黨籍及未經政黨推薦,0,民主進步黨,0,無黨籍及未經政黨推薦,0,無黨籍及未經政黨推薦,0,無黨籍及未經政黨推薦,0,民主進步黨,0,無黨籍及未經政黨推薦,0,無黨籍及未經政黨推薦,0,無黨籍及未經政黨推薦,0,無黨籍及未經政黨推薦,0,中國國民黨,0,無黨籍及未經政黨推薦,0,親民黨,0,無黨籍及未經政黨推薦,0,無黨籍及未經政黨推薦,0,民主進步黨,0,無黨籍及未經政黨推薦,4462,70,4532,0,4532,1250,5782,78.38
大肚里,0008,0,民主進步黨,1720,民主進步黨,0,中國國民黨,0,民主進步黨,0,民主進步黨,0,民主進步黨,0,民主進步黨,0,中國國民黨,0,無黨籍及未經政黨推薦,0,中國國民黨,0,無黨籍及未經政黨推薦,0,無黨籍及未經政黨推薦,0,民主進步黨,1628,民主進步黨,0,中國國民黨,0,中國國民黨,0,民主進步黨,0,無黨籍及未經政黨推薦,0,中國國民黨,0,中國國民黨,0,台澎黨,0,民主進步黨,0,台澎黨,0,無黨籍及未經政黨推薦,0,民主進步黨,0,民主進步黨,0,民主進步黨,0,民主進步黨,0,民主進步黨,0,中國國民黨,0,民主進步黨,0,民主進步黨,0,民主進步黨,0,無黨籍及未經政黨推薦,0,中國國民黨,0,無黨籍及未經政黨推薦,0,民主進步黨,0,中國國民黨,0,中國國民黨,0,民主進步黨,0,中國國民黨,0,民主進步黨,0,中國國民黨,0,無黨籍及未經政黨推薦,0,中國國民黨,0,無黨籍及未經政黨推薦,0,無黨籍及未經政黨推薦,0,中國國民黨,0,中國國民黨,0,中國國民黨,0,無黨籍及未經政黨推薦,0,民主進步黨,0,民主進步黨,0,中國國民黨,0,無黨籍及未經政黨推薦,0,民主進步黨,0,無黨籍及未經政黨推薦,0,無黨籍及未經政黨推薦,0,無黨籍及未經政黨推薦,0,無黨籍及未經政黨推薦,0,民主進步黨,0,中國國民黨,0,中國國民黨,0,民主進步黨,0,無黨籍及未經政黨推薦,0,民主進步黨,0,無黨籍及未經政黨推薦,0,中國國民黨,0,無黨籍及未經政黨推薦,0,無黨籍及未經政黨推薦,0,民主進步黨,0,中國國民黨,0,無黨籍及未經政黨推薦,0,無黨籍及未經政黨推薦,0,中國國民黨,0,無黨籍及未經政黨推薦,0,無黨籍及未經政黨推薦,0,民主進步黨,0,無黨籍及未經政黨推薦,0,民主進步黨,0,無黨籍及未經政黨推薦,0,無黨籍及未經政黨推薦,0,無黨籍及未經政黨推薦,0,民主進步黨,0,無黨籍及未經政黨推薦,0,無黨籍及未經政黨推薦,0,無黨籍及未經政黨推薦,0,無黨籍及未經政黨推薦,0,中國國民黨,0,無黨籍及未經政黨推薦,0,親民黨,0,無黨籍及未經政黨推薦,0,無黨籍及未經政黨推薦,0,民主進步黨,0,無黨籍及未經政黨推薦,3348,56,3404,0,3404,728,4132,82.38
永和里,0009,0,民主進步黨,646,民主進步黨,0,中國國民黨,0,民主進步黨,0,民主進步黨,0,民主進步黨,0,民主進步黨,0,中國國民黨,0,無黨籍及未經政黨推薦,0,中國國民黨,0,無黨籍及未經政黨推薦,0,無黨籍及未經政黨推薦,0,民主進步黨,616,民主進步黨,0,中國國民黨,0,中國國民黨,0,民主進步黨,0,無黨籍及未經政黨推薦,0,中國國民黨,0,中國國民黨,0,台澎黨,0,民主進步黨,0,台澎黨,0,無黨籍及未經政黨推薦,0,民主進步黨,0,民主進步黨,0,民主進步黨,0,民主進步黨,0,民主進步黨,0,中國國民黨,0,民主進步黨,0,民主進步黨,0,民主進步黨,0,無黨籍及未經政黨推薦,0,中國國民黨,0,無黨籍及未經政黨推薦,0,民主進步黨,0,中國國民黨,0,中國國民黨,0,民主進步黨,0,中國國民黨,0,民主進步黨,0,中國國民黨,0,無黨籍及未經政黨推薦,0,中國國民黨,0,無黨籍及未經政黨推薦,0,無黨籍及未經政黨推薦,0,中國國民黨,0,中國國民黨,0,中國國民黨,0,無黨籍及未經政黨推薦,0,民主進步黨,0,民主進步黨,0,中國國民黨,0,無黨籍及未經政黨推薦,0,民主進步黨,0,無黨籍及未經政黨推薦,0,無黨籍及未經政黨推薦,0,無黨籍及未經政黨推薦,0,無黨籍及未經政黨推薦,0,民主進步黨,0,中國國民黨,0,中國國民黨,0,民主進步黨,0,無黨籍及未經政黨推薦,0,民主進步黨,0,無黨籍及未經政黨推薦,0,中國國民黨,0,無黨籍及未經政黨推薦,0,無黨籍及未經政黨推薦,0,民主進步黨,0,中國國民黨,0,無黨籍及未經政黨推薦,0,無黨籍及未經政黨推薦,0,中國國民黨,0,無黨籍及未經政黨推薦,0,無黨籍及未經政黨推薦,0,民主進步黨,0,無黨籍及未經政黨推薦,0,民主進步黨,0,無黨籍及未經政黨推薦,0,無黨籍及未經政黨推薦,0,無黨籍及未經政黨推薦,0,民主進步黨,0,無黨籍及未經政黨推薦,0,無黨籍及未經政黨推薦,0,無黨籍及未經政黨推薦,0,無黨籍及未經政黨推薦,0,中國國民黨,0,無黨籍及未經政黨推薦,0,親民黨,0,無黨籍及未經政黨推薦,0,無黨籍及未經政黨推薦,0,民主進步黨,0,無黨籍及未經政黨推薦,1262,18,1280,0,1280,340,1620,79.01
磺溪里,0010,0,民主進步黨,1232,民主進步黨,0,中國國民黨,0,民主進步黨,0,民主進步黨,0,民主進步黨,0,民主進步黨,0,中國國民黨,0,無黨籍及未經政黨推薦,0,中國國民黨,0,無黨籍及未經政黨推薦,0,無黨籍及未經政黨推薦,0,民主進步黨,1160,民主進步黨,0,中國國民黨,0,中國國民黨,0,民主進步黨,0,無黨籍及未經政黨推薦,0,中國國民黨,0,中國國民黨,0,台澎黨,0,民主進步黨,0,台澎黨,0,無黨籍及未經政黨推薦,0,民主進步黨,0,民主進步黨,0,民主進步黨,0,民主進步黨,0,民主進步黨,0,中國國民黨,0,民主進步黨,0,民主進步黨,0,民主進步黨,0,無黨籍及未經政黨推薦,0,中國國民黨,0,無黨籍及未經政黨推薦,0,民主進步黨,0,中國國民黨,0,中國國民黨,0,民主進步黨,0,中國國民黨,0,民主進步黨,0,中國國民黨,0,無黨籍及未經政黨推薦,0,中國國民黨,0,無黨籍及未經政黨推薦,0,無黨籍及未經政黨推薦,0,中國國民黨,0,中國國民黨,0,中國國民黨,0,無黨籍及未經政黨推薦,0,民主進步黨,0,民主進步黨,0,中國國民黨,0,無黨籍及未經政黨推薦,0,民主進步黨,0,無黨籍及未經政黨推薦,0,無黨籍及未經政黨推薦,0,無黨籍及未經政黨推薦,0,無黨籍及未經政黨推薦,0,民主進步黨,0,中國國民黨,0,中國國民黨,0,民主進步黨,0,無黨籍及未經政黨推薦,0,民主進步黨,0,無黨籍及未經政黨推薦,0,中國國民黨,0,無黨籍及未經政黨推薦,0,無黨籍及未經政黨推薦,0,民主進步黨,0,中國國民黨,0,無黨籍及未經政黨推薦,0,無黨籍及未經政黨推薦,0,中國國民黨,0,無黨籍及未經政黨推薦,0,無黨籍及未經政黨推薦,0,民主進步黨,0,無黨籍及未經政黨推薦,0,民主進步黨,0,無黨籍及未經政黨推薦,0,無黨籍及未經政黨推薦,0,無黨籍及未經政黨推薦,0,民主進步黨,0,無黨籍及未經政黨推薦,0,無黨籍及未經政黨推薦,0,無黨籍及未經政黨推薦,0,無黨籍及未經政黨推薦,0,中國國民黨,0,無黨籍及未經政黨推薦,0,親民黨,0,無黨籍及未經政黨推薦,0,無黨籍及未經政黨推薦,0,民主進步黨,0,無黨籍及未經政黨推薦,2392,34,2426,0,2426,732,3158,76.82
永順里,0011,0,民主進步黨,1286,民主進步黨,0,中國國民黨,0,民主進步黨,0,民主進步黨,0,民主進步黨,0,民主進步黨,0,中國國民黨,0,無黨籍及未經政黨推薦,0,中國國民黨,0,無黨籍及未經政黨推薦,0,無黨籍及未經政黨推薦,0,民主進步黨,1302,民主進步黨,0,中國國民黨,0,中國國民黨,0,民主進步黨,0,無黨籍及未經政黨推薦,0,中國國民黨,0,中國國民黨,0,台澎黨,0,民主進步黨,0,台澎黨,0,無黨籍及未經政黨推薦,0,民主進步黨,0,民主進步黨,0,民主進步黨,0,民主進步黨,0,民主進步黨,0,中國國民黨,0,民主進步黨,0,民主進步黨,0,民主進步黨,0,無黨籍及未經政黨推薦,0,中國國民黨,0,無黨籍及未經政黨推薦,0,民主進步黨,0,中國國民黨,0,中國國民黨,0,民主進步黨,0,中國國民黨,0,民主進步黨,0,中國國民黨,0,無黨籍及未經政黨推薦,0,中國國民黨,0,無黨籍及未經政黨推薦,0,無黨籍及未經政黨推薦,0,中國國民黨,0,中國國民黨,0,中國國民黨,0,無黨籍及未經政黨推薦,0,民主進步黨,0,民主進步黨,0,中國國民黨,0,無黨籍及未經政黨推薦,0,民主進步黨,0,無黨籍及未經政黨推薦,0,無黨籍及未經政黨推薦,0,無黨籍及未經政黨推薦,0,無黨籍及未經政黨推薦,0,民主進步黨,0,中國國民黨,0,中國國民黨,0,民主進步黨,0,無黨籍及未經政黨推薦,0,民主進步黨,0,無黨籍及未經政黨推薦,0,中國國民黨,0,無黨籍及未經政黨推薦,0,無黨籍及未經政黨推薦,0,民主進步黨,0,中國國民黨,0,無黨籍及未經政黨推薦,0,無黨籍及未經政黨推薦,0,中國國民黨,0,無黨籍及未經政黨推薦,0,無黨籍及未經政黨推薦,0,民主進步黨,0,無黨籍及未經政黨推薦,0,民主進步黨,0,無黨籍及未經政黨推薦,0,無黨籍及未經政黨推薦,0,無黨籍及未經政黨推薦,0,民主進步黨,0,無黨籍及未經政黨推薦,0,無黨籍及未經政黨推薦,0,無黨籍及未經政黨推薦,0,無黨籍及未經政黨推薦,0,中國國民黨,0,無黨籍及未經政黨推薦,0,親民黨,0,無黨籍及未經政黨推薦,0,無黨籍及未經政黨推薦,0,民主進步黨,0,無黨籍及未經政黨推薦,2588,8,2596,0,2596,698,3294,78.81
成功里,0012,0,民主進步黨,834,民主進步黨,0,中國國民黨,0,民主進步黨,0,民主進步黨,0,民主進步黨,0,民主進步黨,0,中國國民黨,0,無黨籍及未經政黨推薦,0,中國國民黨,0,無黨籍及未經政黨推薦,0,無黨籍及未經政黨推薦,0,民主進步黨,588,民主進步黨,0,中國國民黨,0,中國國民黨,0,民主進步黨,0,無黨籍及未經政黨推薦,0,中國國民黨,0,中國國民黨,0,台澎黨,0,民主進步黨,0,台澎黨,0,無黨籍及未經政黨推薦,0,民主進步黨,0,民主進步黨,0,民主進步黨,0,民主進步黨,0,民主進步黨,0,中國國民黨,0,民主進步黨,0,民主進步黨,0,民主進步黨,0,無黨籍及未經政黨推薦,0,中國國民黨,0,無黨籍及未經政黨推薦,0,民主進步黨,0,中國國民黨,0,中國國民黨,0,民主進步黨,0,中國國民黨,0,民主進步黨,0,中國國民黨,0,無黨籍及未經政黨推薦,0,中國國民黨,0,無黨籍及未經政黨推薦,0,無黨籍及未經政黨推薦,0,中國國民黨,0,中國國民黨,0,中國國民黨,0,無黨籍及未經政黨推薦,0,民主進步黨,0,民主進步黨,0,中國國民黨,0,無黨籍及未經政黨推薦,0,民主進步黨,0,無黨籍及未經政黨推薦,0,無黨籍及未經政黨推薦,0,無黨籍及未經政黨推薦,0,無黨籍及未經政黨推薦,0,民主進步黨,0,中國國民黨,0,中國國民黨,0,民主進步黨,0,無黨籍及未經政黨推薦,0,民主進步黨,0,無黨籍及未經政黨推薦,0,中國國民黨,0,無黨籍及未經政黨推薦,0,無黨籍及未經政黨推薦,0,民主進步黨,0,中國國民黨,0,無黨籍及未經政黨推薦,0,無黨籍及未經政黨推薦,0,中國國民黨,0,無黨籍及未經政黨推薦,0,無黨籍及未經政黨推薦,0,民主進步黨,0,無黨籍及未經政黨推薦,0,民主進步黨,0,無黨籍及未經政黨推薦,0,無黨籍及未經政黨推薦,0,無黨籍及未經政黨推薦,0,民主進步黨,0,無黨籍及未經政黨推薦,0,無黨籍及未經政黨推薦,0,無黨籍及未經政黨推薦,0,無黨籍及未經政黨推薦,0,中國國民黨,0,無黨籍及未經政黨推薦,0,親民黨,0,無黨籍及未經政黨推薦,0,無黨籍及未經政黨推薦,0,民主進步黨,0,無黨籍及未經政黨推薦,1422,32,1454,0,1454,392,1846,78.76
山陽里,0013,0,民主進步黨,984,民主進步黨,0,中國國民黨,0,民主進步黨,0,民主進步黨,0,民主進步黨,0,民主進步黨,0,中國國民黨,0,無黨籍及未經政黨推薦,0,中國國民黨,0,無黨籍及未經政黨推薦,0,無黨籍及未經政黨推薦,0,民主進步黨,982,民主進步黨,0,中國國民黨,0,中國國民黨,0,民主進步黨,0,無黨籍及未經政黨推薦,0,中國國民黨,0,中國國民黨,0,台澎黨,0,民主進步黨,0,台澎黨,0,無黨籍及未經政黨推薦,0,民主進步黨,0,民主進步黨,0,民主進步黨,0,民主進步黨,0,民主進步黨,0,中國國民黨,0,民主進步黨,0,民主進步黨,0,民主進步黨,0,無黨籍及未經政黨推薦,0,中國國民黨,0,無黨籍及未經政黨推薦,0,民主進步黨,0,中國國民黨,0,中國國民黨,0,民主進步黨,0,中國國民黨,0,民主進步黨,0,中國國民黨,0,無黨籍及未經政黨推薦,0,中國國民黨,0,無黨籍及未經政黨推薦,0,無黨籍及未經政黨推薦,0,中國國民黨,0,中國國民黨,0,中國國民黨,0,無黨籍及未經政黨推薦,0,民主進步黨,0,民主進步黨,0,中國國民黨,0,無黨籍及未經政黨推薦,0,民主進步黨,0,無黨籍及未經政黨推薦,0,無黨籍及未經政黨推薦,0,無黨籍及未經政黨推薦,0,無黨籍及未經政黨推薦,0,民主進步黨,0,中國國民黨,0,中國國民黨,0,民主進步黨,0,無黨籍及未經政黨推薦,0,民主進步黨,0,無黨籍及未經政黨推薦,0,中國國民黨,0,無黨籍及未經政黨推薦,0,無黨籍及未經政黨推薦,0,民主進步黨,0,中國國民黨,0,無黨籍及未經政黨推薦,0,無黨籍及未經政黨推薦,0,中國國民黨,0,無黨籍及未經政黨推薦,0,無黨籍及未經政黨推薦,0,民主進步黨,0,無黨籍及未經政黨推薦,0,民主進步黨,0,無黨籍及未經政黨推薦,0,無黨籍及未經政黨推薦,0,無黨籍及未經政黨推薦,0,民主進步黨,0,無黨籍及未經政黨推薦,0,無黨籍及未經政黨推薦,0,無黨籍及未經政黨推薦,0,無黨籍及未經政黨推薦,0,中國國民黨,0,無黨籍及未經政黨推薦,0,親民黨,0,無黨籍及未經政黨推薦,0,無黨籍及未經政黨推薦,0,民主進步黨,0,無黨籍及未經政黨推薦,1966,32,1998,0,1998,570,2568,77.8
頂街里,0014,0,民主進步黨,5104,民主進步黨,0,中國國民黨,0,民主進步黨,0,民主進步黨,0,民主進步黨,0,民主進步黨,0,中國國民黨,0,無黨籍及未經政黨推薦,0,中國國民黨,0,無黨籍及未經政黨推薦,0,無黨籍及未經政黨推薦,0,民主進步黨,5366,民主進步黨,0,中國國民黨,0,中國國民黨,0,民主進步黨,0,無黨籍及未經政黨推薦,0,中國國民黨,0,中國國民黨,0,台澎黨,0,民主進步黨,0,台澎黨,0,無黨籍及未經政黨推薦,0,民主進步黨,0,民主進步黨,0,民主進步黨,0,民主進步黨,0,民主進步黨,0,中國國民黨,0,民主進步黨,0,民主進步黨,0,民主進步黨,0,無黨籍及未經政黨推薦,0,中國國民黨,0,無黨籍及未經政黨推薦,0,民主進步黨,0,中國國民黨,0,中國國民黨,0,民主進步黨,0,中國國民黨,0,民主進步黨,0,中國國民黨,0,無黨籍及未經政黨推薦,0,中國國民黨,0,無黨籍及未經政黨推薦,0,無黨籍及未經政黨推薦,0,中國國民黨,0,中國國民黨,0,中國國民黨,0,無黨籍及未經政黨推薦,0,民主進步黨,0,民主進步黨,0,中國國民黨,0,無黨籍及未經政黨推薦,0,民主進步黨,0,無黨籍及未經政黨推薦,0,無黨籍及未經政黨推薦,0,無黨籍及未經政黨推薦,0,無黨籍及未經政黨推薦,0,民主進步黨,0,中國國民黨,0,中國國民黨,0,民主進步黨,0,無黨籍及未經政黨推薦,0,民主進步黨,0,無黨籍及未經政黨推薦,0,中國國民黨,0,無黨籍及未經政黨推薦,0,無黨籍及未經政黨推薦,0,民主進步黨,0,中國國民黨,0,無黨籍及未經政黨推薦,0,無黨籍及未經政黨推薦,0,中國國民黨,0,無黨籍及未經政黨推薦,0,無黨籍及未經政黨推薦,0,民主進步黨,0,無黨籍及未經政黨推薦,0,民主進步黨,0,無黨籍及未經政黨推薦,0,無黨籍及未經政黨推薦,0,無黨籍及未經政黨推薦,0,民主進步黨,0,無黨籍及未經政黨推薦,0,無黨籍及未經政黨推薦,0,無黨籍及未經政黨推薦,0,無黨籍及未經政黨推薦,0,中國國民黨,0,無黨籍及未經政黨推薦,0,親民黨,0,無黨籍及未經政黨推薦,0,無黨籍及未經政黨推薦,0,民主進步黨,0,無黨籍及未經政黨推薦,10470,174,10644,0,10644,3314,13958,76.26
瑞井里,0015,0,民主進步黨,3408,民主進步黨,0,中國國民黨,0,民主進步黨,0,民主進步黨,0,民主進步黨,0,民主進步黨,0,中國國民黨,0,無黨籍及未經政黨推薦,0,中國國民黨,0,無黨籍及未經政黨推薦,0,無黨籍及未經政黨推薦,0,民主進步黨,3632,民主進步黨,0,中國國民黨,0,中國國民黨,0,民主進步黨,0,無黨籍及未經政黨推薦,0,中國國民黨,0,中國國民黨,0,台澎黨,0,民主進步黨,0,台澎黨,0,無黨籍及未經政黨推薦,0,民主進步黨,0,民主進步黨,0,民主進步黨,0,民主進步黨,0,民主進步黨,0,中國國民黨,0,民主進步黨,0,民主進步黨,0,民主進步黨,0,無黨籍及未經政黨推薦,0,中國國民黨,0,無黨籍及未經政黨推薦,0,民主進步黨,0,中國國民黨,0,中國國民黨,0,民主進步黨,0,中國國民黨,0,民主進步黨,0,中國國民黨,0,無黨籍及未經政黨推薦,0,中國國民黨,0,無黨籍及未經政黨推薦,0,無黨籍及未經政黨推薦,0,中國國民黨,0,中國國民黨,0,中國國民黨,0,無黨籍及未經政黨推薦,0,民主進步黨,0,民主進步黨,0,中國國民黨,0,無黨籍及未經政黨推薦,0,民主進步黨,0,無黨籍及未經政黨推薦,0,無黨籍及未經政黨推薦,0,無黨籍及未經政黨推薦,0,無黨籍及未經政黨推薦,0,民主進步黨,0,中國國民黨,0,中國國民黨,0,民主進步黨,0,無黨籍及未經政黨推薦,0,民主進步黨,0,無黨籍及未經政黨推薦,0,中國國民黨,0,無黨籍及未經政黨推薦,0,無黨籍及未經政黨推薦,0,民主進步黨,0,中國國民黨,0,無黨籍及未經政黨推薦,0,無黨籍及未經政黨推薦,0,中國國民黨,0,無黨籍及未經政黨推薦,0,無黨籍及未經政黨推薦,0,民主進步黨,0,無黨籍及未經政黨推薦,0,民主進步黨,0,無黨籍及未經政黨推薦,0,無黨籍及未經政黨推薦,0,無黨籍及未經政黨推薦,0,民主進步黨,0,無黨籍及未經政黨推薦,0,無黨籍及未經政黨推薦,0,無黨籍及未經政黨推薦,0,無黨籍及未經政黨推薦,0,中國國民黨,0,無黨籍及未經政黨推薦,0,親民黨,0,無黨籍及未經政黨推薦,0,無黨籍及未經政黨推薦,0,民主進步黨,0,無黨籍及未經政黨推薦,7040,114,7154,0,7154,2160,9314,76.81
蔗廍里,0016,0,民主進步黨,2940,民主進步黨,0,中國國民黨,0,民主進步黨,0,民主進步黨,0,民主進步黨,0,民主進步黨,0,中國國民黨,0,無黨籍及未經政黨推薦,0,中國國民黨,0,無黨籍及未經政黨推薦,0,無黨籍及未經政黨推薦,0,民主進步黨,3662,民主進步黨,0,中國國民黨,0,中國國民黨,0,民主進步黨,0,無黨籍及未經政黨推薦,0,中國國民黨,0,中國國民黨,0,台澎黨,0,民主進步黨,0,台澎黨,0,無黨籍及未經政黨推薦,0,民主進步黨,0,民主進步黨,0,民主進步黨,0,民主進步黨,0,民主進步黨,0,中國國民黨,0,民主進步黨,0,民主進步黨,0,民主進步黨,0,無黨籍及未經政黨推薦,0,中國國民黨,0,無黨籍及未經政黨推薦,0,民主進步黨,0,中國國民黨,0,中國國民黨,0,民主進步黨,0,中國國民黨,0,民主進步黨,0,中國國民黨,0,無黨籍及未經政黨推薦,0,中國國民黨,0,無黨籍及未經政黨推薦,0,無黨籍及未經政黨推薦,0,中國國民黨,0,中國國民黨,0,中國國民黨,0,無黨籍及未經政黨推薦,0,民主進步黨,0,民主進步黨,0,中國國民黨,0,無黨籍及未經政黨推薦,0,民主進步黨,0,無黨籍及未經政黨推薦,0,無黨籍及未經政黨推薦,0,無黨籍及未經政黨推薦,0,無黨籍及未經政黨推薦,0,民主進步黨,0,中國國民黨,0,中國國民黨,0,民主進步黨,0,無黨籍及未經政黨推薦,0,民主進步黨,0,無黨籍及未經政黨推薦,0,中國國民黨,0,無黨籍及未經政黨推薦,0,無黨籍及未經政黨推薦,0,民主進步黨,0,中國國民黨,0,無黨籍及未經政黨推薦,0,無黨籍及未經政黨推薦,0,中國國民黨,0,無黨籍及未經政黨推薦,0,無黨籍及未經政黨推薦,0,民主進步黨,0,無黨籍及未經政黨推薦,0,民主進步黨,0,無黨籍及未經政黨推薦,0,無黨籍及未經政黨推薦,0,無黨籍及未經政黨推薦,0,民主進步黨,0,無黨籍及未經政黨推薦,0,無黨籍及未經政黨推薦,0,無黨籍及未經政黨推薦,0,無黨籍及未經政黨推薦,0,中國國民黨,0,無黨籍及未經政黨推薦,0,親民黨,0,無黨籍及未經政黨推薦,0,無黨籍及未經政黨推薦,0,民主進步黨,0,無黨籍及未經政黨推薦,6602,118,6720,0,6720,2156,8876,75.71
自強里,0017,0,民主進步黨,2584,民主進步黨,0,中國國民黨,0,民主進步黨,0,民主進步黨,0,民主進步黨,0,民主進步黨,0,中國國民黨,0,無黨籍及未經政黨推薦,0,中國國民黨,0,無黨籍及未經政黨推薦,0,無黨籍及未經政黨推薦,0,民主進步黨,2372,民主進步黨,0,中國國民黨,0,中國國民黨,0,民主進步黨,0,無黨籍及未經政黨推薦,0,中國國民黨,0,中國國民黨,0,台澎黨,0,民主進步黨,0,台澎黨,0,無黨籍及未經政黨推薦,0,民主進步黨,0,民主進步黨,0,民主進步黨,0,民主進步黨,0,民主進步黨,0,中國國民黨,0,民主進步黨,0,民主進步黨,0,民主進步黨,0,無黨籍及未經政黨推薦,0,中國國民黨,0,無黨籍及未經政黨推薦,0,民主進步黨,0,中國國民黨,0,中國國民黨,0,民主進步黨,0,中國國民黨,0,民主進步黨,0,中國國民黨,0,無黨籍及未經政黨推薦,0,中國國民黨,0,無黨籍及未經政黨推薦,0,無黨籍及未經政黨推薦,0,中國國民黨,0,中國國民黨,0,中國國民黨,0,無黨籍及未經政黨推薦,0,民主進步黨,0,民主進步黨,0,中國國民黨,0,無黨籍及未經政黨推薦,0,民主進步黨,0,無黨籍及未經政黨推薦,0,無黨籍及未經政黨推薦,0,無黨籍及未經政黨推薦,0,無黨籍及未經政黨推薦,0,民主進步黨,0,中國國民黨,0,中國國民黨,0,民主進步黨,0,無黨籍及未經政黨推薦,0,民主進步黨,0,無黨籍及未經政黨推薦,0,中國國民黨,0,無黨籍及未經政黨推薦,0,無黨籍及未經政黨推薦,0,民主進步黨,0,中國國民黨,0,無黨籍及未經政黨推薦,0,無黨籍及未經政黨推薦,0,中國國民黨,0,無黨籍及未經政黨推薦,0,無黨籍及未經政黨推薦,0,民主進步黨,0,無黨籍及未經政黨推薦,0,民主進步黨,0,無黨籍及未經政黨推薦,0,無黨籍及未經政黨推薦,0,無黨籍及未經政黨推薦,0,民主進步黨,0,無黨籍及未經政黨推薦,0,無黨籍及未經政黨推薦,0,無黨籍及未經政黨推薦,0,無黨籍及未經政黨推薦,0,中國國民黨,0,無黨籍及未經政黨推薦,0,親民黨,0,無黨籍及未經政黨推薦,0,無黨籍及未經政黨推薦,0,民主進步黨,0,無黨籍及未經政黨推薦,4956,98,5054,0,5054,1552,6606,76.51
竹坑里,0001,0,民主進步黨,2166,民主進步黨,0,中國國民黨,0,民主進步黨,0,民主進步黨,0,民主進步黨,0,民主進步黨,0,中國國民黨,0,無黨籍及未經政黨推薦,0,中國國民黨,0,無黨籍及未經政黨推薦,0,無黨籍及未經政黨推薦,0,民主進步黨,2112,民主進步黨,0,中國國民黨,0,中國國民黨,0,民主進步黨,0,無黨籍及未經政黨推薦,0,中國國民黨,0,中國國民黨,0,台澎黨,0,民主進步黨,0,台澎黨,0,無黨籍及未經政黨推薦,0,民主進步黨,0,民主進步黨,0,民主進步黨,0,民主進步黨,0,民主進步黨,0,中國國民黨,0,民主進步黨,0,民主進步黨,0,民主進步黨,0,無黨籍及未經政黨推薦,0,中國國民黨,0,無黨籍及未經政黨推薦,0,民主進步黨,0,中國國民黨,0,中國國民黨,0,民主進步黨,0,中國國民黨,0,民主進步黨,0,中國國民黨,0,無黨籍及未經政黨推薦,0,中國國民黨,0,無黨籍及未經政黨推薦,0,無黨籍及未經政黨推薦,0,中國國民黨,0,中國國民黨,0,中國國民黨,0,無黨籍及未經政黨推薦,0,民主進步黨,0,民主進步黨,0,中國國民黨,0,無黨籍及未經政黨推薦,0,民主進步黨,0,無黨籍及未經政黨推薦,0,無黨籍及未經政黨推薦,0,無黨籍及未經政黨推薦,0,無黨籍及未經政黨推薦,0,民主進步黨,0,中國國民黨,0,中國國民黨,0,民主進步黨,0,無黨籍及未經政黨推薦,0,民主進步黨,0,無黨籍及未經政黨推薦,0,中國國民黨,0,無黨籍及未經政黨推薦,0,無黨籍及未經政黨推薦,0,民主進步黨,0,中國國民黨,0,無黨籍及未經政黨推薦,0,無黨籍及未經政黨推薦,0,中國國民黨,0,無黨籍及未經政黨推薦,0,無黨籍及未經政黨推薦,0,民主進步黨,0,無黨籍及未經政黨推薦,0,民主進步黨,0,無黨籍及未經政黨推薦,0,無黨籍及未經政黨推薦,0,無黨籍及未經政黨推薦,0,民主進步黨,0,無黨籍及未經政黨推薦,0,無黨籍及未經政黨推薦,0,無黨籍及未經政黨推薦,0,無黨籍及未經政黨推薦,0,中國國民黨,0,無黨籍及未經政黨推薦,0,親民黨,0,無黨籍及未經政黨推薦,0,無黨籍及未經政黨推薦,0,民主進步黨,0,無黨籍及未經政黨推薦,4278,72,4350,0,4350,1402,5752,75.63
龍東里,0002,0,民主進步黨,2050,民主進步黨,0,中國國民黨,0,民主進步黨,0,民主進步黨,0,民主進步黨,0,民主進步黨,0,中國國民黨,0,無黨籍及未經政黨推薦,0,中國國民黨,0,無黨籍及未經政黨推薦,0,無黨籍及未經政黨推薦,0,民主進步黨,1896,民主進步黨,0,中國國民黨,0,中國國民黨,0,民主進步黨,0,無黨籍及未經政黨推薦,0,中國國民黨,0,中國國民黨,0,台澎黨,0,民主進步黨,0,台澎黨,0,無黨籍及未經政黨推薦,0,民主進步黨,0,民主進步黨,0,民主進步黨,0,民主進步黨,0,民主進步黨,0,中國國民黨,0,民主進步黨,0,民主進步黨,0,民主進步黨,0,無黨籍及未經政黨推薦,0,中國國民黨,0,無黨籍及未經政黨推薦,0,民主進步黨,0,中國國民黨,0,中國國民黨,0,民主進步黨,0,中國國民黨,0,民主進步黨,0,中國國民黨,0,無黨籍及未經政黨推薦,0,中國國民黨,0,無黨籍及未經政黨推薦,0,無黨籍及未經政黨推薦,0,中國國民黨,0,中國國民黨,0,中國國民黨,0,無黨籍及未經政黨推薦,0,民主進步黨,0,民主進步黨,0,中國國民黨,0,無黨籍及未經政黨推薦,0,民主進步黨,0,無黨籍及未經政黨推薦,0,無黨籍及未經政黨推薦,0,無黨籍及未經政黨推薦,0,無黨籍及未經政黨推薦,0,民主進步黨,0,中國國民黨,0,中國國民黨,0,民主進步黨,0,無黨籍及未經政黨推薦,0,民主進步黨,0,無黨籍及未經政黨推薦,0,中國國民黨,0,無黨籍及未經政黨推薦,0,無黨籍及未經政黨推薦,0,民主進步黨,0,中國國民黨,0,無黨籍及未經政黨推薦,0,無黨籍及未經政黨推薦,0,中國國民黨,0,無黨籍及未經政黨推薦,0,無黨籍及未經政黨推薦,0,民主進步黨,0,無黨籍及未經政黨推薦,0,民主進步黨,0,無黨籍及未經政黨推薦,0,無黨籍及未經政黨推薦,0,無黨籍及未經政黨推薦,0,民主進步黨,0,無黨籍及未經政黨推薦,0,無黨籍及未經政黨推薦,0,無黨籍及未經政黨推薦,0,無黨籍及未經政黨推薦,0,中國國民黨,0,無黨籍及未經政黨推薦,0,親民黨,0,無黨籍及未經政黨推薦,0,無黨籍及未經政黨推薦,0,民主進步黨,0,無黨籍及未經政黨推薦,3946,68,4014,0,4014,1346,5360,74.89
龍西里,0003,0,民主進步黨,1390,民主進步黨,0,中國國民黨,0,民主進步黨,0,民主進步黨,0,民主進步黨,0,民主進步黨,0,中國國民黨,0,無黨籍及未經政黨推薦,0,中國國民黨,0,無黨籍及未經政黨推薦,0,無黨籍及未經政黨推薦,0,民主進步黨,1292,民主進步黨,0,中國國民黨,0,中國國民黨,0,民主進步黨,0,無黨籍及未經政黨推薦,0,中國國民黨,0,中國國民黨,0,台澎黨,0,民主進步黨,0,台澎黨,0,無黨籍及未經政黨推薦,0,民主進步黨,0,民主進步黨,0,民主進步黨,0,民主進步黨,0,民主進步黨,0,中國國民黨,0,民主進步黨,0,民主進步黨,0,民主進步黨,0,無黨籍及未經政黨推薦,0,中國國民黨,0,無黨籍及未經政黨推薦,0,民主進步黨,0,中國國民黨,0,中國國民黨,0,民主進步黨,0,中國國民黨,0,民主進步黨,0,中國國民黨,0,無黨籍及未經政黨推薦,0,中國國民黨,0,無黨籍及未經政黨推薦,0,無黨籍及未經政黨推薦,0,中國國民黨,0,中國國民黨,0,中國國民黨,0,無黨籍及未經政黨推薦,0,民主進步黨,0,民主進步黨,0,中國國民黨,0,無黨籍及未經政黨推薦,0,民主進步黨,0,無黨籍及未經政黨推薦,0,無黨籍及未經政黨推薦,0,無黨籍及未經政黨推薦,0,無黨籍及未經政黨推薦,0,民主進步黨,0,中國國民黨,0,中國國民黨,0,民主進步黨,0,無黨籍及未經政黨推薦,0,民主進步黨,0,無黨籍及未經政黨推薦,0,中國國民黨,0,無黨籍及未經政黨推薦,0,無黨籍及未經政黨推薦,0,民主進步黨,0,中國國民黨,0,無黨籍及未經政黨推薦,0,無黨籍及未經政黨推薦,0,中國國民黨,0,無黨籍及未經政黨推薦,0,無黨籍及未經政黨推薦,0,民主進步黨,0,無黨籍及未經政黨推薦,0,民主進步黨,0,無黨籍及未經政黨推薦,0,無黨籍及未經政黨推薦,0,無黨籍及未經政黨推薦,0,民主進步黨,0,無黨籍及未經政黨推薦,0,無黨籍及未經政黨推薦,0,無黨籍及未經政黨推薦,0,無黨籍及未經政黨推薦,0,中國國民黨,0,無黨籍及未經政黨推薦,0,親民黨,0,無黨籍及未經政黨推薦,0,無黨籍及未經政黨推薦,0,民主進步黨,0,無黨籍及未經政黨推薦,2682,28,2710,0,2710,796,3506,77.3
田中里,0004,0,民主進步黨,2552,民主進步黨,0,中國國民黨,0,民主進步黨,0,民主進步黨,0,民主進步黨,0,民主進步黨,0,中國國民黨,0,無黨籍及未經政黨推薦,0,中國國民黨,0,無黨籍及未經政黨推薦,0,無黨籍及未經政黨推薦,0,民主進步黨,2594,民主進步黨,0,中國國民黨,0,中國國民黨,0,民主進步黨,0,無黨籍及未經政黨推薦,0,中國國民黨,0,中國國民黨,0,台澎黨,0,民主進步黨,0,台澎黨,0,無黨籍及未經政黨推薦,0,民主進步黨,0,民主進步黨,0,民主進步黨,0,民主進步黨,0,民主進步黨,0,中國國民黨,0,民主進步黨,0,民主進步黨,0,民主進步黨,0,無黨籍及未經政黨推薦,0,中國國民黨,0,無黨籍及未經政黨推薦,0,民主進步黨,0,中國國民黨,0,中國國民黨,0,民主進步黨,0,中國國民黨,0,民主進步黨,0,中國國民黨,0,無黨籍及未經政黨推薦,0,中國國民黨,0,無黨籍及未經政黨推薦,0,無黨籍及未經政黨推薦,0,中國國民黨,0,中國國民黨,0,中國國民黨,0,無黨籍及未經政黨推薦,0,民主進步黨,0,民主進步黨,0,中國國民黨,0,無黨籍及未經政黨推薦,0,民主進步黨,0,無黨籍及未經政黨推薦,0,無黨籍及未經政黨推薦,0,無黨籍及未經政黨推薦,0,無黨籍及未經政黨推薦,0,民主進步黨,0,中國國民黨,0,中國國民黨,0,民主進步黨,0,無黨籍及未經政黨推薦,0,民主進步黨,0,無黨籍及未經政黨推薦,0,中國國民黨,0,無黨籍及未經政黨推薦,0,無黨籍及未經政黨推薦,0,民主進步黨,0,中國國民黨,0,無黨籍及未經政黨推薦,0,無黨籍及未經政黨推薦,0,中國國民黨,0,無黨籍及未經政黨推薦,0,無黨籍及未經政黨推薦,0,民主進步黨,0,無黨籍及未經政黨推薦,0,民主進步黨,0,無黨籍及未經政黨推薦,0,無黨籍及未經政黨推薦,0,無黨籍及未經政黨推薦,0,民主進步黨,0,無黨籍及未經政黨推薦,0,無黨籍及未經政黨推薦,0,無黨籍及未經政黨推薦,0,無黨籍及未經政黨推薦,0,中國國民黨,0,無黨籍及未經政黨推薦,0,親民黨,0,無黨籍及未經政黨推薦,0,無黨籍及未經政黨推薦,0,民主進步黨,0,無黨籍及未經政黨推薦,5146,76,5222,0,5222,1426,6648,78.55
福田里,0005,0,民主進步黨,814,民主進步黨,0,中國國民黨,0,民主進步黨,0,民主進步黨,0,民主進步黨,0,民主進步黨,0,中國國民黨,0,無黨籍及未經政黨推薦,0,中國國民黨,0,無黨籍及未經政黨推薦,0,無黨籍及未經政黨推薦,0,民主進步黨,616,民主進步黨,0,中國國民黨,0,中國國民黨,0,民主進步黨,0,無黨籍及未經政黨推薦,0,中國國民黨,0,中國國民黨,0,台澎黨,0,民主進步黨,0,台澎黨,0,無黨籍及未經政黨推薦,0,民主進步黨,0,民主進步黨,0,民主進步黨,0,民主進步黨,0,民主進步黨,0,中國國民黨,0,民主進步黨,0,民主進步黨,0,民主進步黨,0,無黨籍及未經政黨推薦,0,中國國民黨,0,無黨籍及未經政黨推薦,0,民主進步黨,0,中國國民黨,0,中國國民黨,0,民主進步黨,0,中國國民黨,0,民主進步黨,0,中國國民黨,0,無黨籍及未經政黨推薦,0,中國國民黨,0,無黨籍及未經政黨推薦,0,無黨籍及未經政黨推薦,0,中國國民黨,0,中國國民黨,0,中國國民黨,0,無黨籍及未經政黨推薦,0,民主進步黨,0,民主進步黨,0,中國國民黨,0,無黨籍及未經政黨推薦,0,民主進步黨,0,無黨籍及未經政黨推薦,0,無黨籍及未經政黨推薦,0,無黨籍及未經政黨推薦,0,無黨籍及未經政黨推薦,0,民主進步黨,0,中國國民黨,0,中國國民黨,0,民主進步黨,0,無黨籍及未經政黨推薦,0,民主進步黨,0,無黨籍及未經政黨推薦,0,中國國民黨,0,無黨籍及未經政黨推薦,0,無黨籍及未經政黨推薦,0,民主進步黨,0,中國國民黨,0,無黨籍及未經政黨推薦,0,無黨籍及未經政黨推薦,0,中國國民黨,0,無黨籍及未經政黨推薦,0,無黨籍及未經政黨推薦,0,民主進步黨,0,無黨籍及未經政黨推薦,0,民主進步黨,0,無黨籍及未經政黨推薦,0,無黨籍及未經政黨推薦,0,無黨籍及未經政黨推薦,0,民主進步黨,0,無黨籍及未經政黨推薦,0,無黨籍及未經政黨推薦,0,無黨籍及未經政黨推薦,0,無黨籍及未經政黨推薦,0,中國國民黨,0,無黨籍及未經政黨推薦,0,親民黨,0,無黨籍及未經政黨推薦,0,無黨籍及未經政黨推薦,0,民主進步黨,0,無黨籍及未經政黨推薦,1430,32,1462,0,1462,562,2024,72.23
麗水里,0006,0,民主進步黨,1850,民主進步黨,0,中國國民黨,0,民主進步黨,0,民主進步黨,0,民主進步黨,0,民主進步黨,0,中國國民黨,0,無黨籍及未經政黨推薦,0,中國國民黨,0,無黨籍及未經政黨推薦,0,無黨籍及未經政黨推薦,0,民主進步黨,1352,民主進步黨,0,中國國民黨,0,中國國民黨,0,民主進步黨,0,無黨籍及未經政黨推薦,0,中國國民黨,0,中國國民黨,0,台澎黨,0,民主進步黨,0,台澎黨,0,無黨籍及未經政黨推薦,0,民主進步黨,0,民主進步黨,0,民主進步黨,0,民主進步黨,0,民主進步黨,0,中國國民黨,0,民主進步黨,0,民主進步黨,0,民主進步黨,0,無黨籍及未經政黨推薦,0,中國國民黨,0,無黨籍及未經政黨推薦,0,民主進步黨,0,中國國民黨,0,中國國民黨,0,民主進步黨,0,中國國民黨,0,民主進步黨,0,中國國民黨,0,無黨籍及未經政黨推薦,0,中國國民黨,0,無黨籍及未經政黨推薦,0,無黨籍及未經政黨推薦,0,中國國民黨,0,中國國民黨,0,中國國民黨,0,無黨籍及未經政黨推薦,0,民主進步黨,0,民主進步黨,0,中國國民黨,0,無黨籍及未經政黨推薦,0,民主進步黨,0,無黨籍及未經政黨推薦,0,無黨籍及未經政黨推薦,0,無黨籍及未經政黨推薦,0,無黨籍及未經政黨推薦,0,民主進步黨,0,中國國民黨,0,中國國民黨,0,民主進步黨,0,無黨籍及未經政黨推薦,0,民主進步黨,0,無黨籍及未經政黨推薦,0,中國國民黨,0,無黨籍及未經政黨推薦,0,無黨籍及未經政黨推薦,0,民主進步黨,0,中國國民黨,0,無黨籍及未經政黨推薦,0,無黨籍及未經政黨推薦,0,中國國民黨,0,無黨籍及未經政黨推薦,0,無黨籍及未經政黨推薦,0,民主進步黨,0,無黨籍及未經政黨推薦,0,民主進步黨,0,無黨籍及未經政黨推薦,0,無黨籍及未經政黨推薦,0,無黨籍及未經政黨推薦,0,民主進步黨,0,無黨籍及未經政黨推薦,0,無黨籍及未經政黨推薦,0,無黨籍及未經政黨推薦,0,無黨籍及未經政黨推薦,0,中國國民黨,0,無黨籍及未經政黨推薦,0,親民黨,0,無黨籍及未經政黨推薦,0,無黨籍及未經政黨推薦,0,民主進步黨,0,無黨籍及未經政黨推薦,3202,70,3272,0,3272,1038,4310,75.92
龍津里,0007,0,民主進步黨,3520,民主進步黨,0,中國國民黨,0,民主進步黨,0,民主進步黨,0,民主進步黨,0,民主進步黨,0,中國國民黨,0,無黨籍及未經政黨推薦,0,中國國民黨,0,無黨籍及未經政黨推薦,0,無黨籍及未經政黨推薦,0,民主進步黨,3634,民主進步黨,0,中國國民黨,0,中國國民黨,0,民主進步黨,0,無黨籍及未經政黨推薦,0,中國國民黨,0,中國國民黨,0,台澎黨,0,民主進步黨,0,台澎黨,0,無黨籍及未經政黨推薦,0,民主進步黨,0,民主進步黨,0,民主進步黨,0,民主進步黨,0,民主進步黨,0,中國國民黨,0,民主進步黨,0,民主進步黨,0,民主進步黨,0,無黨籍及未經政黨推薦,0,中國國民黨,0,無黨籍及未經政黨推薦,0,民主進步黨,0,中國國民黨,0,中國國民黨,0,民主進步黨,0,中國國民黨,0,民主進步黨,0,中國國民黨,0,無黨籍及未經政黨推薦,0,中國國民黨,0,無黨籍及未經政黨推薦,0,無黨籍及未經政黨推薦,0,中國國民黨,0,中國國民黨,0,中國國民黨,0,無黨籍及未經政黨推薦,0,民主進步黨,0,民主進步黨,0,中國國民黨,0,無黨籍及未經政黨推薦,0,民主進步黨,0,無黨籍及未經政黨推薦,0,無黨籍及未經政黨推薦,0,無黨籍及未經政黨推薦,0,無黨籍及未經政黨推薦,0,民主進步黨,0,中國國民黨,0,中國國民黨,0,民主進步黨,0,無黨籍及未經政黨推薦,0,民主進步黨,0,無黨籍及未經政黨推薦,0,中國國民黨,0,無黨籍及未經政黨推薦,0,無黨籍及未經政黨推薦,0,民主進步黨,0,中國國民黨,0,無黨籍及未經政黨推薦,0,無黨籍及未經政黨推薦,0,中國國民黨,0,無黨籍及未經政黨推薦,0,無黨籍及未經政黨推薦,0,民主進步黨,0,無黨籍及未經政黨推薦,0,民主進步黨,0,無黨籍及未經政黨推薦,0,無黨籍及未經政黨推薦,0,無黨籍及未經政黨推薦,0,民主進步黨,0,無黨籍及未經政黨推薦,0,無黨籍及未經政黨推薦,0,無黨籍及未經政黨推薦,0,無黨籍及未經政黨推薦,0,中國國民黨,0,無黨籍及未經政黨推薦,0,親民黨,0,無黨籍及未經政黨推薦,0,無黨籍及未經政黨推薦,0,民主進步黨,0,無黨籍及未經政黨推薦,7154,124,7278,0,7278,2366,9644,75.47
三德里,0008,0,民主進步黨,1892,民主進步黨,0,中國國民黨,0,民主進步黨,0,民主進步黨,0,民主進步黨,0,民主進步黨,0,中國國民黨,0,無黨籍及未經政黨推薦,0,中國國民黨,0,無黨籍及未經政黨推薦,0,無黨籍及未經政黨推薦,0,民主進步黨,2200,民主進步黨,0,中國國民黨,0,中國國民黨,0,民主進步黨,0,無黨籍及未經政黨推薦,0,中國國民黨,0,中國國民黨,0,台澎黨,0,民主進步黨,0,台澎黨,0,無黨籍及未經政黨推薦,0,民主進步黨,0,民主進步黨,0,民主進步黨,0,民主進步黨,0,民主進步黨,0,中國國民黨,0,民主進步黨,0,民主進步黨,0,民主進步黨,0,無黨籍及未經政黨推薦,0,中國國民黨,0,無黨籍及未經政黨推薦,0,民主進步黨,0,中國國民黨,0,中國國民黨,0,民主進步黨,0,中國國民黨,0,民主進步黨,0,中國國民黨,0,無黨籍及未經政黨推薦,0,中國國民黨,0,無黨籍及未經政黨推薦,0,無黨籍及未經政黨推薦,0,中國國民黨,0,中國國民黨,0,中國國民黨,0,無黨籍及未經政黨推薦,0,民主進步黨,0,民主進步黨,0,中國國民黨,0,無黨籍及未經政黨推薦,0,民主進步黨,0,無黨籍及未經政黨推薦,0,無黨籍及未經政黨推薦,0,無黨籍及未經政黨推薦,0,無黨籍及未經政黨推薦,0,民主進步黨,0,中國國民黨,0,中國國民黨,0,民主進步黨,0,無黨籍及未經政黨推薦,0,民主進步黨,0,無黨籍及未經政黨推薦,0,中國國民黨,0,無黨籍及未經政黨推薦,0,無黨籍及未經政黨推薦,0,民主進步黨,0,中國國民黨,0,無黨籍及未經政黨推薦,0,無黨籍及未經政黨推薦,0,中國國民黨,0,無黨籍及未經政黨推薦,0,無黨籍及未經政黨推薦,0,民主進步黨,0,無黨籍及未經政黨推薦,0,民主進步黨,0,無黨籍及未經政黨推薦,0,無黨籍及未經政黨推薦,0,無黨籍及未經政黨推薦,0,民主進步黨,0,無黨籍及未經政黨推薦,0,無黨籍及未經政黨推薦,0,無黨籍及未經政黨推薦,0,無黨籍及未經政黨推薦,0,中國國民黨,0,無黨籍及未經政黨推薦,0,親民黨,0,無黨籍及未經政黨推薦,0,無黨籍及未經政黨推薦,0,民主進步黨,0,無黨籍及未經政黨推薦,4092,120,4212,0,4212,1382,5594,75.29
忠和里,0009,0,民主進步黨,3238,民主進步黨,0,中國國民黨,0,民主進步黨,0,民主進步黨,0,民主進步黨,0,民主進步黨,0,中國國民黨,0,無黨籍及未經政黨推薦,0,中國國民黨,0,無黨籍及未經政黨推薦,0,無黨籍及未經政黨推薦,0,民主進步黨,3960,民主進步黨,0,中國國民黨,0,中國國民黨,0,民主進步黨,0,無黨籍及未經政黨推薦,0,中國國民黨,0,中國國民黨,0,台澎黨,0,民主進步黨,0,台澎黨,0,無黨籍及未經政黨推薦,0,民主進步黨,0,民主進步黨,0,民主進步黨,0,民主進步黨,0,民主進步黨,0,中國國民黨,0,民主進步黨,0,民主進步黨,0,民主進步黨,0,無黨籍及未經政黨推薦,0,中國國民黨,0,無黨籍及未經政黨推薦,0,民主進步黨,0,中國國民黨,0,中國國民黨,0,民主進步黨,0,中國國民黨,0,民主進步黨,0,中國國民黨,0,無黨籍及未經政黨推薦,0,中國國民黨,0,無黨籍及未經政黨推薦,0,無黨籍及未經政黨推薦,0,中國國民黨,0,中國國民黨,0,中國國民黨,0,無黨籍及未經政黨推薦,0,民主進步黨,0,民主進步黨,0,中國國民黨,0,無黨籍及未經政黨推薦,0,民主進步黨,0,無黨籍及未經政黨推薦,0,無黨籍及未經政黨推薦,0,無黨籍及未經政黨推薦,0,無黨籍及未經政黨推薦,0,民主進步黨,0,中國國民黨,0,中國國民黨,0,民主進步黨,0,無黨籍及未經政黨推薦,0,民主進步黨,0,無黨籍及未經政黨推薦,0,中國國民黨,0,無黨籍及未經政黨推薦,0,無黨籍及未經政黨推薦,0,民主進步黨,0,中國國民黨,0,無黨籍及未經政黨推薦,0,無黨籍及未經政黨推薦,0,中國國民黨,0,無黨籍及未經政黨推薦,0,無黨籍及未經政黨推薦,0,民主進步黨,0,無黨籍及未經政黨推薦,0,民主進步黨,0,無黨籍及未經政黨推薦,0,無黨籍及未經政黨推薦,0,無黨籍及未經政黨推薦,0,民主進步黨,0,無黨籍及未經政黨推薦,0,無黨籍及未經政黨推薦,0,無黨籍及未經政黨推薦,0,無黨籍及未經政黨推薦,0,中國國民黨,0,無黨籍及未經政黨推薦,0,親民黨,0,無黨籍及未經政黨推薦,0,無黨籍及未經政黨推薦,0,民主進步黨,0,無黨籍及未經政黨推薦,7198,116,7314,0,7314,2228,9542,76.65
山腳里,0010,0,民主進步黨,3922,民主進步黨,0,中國國民黨,0,民主進步黨,0,民主進步黨,0,民主進步黨,0,民主進步黨,0,中國國民黨,0,無黨籍及未經政黨推薦,0,中國國民黨,0,無黨籍及未經政黨推薦,0,無黨籍及未經政黨推薦,0,民主進步黨,4132,民主進步黨,0,中國國民黨,0,中國國民黨,0,民主進步黨,0,無黨籍及未經政黨推薦,0,中國國民黨,0,中國國民黨,0,台澎黨,0,民主進步黨,0,台澎黨,0,無黨籍及未經政黨推薦,0,民主進步黨,0,民主進步黨,0,民主進步黨,0,民主進步黨,0,民主進步黨,0,中國國民黨,0,民主進步黨,0,民主進步黨,0,民主進步黨,0,無黨籍及未經政黨推薦,0,中國國民黨,0,無黨籍及未經政黨推薦,0,民主進步黨,0,中國國民黨,0,中國國民黨,0,民主進步黨,0,中國國民黨,0,民主進步黨,0,中國國民黨,0,無黨籍及未經政黨推薦,0,中國國民黨,0,無黨籍及未經政黨推薦,0,無黨籍及未經政黨推薦,0,中國國民黨,0,中國國民黨,0,中國國民黨,0,無黨籍及未經政黨推薦,0,民主進步黨,0,民主進步黨,0,中國國民黨,0,無黨籍及未經政黨推薦,0,民主進步黨,0,無黨籍及未經政黨推薦,0,無黨籍及未經政黨推薦,0,無黨籍及未經政黨推薦,0,無黨籍及未經政黨推薦,0,民主進步黨,0,中國國民黨,0,中國國民黨,0,民主進步黨,0,無黨籍及未經政黨推薦,0,民主進步黨,0,無黨籍及未經政黨推薦,0,中國國民黨,0,無黨籍及未經政黨推薦,0,無黨籍及未經政黨推薦,0,民主進步黨,0,中國國民黨,0,無黨籍及未經政黨推薦,0,無黨籍及未經政黨推薦,0,中國國民黨,0,無黨籍及未經政黨推薦,0,無黨籍及未經政黨推薦,0,民主進步黨,0,無黨籍及未經政黨推薦,0,民主進步黨,0,無黨籍及未經政黨推薦,0,無黨籍及未經政黨推薦,0,無黨籍及未經政黨推薦,0,民主進步黨,0,無黨籍及未經政黨推薦,0,無黨籍及未經政黨推薦,0,無黨籍及未經政黨推薦,0,無黨籍及未經政黨推薦,0,中國國民黨,0,無黨籍及未經政黨推薦,0,親民黨,0,無黨籍及未經政黨推薦,0,無黨籍及未經政黨推薦,0,民主進步黨,0,無黨籍及未經政黨推薦,8054,138,8192,0,8192,2636,10828,75.66
龍泉里,0011,0,民主進步黨,5234,民主進步黨,0,中國國民黨,0,民主進步黨,0,民主進步黨,0,民主進步黨,0,民主進步黨,0,中國國民黨,0,無黨籍及未經政黨推薦,0,中國國民黨,0,無黨籍及未經政黨推薦,0,無黨籍及未經政黨推薦,0,民主進步黨,5244,民主進步黨,0,中國國民黨,0,中國國民黨,0,民主進步黨,0,無黨籍及未經政黨推薦,0,中國國民黨,0,中國國民黨,0,台澎黨,0,民主進步黨,0,台澎黨,0,無黨籍及未經政黨推薦,0,民主進步黨,0,民主進步黨,0,民主進步黨,0,民主進步黨,0,民主進步黨,0,中國國民黨,0,民主進步黨,0,民主進步黨,0,民主進步黨,0,無黨籍及未經政黨推薦,0,中國國民黨,0,無黨籍及未經政黨推薦,0,民主進步黨,0,中國國民黨,0,中國國民黨,0,民主進步黨,0,中國國民黨,0,民主進步黨,0,中國國民黨,0,無黨籍及未經政黨推薦,0,中國國民黨,0,無黨籍及未經政黨推薦,0,無黨籍及未經政黨推薦,0,中國國民黨,0,中國國民黨,0,中國國民黨,0,無黨籍及未經政黨推薦,0,民主進步黨,0,民主進步黨,0,中國國民黨,0,無黨籍及未經政黨推薦,0,民主進步黨,0,無黨籍及未經政黨推薦,0,無黨籍及未經政黨推薦,0,無黨籍及未經政黨推薦,0,無黨籍及未經政黨推薦,0,民主進步黨,0,中國國民黨,0,中國國民黨,0,民主進步黨,0,無黨籍及未經政黨推薦,0,民主進步黨,0,無黨籍及未經政黨推薦,0,中國國民黨,0,無黨籍及未經政黨推薦,0,無黨籍及未經政黨推薦,0,民主進步黨,0,中國國民黨,0,無黨籍及未經政黨推薦,0,無黨籍及未經政黨推薦,0,中國國民黨,0,無黨籍及未經政黨推薦,0,無黨籍及未經政黨推薦,0,民主進步黨,0,無黨籍及未經政黨推薦,0,民主進步黨,0,無黨籍及未經政黨推薦,0,無黨籍及未經政黨推薦,0,無黨籍及未經政黨推薦,0,民主進步黨,0,無黨籍及未經政黨推薦,0,無黨籍及未經政黨推薦,0,無黨籍及未經政黨推薦,0,無黨籍及未經政黨推薦,0,中國國民黨,0,無黨籍及未經政黨推薦,0,親民黨,0,無黨籍及未經政黨推薦,0,無黨籍及未經政黨推薦,0,民主進步黨,0,無黨籍及未經政黨推薦,10478,210,10688,0,10688,3404,14092,75.84
龍崗里,0012,0,民主進步黨,1856,民主進步黨,0,中國國民黨,0,民主進步黨,0,民主進步黨,0,民主進步黨,0,民主進步黨,0,中國國民黨,0,無黨籍及未經政黨推薦,0,中國國民黨,0,無黨籍及未經政黨推薦,0,無黨籍及未經政黨推薦,0,民主進步黨,1690,民主進步黨,0,中國國民黨,0,中國國民黨,0,民主進步黨,0,無黨籍及未經政黨推薦,0,中國國民黨,0,中國國民黨,0,台澎黨,0,民主進步黨,0,台澎黨,0,無黨籍及未經政黨推薦,0,民主進步黨,0,民主進步黨,0,民主進步黨,0,民主進步黨,0,民主進步黨,0,中國國民黨,0,民主進步黨,0,民主進步黨,0,民主進步黨,0,無黨籍及未經政黨推薦,0,中國國民黨,0,無黨籍及未經政黨推薦,0,民主進步黨,0,中國國民黨,0,中國國民黨,0,民主進步黨,0,中國國民黨,0,民主進步黨,0,中國國民黨,0,無黨籍及未經政黨推薦,0,中國國民黨,0,無黨籍及未經政黨推薦,0,無黨籍及未經政黨推薦,0,中國國民黨,0,中國國民黨,0,中國國民黨,0,無黨籍及未經政黨推薦,0,民主進步黨,0,民主進步黨,0,中國國民黨,0,無黨籍及未經政黨推薦,0,民主進步黨,0,無黨籍及未經政黨推薦,0,無黨籍及未經政黨推薦,0,無黨籍及未經政黨推薦,0,無黨籍及未經政黨推薦,0,民主進步黨,0,中國國民黨,0,中國國民黨,0,民主進步黨,0,無黨籍及未經政黨推薦,0,民主進步黨,0,無黨籍及未經政黨推薦,0,中國國民黨,0,無黨籍及未經政黨推薦,0,無黨籍及未經政黨推薦,0,民主進步黨,0,中國國民黨,0,無黨籍及未經政黨推薦,0,無黨籍及未經政黨推薦,0,中國國民黨,0,無黨籍及未經政黨推薦,0,無黨籍及未經政黨推薦,0,民主進步黨,0,無黨籍及未經政黨推薦,0,民主進步黨,0,無黨籍及未經政黨推薦,0,無黨籍及未經政黨推薦,0,無黨籍及未經政黨推薦,0,民主進步黨,0,無黨籍及未經政黨推薦,0,無黨籍及未經政黨推薦,0,無黨籍及未經政黨推薦,0,無黨籍及未經政黨推薦,0,中國國民黨,0,無黨籍及未經政黨推薦,0,親民黨,0,無黨籍及未經政黨推薦,0,無黨籍及未經政黨推薦,0,民主進步黨,0,無黨籍及未經政黨推薦,3546,86,3632,0,3632,1124,4756,76.37
新庄里,0013,0,民主進步黨,4282,民主進步黨,0,中國國民黨,0,民主進步黨,0,民主進步黨,0,民主進步黨,0,民主進步黨,0,中國國民黨,0,無黨籍及未經政黨推薦,0,中國國民黨,0,無黨籍及未經政黨推薦,0,無黨籍及未經政黨推薦,0,民主進步黨,4462,民主進步黨,0,中國國民黨,0,中國國民黨,0,民主進步黨,0,無黨籍及未經政黨推薦,0,中國國民黨,0,中國國民黨,0,台澎黨,0,民主進步黨,0,台澎黨,0,無黨籍及未經政黨推薦,0,民主進步黨,0,民主進步黨,0,民主進步黨,0,民主進步黨,0,民主進步黨,0,中國國民黨,0,民主進步黨,0,民主進步黨,0,民主進步黨,0,無黨籍及未經政黨推薦,0,中國國民黨,0,無黨籍及未經政黨推薦,0,民主進步黨,0,中國國民黨,0,中國國民黨,0,民主進步黨,0,中國國民黨,0,民主進步黨,0,中國國民黨,0,無黨籍及未經政黨推薦,0,中國國民黨,0,無黨籍及未經政黨推薦,0,無黨籍及未經政黨推薦,0,中國國民黨,0,中國國民黨,0,中國國民黨,0,無黨籍及未經政黨推薦,0,民主進步黨,0,民主進步黨,0,中國國民黨,0,無黨籍及未經政黨推薦,0,民主進步黨,0,無黨籍及未經政黨推薦,0,無黨籍及未經政黨推薦,0,無黨籍及未經政黨推薦,0,無黨籍及未經政黨推薦,0,民主進步黨,0,中國國民黨,0,中國國民黨,0,民主進步黨,0,無黨籍及未經政黨推薦,0,民主進步黨,0,無黨籍及未經政黨推薦,0,中國國民黨,0,無黨籍及未經政黨推薦,0,無黨籍及未經政黨推薦,0,民主進步黨,0,中國國民黨,0,無黨籍及未經政黨推薦,0,無黨籍及未經政黨推薦,0,中國國民黨,0,無黨籍及未經政黨推薦,0,無黨籍及未經政黨推薦,0,民主進步黨,0,無黨籍及未經政黨推薦,0,民主進步黨,0,無黨籍及未經政黨推薦,0,無黨籍及未經政黨推薦,0,無黨籍及未經政黨推薦,0,民主進步黨,0,無黨籍及未經政黨推薦,0,無黨籍及未經政黨推薦,0,無黨籍及未經政黨推薦,0,無黨籍及未經政黨推薦,0,中國國民黨,0,無黨籍及未經政黨推薦,0,親民黨,0,無黨籍及未經政黨推薦,0,無黨籍及未經政黨推薦,0,民主進步黨,0,無黨籍及未經政黨推薦,8744,148,8892,0,8892,2848,11740,75.74
南寮里,0014,0,民主進步黨,1222,民主進步黨,0,中國國民黨,0,民主進步黨,0,民主進步黨,0,民主進步黨,0,民主進步黨,0,中國國民黨,0,無黨籍及未經政黨推薦,0,中國國民黨,0,無黨籍及未經政黨推薦,0,無黨籍及未經政黨推薦,0,民主進步黨,1118,民主進步黨,0,中國國民黨,0,中國國民黨,0,民主進步黨,0,無黨籍及未經政黨推薦,0,中國國民黨,0,中國國民黨,0,台澎黨,0,民主進步黨,0,台澎黨,0,無黨籍及未經政黨推薦,0,民主進步黨,0,民主進步黨,0,民主進步黨,0,民主進步黨,0,民主進步黨,0,中國國民黨,0,民主進步黨,0,民主進步黨,0,民主進步黨,0,無黨籍及未經政黨推薦,0,中國國民黨,0,無黨籍及未經政黨推薦,0,民主進步黨,0,中國國民黨,0,中國國民黨,0,民主進步黨,0,中國國民黨,0,民主進步黨,0,中國國民黨,0,無黨籍及未經政黨推薦,0,中國國民黨,0,無黨籍及未經政黨推薦,0,無黨籍及未經政黨推薦,0,中國國民黨,0,中國國民黨,0,中國國民黨,0,無黨籍及未經政黨推薦,0,民主進步黨,0,民主進步黨,0,中國國民黨,0,無黨籍及未經政黨推薦,0,民主進步黨,0,無黨籍及未經政黨推薦,0,無黨籍及未經政黨推薦,0,無黨籍及未經政黨推薦,0,無黨籍及未經政黨推薦,0,民主進步黨,0,中國國民黨,0,中國國民黨,0,民主進步黨,0,無黨籍及未經政黨推薦,0,民主進步黨,0,無黨籍及未經政黨推薦,0,中國國民黨,0,無黨籍及未經政黨推薦,0,無黨籍及未經政黨推薦,0,民主進步黨,0,中國國民黨,0,無黨籍及未經政黨推薦,0,無黨籍及未經政黨推薦,0,中國國民黨,0,無黨籍及未經政黨推薦,0,無黨籍及未經政黨推薦,0,民主進步黨,0,無黨籍及未經政黨推薦,0,民主進步黨,0,無黨籍及未經政黨推薦,0,無黨籍及未經政黨推薦,0,無黨籍及未經政黨推薦,0,民主進步黨,0,無黨籍及未經政黨推薦,0,無黨籍及未經政黨推薦,0,無黨籍及未經政黨推薦,0,無黨籍及未經政黨推薦,0,中國國民黨,0,無黨籍及未經政黨推薦,0,親民黨,0,無黨籍及未經政黨推薦,0,無黨籍及未經政黨推薦,0,民主進步黨,0,無黨籍及未經政黨推薦,2340,36,2376,0,2376,632,3008,78.99
新東里,0015,0,民主進步黨,3360,民主進步黨,0,中國國民黨,0,民主進步黨,0,民主進步黨,0,民主進步黨,0,民主進步黨,0,中國國民黨,0,無黨籍及未經政黨推薦,0,中國國民黨,0,無黨籍及未經政黨推薦,0,無黨籍及未經政黨推薦,0,民主進步黨,3484,民主進步黨,0,中國國民黨,0,中國國民黨,0,民主進步黨,0,無黨籍及未經政黨推薦,0,中國國民黨,0,中國國民黨,0,台澎黨,0,民主進步黨,0,台澎黨,0,無黨籍及未經政黨推薦,0,民主進步黨,0,民主進步黨,0,民主進步黨,0,民主進步黨,0,民主進步黨,0,中國國民黨,0,民主進步黨,0,民主進步黨,0,民主進步黨,0,無黨籍及未經政黨推薦,0,中國國民黨,0,無黨籍及未經政黨推薦,0,民主進步黨,0,中國國民黨,0,中國國民黨,0,民主進步黨,0,中國國民黨,0,民主進步黨,0,中國國民黨,0,無黨籍及未經政黨推薦,0,中國國民黨,0,無黨籍及未經政黨推薦,0,無黨籍及未經政黨推薦,0,中國國民黨,0,中國國民黨,0,中國國民黨,0,無黨籍及未經政黨推薦,0,民主進步黨,0,民主進步黨,0,中國國民黨,0,無黨籍及未經政黨推薦,0,民主進步黨,0,無黨籍及未經政黨推薦,0,無黨籍及未經政黨推薦,0,無黨籍及未經政黨推薦,0,無黨籍及未經政黨推薦,0,民主進步黨,0,中國國民黨,0,中國國民黨,0,民主進步黨,0,無黨籍及未經政黨推薦,0,民主進步黨,0,無黨籍及未經政黨推薦,0,中國國民黨,0,無黨籍及未經政黨推薦,0,無黨籍及未經政黨推薦,0,民主進步黨,0,中國國民黨,0,無黨籍及未經政黨推薦,0,無黨籍及未經政黨推薦,0,中國國民黨,0,無黨籍及未經政黨推薦,0,無黨籍及未經政黨推薦,0,民主進步黨,0,無黨籍及未經政黨推薦,0,民主進步黨,0,無黨籍及未經政黨推薦,0,無黨籍及未經政黨推薦,0,無黨籍及未經政黨推薦,0,民主進步黨,0,無黨籍及未經政黨推薦,0,無黨籍及未經政黨推薦,0,無黨籍及未經政黨推薦,0,無黨籍及未經政黨推薦,0,中國國民黨,0,無黨籍及未經政黨推薦,0,親民黨,0,無黨籍及未經政黨推薦,0,無黨籍及未經政黨推薦,0,民主進步黨,0,無黨籍及未經政黨推薦,6844,172,7016,0,7016,2168,9184,76.39
東海里,0016,0,民主進步黨,6276,民主進步黨,0,中國國民黨,0,民主進步黨,0,民主進步黨,0,民主進步黨,0,民主進步黨,0,中國國民黨,0,無黨籍及未經政黨推薦,0,中國國民黨,0,無黨籍及未經政黨推薦,0,無黨籍及未經政黨推薦,0,民主進步黨,6014,民主進步黨,0,中國國民黨,0,中國國民黨,0,民主進步黨,0,無黨籍及未經政黨推薦,0,中國國民黨,0,中國國民黨,0,台澎黨,0,民主進步黨,0,台澎黨,0,無黨籍及未經政黨推薦,0,民主進步黨,0,民主進步黨,0,民主進步黨,0,民主進步黨,0,民主進步黨,0,中國國民黨,0,民主進步黨,0,民主進步黨,0,民主進步黨,0,無黨籍及未經政黨推薦,0,中國國民黨,0,無黨籍及未經政黨推薦,0,民主進步黨,0,中國國民黨,0,中國國民黨,0,民主進步黨,0,中國國民黨,0,民主進步黨,0,中國國民黨,0,無黨籍及未經政黨推薦,0,中國國民黨,0,無黨籍及未經政黨推薦,0,無黨籍及未經政黨推薦,0,中國國民黨,0,中國國民黨,0,中國國民黨,0,無黨籍及未經政黨推薦,0,民主進步黨,0,民主進步黨,0,中國國民黨,0,無黨籍及未經政黨推薦,0,民主進步黨,0,無黨籍及未經政黨推薦,0,無黨籍及未經政黨推薦,0,無黨籍及未經政黨推薦,0,無黨籍及未經政黨推薦,0,民主進步黨,0,中國國民黨,0,中國國民黨,0,民主進步黨,0,無黨籍及未經政黨推薦,0,民主進步黨,0,無黨籍及未經政黨推薦,0,中國國民黨,0,無黨籍及未經政黨推薦,0,無黨籍及未經政黨推薦,0,民主進步黨,0,中國國民黨,0,無黨籍及未經政黨推薦,0,無黨籍及未經政黨推薦,0,中國國民黨,0,無黨籍及未經政黨推薦,0,無黨籍及未經政黨推薦,0,民主進步黨,0,無黨籍及未經政黨推薦,0,民主進步黨,0,無黨籍及未經政黨推薦,0,無黨籍及未經政黨推薦,0,無黨籍及未經政黨推薦,0,民主進步黨,0,無黨籍及未經政黨推薦,0,無黨籍及未經政黨推薦,0,無黨籍及未經政黨推薦,0,無黨籍及未經政黨推薦,0,中國國民黨,0,無黨籍及未經政黨推薦,0,親民黨,0,無黨籍及未經政黨推薦,0,無黨籍及未經政黨推薦,0,民主進步黨,0,無黨籍及未經政黨推薦,12290,268,12558,0,12558,3836,16394,76.6
桐林里,0001,0,民主進步黨,1016,民主進步黨,0,中國國民黨,0,民主進步黨,0,民主進步黨,0,民主進步黨,0,民主進步黨,0,中國國民黨,0,無黨籍及未經政黨推薦,0,中國國民黨,0,無黨籍及未經政黨推薦,0,無黨籍及未經政黨推薦,0,民主進步黨,816,民主進步黨,0,中國國民黨,0,中國國民黨,0,民主進步黨,0,無黨籍及未經政黨推薦,0,中國國民黨,0,中國國民黨,0,台澎黨,0,民主進步黨,0,台澎黨,0,無黨籍及未經政黨推薦,0,民主進步黨,0,民主進步黨,0,民主進步黨,0,民主進步黨,0,民主進步黨,0,中國國民黨,0,民主進步黨,0,民主進步黨,0,民主進步黨,0,無黨籍及未經政黨推薦,0,中國國民黨,0,無黨籍及未經政黨推薦,0,民主進步黨,0,中國國民黨,0,中國國民黨,0,民主進步黨,0,中國國民黨,0,民主進步黨,0,中國國民黨,0,無黨籍及未經政黨推薦,0,中國國民黨,0,無黨籍及未經政黨推薦,0,無黨籍及未經政黨推薦,0,中國國民黨,0,中國國民黨,0,中國國民黨,0,無黨籍及未經政黨推薦,0,民主進步黨,0,民主進步黨,0,中國國民黨,0,無黨籍及未經政黨推薦,0,民主進步黨,0,無黨籍及未經政黨推薦,0,無黨籍及未經政黨推薦,0,無黨籍及未經政黨推薦,0,無黨籍及未經政黨推薦,0,民主進步黨,0,中國國民黨,0,中國國民黨,0,民主進步黨,0,無黨籍及未經政黨推薦,0,民主進步黨,0,無黨籍及未經政黨推薦,0,中國國民黨,0,無黨籍及未經政黨推薦,0,無黨籍及未經政黨推薦,0,民主進步黨,0,中國國民黨,0,無黨籍及未經政黨推薦,0,無黨籍及未經政黨推薦,0,中國國民黨,0,無黨籍及未經政黨推薦,0,無黨籍及未經政黨推薦,0,民主進步黨,0,無黨籍及未經政黨推薦,0,民主進步黨,0,無黨籍及未經政黨推薦,0,無黨籍及未經政黨推薦,0,無黨籍及未經政黨推薦,0,民主進步黨,0,無黨籍及未經政黨推薦,0,無黨籍及未經政黨推薦,0,無黨籍及未經政黨推薦,0,無黨籍及未經政黨推薦,0,中國國民黨,0,無黨籍及未經政黨推薦,0,親民黨,0,無黨籍及未經政黨推薦,0,無黨籍及未經政黨推薦,0,民主進步黨,0,無黨籍及未經政黨推薦,1832,12,1844,0,1844,500,2344,78.67
吉峰里,0002,0,民主進步黨,6028,民主進步黨,0,中國國民黨,0,民主進步黨,0,民主進步黨,0,民主進步黨,0,民主進步黨,0,中國國民黨,0,無黨籍及未經政黨推薦,0,中國國民黨,0,無黨籍及未經政黨推薦,0,無黨籍及未經政黨推薦,0,民主進步黨,6832,民主進步黨,0,中國國民黨,0,中國國民黨,0,民主進步黨,0,無黨籍及未經政黨推薦,0,中國國民黨,0,中國國民黨,0,台澎黨,0,民主進步黨,0,台澎黨,0,無黨籍及未經政黨推薦,0,民主進步黨,0,民主進步黨,0,民主進步黨,0,民主進步黨,0,民主進步黨,0,中國國民黨,0,民主進步黨,0,民主進步黨,0,民主進步黨,0,無黨籍及未經政黨推薦,0,中國國民黨,0,無黨籍及未經政黨推薦,0,民主進步黨,0,中國國民黨,0,中國國民黨,0,民主進步黨,0,中國國民黨,0,民主進步黨,0,中國國民黨,0,無黨籍及未經政黨推薦,0,中國國民黨,0,無黨籍及未經政黨推薦,0,無黨籍及未經政黨推薦,0,中國國民黨,0,中國國民黨,0,中國國民黨,0,無黨籍及未經政黨推薦,0,民主進步黨,0,民主進步黨,0,中國國民黨,0,無黨籍及未經政黨推薦,0,民主進步黨,0,無黨籍及未經政黨推薦,0,無黨籍及未經政黨推薦,0,無黨籍及未經政黨推薦,0,無黨籍及未經政黨推薦,0,民主進步黨,0,中國國民黨,0,中國國民黨,0,民主進步黨,0,無黨籍及未經政黨推薦,0,民主進步黨,0,無黨籍及未經政黨推薦,0,中國國民黨,0,無黨籍及未經政黨推薦,0,無黨籍及未經政黨推薦,0,民主進步黨,0,中國國民黨,0,無黨籍及未經政黨推薦,0,無黨籍及未經政黨推薦,0,中國國民黨,0,無黨籍及未經政黨推薦,0,無黨籍及未經政黨推薦,0,民主進步黨,0,無黨籍及未經政黨推薦,0,民主進步黨,0,無黨籍及未經政黨推薦,0,無黨籍及未經政黨推薦,0,無黨籍及未經政黨推薦,0,民主進步黨,0,無黨籍及未經政黨推薦,0,無黨籍及未經政黨推薦,0,無黨籍及未經政黨推薦,0,無黨籍及未經政黨推薦,0,中國國民黨,0,無黨籍及未經政黨推薦,0,親民黨,0,無黨籍及未經政黨推薦,0,無黨籍及未經政黨推薦,0,民主進步黨,0,無黨籍及未經政黨推薦,12860,172,13032,0,13032,4658,17690,73.67
甲寅里,0003,0,民主進步黨,3226,民主進步黨,0,中國國民黨,0,民主進步黨,0,民主進步黨,0,民主進步黨,0,民主進步黨,0,中國國民黨,0,無黨籍及未經政黨推薦,0,中國國民黨,0,無黨籍及未經政黨推薦,0,無黨籍及未經政黨推薦,0,民主進步黨,3500,民主進步黨,0,中國國民黨,0,中國國民黨,0,民主進步黨,0,無黨籍及未經政黨推薦,0,中國國民黨,0,中國國民黨,0,台澎黨,0,民主進步黨,0,台澎黨,0,無黨籍及未經政黨推薦,0,民主進步黨,0,民主進步黨,0,民主進步黨,0,民主進步黨,0,民主進步黨,0,中國國民黨,0,民主進步黨,0,民主進步黨,0,民主進步黨,0,無黨籍及未經政黨推薦,0,中國國民黨,0,無黨籍及未經政黨推薦,0,民主進步黨,0,中國國民黨,0,中國國民黨,0,民主進步黨,0,中國國民黨,0,民主進步黨,0,中國國民黨,0,無黨籍及未經政黨推薦,0,中國國民黨,0,無黨籍及未經政黨推薦,0,無黨籍及未經政黨推薦,0,中國國民黨,0,中國國民黨,0,中國國民黨,0,無黨籍及未經政黨推薦,0,民主進步黨,0,民主進步黨,0,中國國民黨,0,無黨籍及未經政黨推薦,0,民主進步黨,0,無黨籍及未經政黨推薦,0,無黨籍及未經政黨推薦,0,無黨籍及未經政黨推薦,0,無黨籍及未經政黨推薦,0,民主進步黨,0,中國國民黨,0,中國國民黨,0,民主進步黨,0,無黨籍及未經政黨推薦,0,民主進步黨,0,無黨籍及未經政黨推薦,0,中國國民黨,0,無黨籍及未經政黨推薦,0,無黨籍及未經政黨推薦,0,民主進步黨,0,中國國民黨,0,無黨籍及未經政黨推薦,0,無黨籍及未經政黨推薦,0,中國國民黨,0,無黨籍及未經政黨推薦,0,無黨籍及未經政黨推薦,0,民主進步黨,0,無黨籍及未經政黨推薦,0,民主進步黨,0,無黨籍及未經政黨推薦,0,無黨籍及未經政黨推薦,0,無黨籍及未經政黨推薦,0,民主進步黨,0,無黨籍及未經政黨推薦,0,無黨籍及未經政黨推薦,0,無黨籍及未經政黨推薦,0,無黨籍及未經政黨推薦,0,中國國民黨,0,無黨籍及未經政黨推薦,0,親民黨,0,無黨籍及未經政黨推薦,0,無黨籍及未經政黨推薦,0,民主進步黨,0,無黨籍及未經政黨推薦,6726,136,6862,0,6862,2254,9116,75.27
本鄉里,0004,0,民主進步黨,1544,民主進步黨,0,中國國民黨,0,民主進步黨,0,民主進步黨,0,民主進步黨,0,民主進步黨,0,中國國民黨,0,無黨籍及未經政黨推薦,0,中國國民黨,0,無黨籍及未經政黨推薦,0,無黨籍及未經政黨推薦,0,民主進步黨,1790,民主進步黨,0,中國國民黨,0,中國國民黨,0,民主進步黨,0,無黨籍及未經政黨推薦,0,中國國民黨,0,中國國民黨,0,台澎黨,0,民主進步黨,0,台澎黨,0,無黨籍及未經政黨推薦,0,民主進步黨,0,民主進步黨,0,民主進步黨,0,民主進步黨,0,民主進步黨,0,中國國民黨,0,民主進步黨,0,民主進步黨,0,民主進步黨,0,無黨籍及未經政黨推薦,0,中國國民黨,0,無黨籍及未經政黨推薦,0,民主進步黨,0,中國國民黨,0,中國國民黨,0,民主進步黨,0,中國國民黨,0,民主進步黨,0,中國國民黨,0,無黨籍及未經政黨推薦,0,中國國民黨,0,無黨籍及未經政黨推薦,0,無黨籍及未經政黨推薦,0,中國國民黨,0,中國國民黨,0,中國國民黨,0,無黨籍及未經政黨推薦,0,民主進步黨,0,民主進步黨,0,中國國民黨,0,無黨籍及未經政黨推薦,0,民主進步黨,0,無黨籍及未經政黨推薦,0,無黨籍及未經政黨推薦,0,無黨籍及未經政黨推薦,0,無黨籍及未經政黨推薦,0,民主進步黨,0,中國國民黨,0,中國國民黨,0,民主進步黨,0,無黨籍及未經政黨推薦,0,民主進步黨,0,無黨籍及未經政黨推薦,0,中國國民黨,0,無黨籍及未經政黨推薦,0,無黨籍及未經政黨推薦,0,民主進步黨,0,中國國民黨,0,無黨籍及未經政黨推薦,0,無黨籍及未經政黨推薦,0,中國國民黨,0,無黨籍及未經政黨推薦,0,無黨籍及未經政黨推薦,0,民主進步黨,0,無黨籍及未經政黨推薦,0,民主進步黨,0,無黨籍及未經政黨推薦,0,無黨籍及未經政黨推薦,0,無黨籍及未經政黨推薦,0,民主進步黨,0,無黨籍及未經政黨推薦,0,無黨籍及未經政黨推薦,0,無黨籍及未經政黨推薦,0,無黨籍及未經政黨推薦,0,中國國民黨,0,無黨籍及未經政黨推薦,0,親民黨,0,無黨籍及未經政黨推薦,0,無黨籍及未經政黨推薦,0,民主進步黨,0,無黨籍及未經政黨推薦,3334,62,3396,0,3396,1072,4468,76.01
中正里,0005,0,民主進步黨,1524,民主進步黨,0,中國國民黨,0,民主進步黨,0,民主進步黨,0,民主進步黨,0,民主進步黨,0,中國國民黨,0,無黨籍及未經政黨推薦,0,中國國民黨,0,無黨籍及未經政黨推薦,0,無黨籍及未經政黨推薦,0,民主進步黨,1526,民主進步黨,0,中國國民黨,0,中國國民黨,0,民主進步黨,0,無黨籍及未經政黨推薦,0,中國國民黨,0,中國國民黨,0,台澎黨,0,民主進步黨,0,台澎黨,0,無黨籍及未經政黨推薦,0,民主進步黨,0,民主進步黨,0,民主進步黨,0,民主進步黨,0,民主進步黨,0,中國國民黨,0,民主進步黨,0,民主進步黨,0,民主進步黨,0,無黨籍及未經政黨推薦,0,中國國民黨,0,無黨籍及未經政黨推薦,0,民主進步黨,0,中國國民黨,0,中國國民黨,0,民主進步黨,0,中國國民黨,0,民主進步黨,0,中國國民黨,0,無黨籍及未經政黨推薦,0,中國國民黨,0,無黨籍及未經政黨推薦,0,無黨籍及未經政黨推薦,0,中國國民黨,0,中國國民黨,0,中國國民黨,0,無黨籍及未經政黨推薦,0,民主進步黨,0,民主進步黨,0,中國國民黨,0,無黨籍及未經政黨推薦,0,民主進步黨,0,無黨籍及未經政黨推薦,0,無黨籍及未經政黨推薦,0,無黨籍及未經政黨推薦,0,無黨籍及未經政黨推薦,0,民主進步黨,0,中國國民黨,0,中國國民黨,0,民主進步黨,0,無黨籍及未經政黨推薦,0,民主進步黨,0,無黨籍及未經政黨推薦,0,中國國民黨,0,無黨籍及未經政黨推薦,0,無黨籍及未經政黨推薦,0,民主進步黨,0,中國國民黨,0,無黨籍及未經政黨推薦,0,無黨籍及未經政黨推薦,0,中國國民黨,0,無黨籍及未經政黨推薦,0,無黨籍及未經政黨推薦,0,民主進步黨,0,無黨籍及未經政黨推薦,0,民主進步黨,0,無黨籍及未經政黨推薦,0,無黨籍及未經政黨推薦,0,無黨籍及未經政黨推薦,0,民主進步黨,0,無黨籍及未經政黨推薦,0,無黨籍及未經政黨推薦,0,無黨籍及未經政黨推薦,0,無黨籍及未經政黨推薦,0,中國國民黨,0,無黨籍及未經政黨推薦,0,親民黨,0,無黨籍及未經政黨推薦,0,無黨籍及未經政黨推薦,0,民主進步黨,0,無黨籍及未經政黨推薦,3050,76,3126,0,3126,808,3934,79.46
錦榮里,0006,0,民主進步黨,950,民主進步黨,0,中國國民黨,0,民主進步黨,0,民主進步黨,0,民主進步黨,0,民主進步黨,0,中國國民黨,0,無黨籍及未經政黨推薦,0,中國國民黨,0,無黨籍及未經政黨推薦,0,無黨籍及未經政黨推薦,0,民主進步黨,858,民主進步黨,0,中國國民黨,0,中國國民黨,0,民主進步黨,0,無黨籍及未經政黨推薦,0,中國國民黨,0,中國國民黨,0,台澎黨,0,民主進步黨,0,台澎黨,0,無黨籍及未經政黨推薦,0,民主進步黨,0,民主進步黨,0,民主進步黨,0,民主進步黨,0,民主進步黨,0,中國國民黨,0,民主進步黨,0,民主進步黨,0,民主進步黨,0,無黨籍及未經政黨推薦,0,中國國民黨,0,無黨籍及未經政黨推薦,0,民主進步黨,0,中國國民黨,0,中國國民黨,0,民主進步黨,0,中國國民黨,0,民主進步黨,0,中國國民黨,0,無黨籍及未經政黨推薦,0,中國國民黨,0,無黨籍及未經政黨推薦,0,無黨籍及未經政黨推薦,0,中國國民黨,0,中國國民黨,0,中國國民黨,0,無黨籍及未經政黨推薦,0,民主進步黨,0,民主進步黨,0,中國國民黨,0,無黨籍及未經政黨推薦,0,民主進步黨,0,無黨籍及未經政黨推薦,0,無黨籍及未經政黨推薦,0,無黨籍及未經政黨推薦,0,無黨籍及未經政黨推薦,0,民主進步黨,0,中國國民黨,0,中國國民黨,0,民主進步黨,0,無黨籍及未經政黨推薦,0,民主進步黨,0,無黨籍及未經政黨推薦,0,中國國民黨,0,無黨籍及未經政黨推薦,0,無黨籍及未經政黨推薦,0,民主進步黨,0,中國國民黨,0,無黨籍及未經政黨推薦,0,無黨籍及未經政黨推薦,0,中國國民黨,0,無黨籍及未經政黨推薦,0,無黨籍及未經政黨推薦,0,民主進步黨,0,無黨籍及未經政黨推薦,0,民主進步黨,0,無黨籍及未經政黨推薦,0,無黨籍及未經政黨推薦,0,無黨籍及未經政黨推薦,0,民主進步黨,0,無黨籍及未經政黨推薦,0,無黨籍及未經政黨推薦,0,無黨籍及未經政黨推薦,0,無黨籍及未經政黨推薦,0,中國國民黨,0,無黨籍及未經政黨推薦,0,親民黨,0,無黨籍及未經政黨推薦,0,無黨籍及未經政黨推薦,0,民主進步黨,0,無黨籍及未經政黨推薦,1808,46,1854,0,1854,510,2364,78.43
萊園里,0007,0,民主進步黨,762,民主進步黨,0,中國國民黨,0,民主進步黨,0,民主進步黨,0,民主進步黨,0,民主進步黨,0,中國國民黨,0,無黨籍及未經政黨推薦,0,中國國民黨,0,無黨籍及未經政黨推薦,0,無黨籍及未經政黨推薦,0,民主進步黨,808,民主進步黨,0,中國國民黨,0,中國國民黨,0,民主進步黨,0,無黨籍及未經政黨推薦,0,中國國民黨,0,中國國民黨,0,台澎黨,0,民主進步黨,0,台澎黨,0,無黨籍及未經政黨推薦,0,民主進步黨,0,民主進步黨,0,民主進步黨,0,民主進步黨,0,民主進步黨,0,中國國民黨,0,民主進步黨,0,民主進步黨,0,民主進步黨,0,無黨籍及未經政黨推薦,0,中國國民黨,0,無黨籍及未經政黨推薦,0,民主進步黨,0,中國國民黨,0,中國國民黨,0,民主進步黨,0,中國國民黨,0,民主進步黨,0,中國國民黨,0,無黨籍及未經政黨推薦,0,中國國民黨,0,無黨籍及未經政黨推薦,0,無黨籍及未經政黨推薦,0,中國國民黨,0,中國國民黨,0,中國國民黨,0,無黨籍及未經政黨推薦,0,民主進步黨,0,民主進步黨,0,中國國民黨,0,無黨籍及未經政黨推薦,0,民主進步黨,0,無黨籍及未經政黨推薦,0,無黨籍及未經政黨推薦,0,無黨籍及未經政黨推薦,0,無黨籍及未經政黨推薦,0,民主進步黨,0,中國國民黨,0,中國國民黨,0,民主進步黨,0,無黨籍及未經政黨推薦,0,民主進步黨,0,無黨籍及未經政黨推薦,0,中國國民黨,0,無黨籍及未經政黨推薦,0,無黨籍及未經政黨推薦,0,民主進步黨,0,中國國民黨,0,無黨籍及未經政黨推薦,0,無黨籍及未經政黨推薦,0,中國國民黨,0,無黨籍及未經政黨推薦,0,無黨籍及未經政黨推薦,0,民主進步黨,0,無黨籍及未經政黨推薦,0,民主進步黨,0,無黨籍及未經政黨推薦,0,無黨籍及未經政黨推薦,0,無黨籍及未經政黨推薦,0,民主進步黨,0,無黨籍及未經政黨推薦,0,無黨籍及未經政黨推薦,0,無黨籍及未經政黨推薦,0,無黨籍及未經政黨推薦,0,中國國民黨,0,無黨籍及未經政黨推薦,0,親民黨,0,無黨籍及未經政黨推薦,0,無黨籍及未經政黨推薦,0,民主進步黨,0,無黨籍及未經政黨推薦,1570,20,1590,0,1590,496,2086,76.22
本堂里,0008,0,民主進步黨,4340,民主進步黨,0,中國國民黨,0,民主進步黨,0,民主進步黨,0,民主進步黨,0,民主進步黨,0,中國國民黨,0,無黨籍及未經政黨推薦,0,中國國民黨,0,無黨籍及未經政黨推薦,0,無黨籍及未經政黨推薦,0,民主進步黨,4296,民主進步黨,0,中國國民黨,0,中國國民黨,0,民主進步黨,0,無黨籍及未經政黨推薦,0,中國國民黨,0,中國國民黨,0,台澎黨,0,民主進步黨,0,台澎黨,0,無黨籍及未經政黨推薦,0,民主進步黨,0,民主進步黨,0,民主進步黨,0,民主進步黨,0,民主進步黨,0,中國國民黨,0,民主進步黨,0,民主進步黨,0,民主進步黨,0,無黨籍及未經政黨推薦,0,中國國民黨,0,無黨籍及未經政黨推薦,0,民主進步黨,0,中國國民黨,0,中國國民黨,0,民主進步黨,0,中國國民黨,0,民主進步黨,0,中國國民黨,0,無黨籍及未經政黨推薦,0,中國國民黨,0,無黨籍及未經政黨推薦,0,無黨籍及未經政黨推薦,0,中國國民黨,0,中國國民黨,0,中國國民黨,0,無黨籍及未經政黨推薦,0,民主進步黨,0,民主進步黨,0,中國國民黨,0,無黨籍及未經政黨推薦,0,民主進步黨,0,無黨籍及未經政黨推薦,0,無黨籍及未經政黨推薦,0,無黨籍及未經政黨推薦,0,無黨籍及未經政黨推薦,0,民主進步黨,0,中國國民黨,0,中國國民黨,0,民主進步黨,0,無黨籍及未經政黨推薦,0,民主進步黨,0,無黨籍及未經政黨推薦,0,中國國民黨,0,無黨籍及未經政黨推薦,0,無黨籍及未經政黨推薦,0,民主進步黨,0,中國國民黨,0,無黨籍及未經政黨推薦,0,無黨籍及未經政黨推薦,0,中國國民黨,0,無黨籍及未經政黨推薦,0,無黨籍及未經政黨推薦,0,民主進步黨,0,無黨籍及未經政黨推薦,0,民主進步黨,0,無黨籍及未經政黨推薦,0,無黨籍及未經政黨推薦,0,無黨籍及未經政黨推薦,0,民主進步黨,0,無黨籍及未經政黨推薦,0,無黨籍及未經政黨推薦,0,無黨籍及未經政黨推薦,0,無黨籍及未經政黨推薦,0,中國國民黨,0,無黨籍及未經政黨推薦,0,親民黨,0,無黨籍及未經政黨推薦,0,無黨籍及未經政黨推薦,0,民主進步黨,0,無黨籍及未經政黨推薦,8636,140,8776,0,8776,2486,11262,77.93
坑口里,0009,0,民主進步黨,2194,民主進步黨,0,中國國民黨,0,民主進步黨,0,民主進步黨,0,民主進步黨,0,民主進步黨,0,中國國民黨,0,無黨籍及未經政黨推薦,0,中國國民黨,0,無黨籍及未經政黨推薦,0,無黨籍及未經政黨推薦,0,民主進步黨,2040,民主進步黨,0,中國國民黨,0,中國國民黨,0,民主進步黨,0,無黨籍及未經政黨推薦,0,中國國民黨,0,中國國民黨,0,台澎黨,0,民主進步黨,0,台澎黨,0,無黨籍及未經政黨推薦,0,民主進步黨,0,民主進步黨,0,民主進步黨,0,民主進步黨,0,民主進步黨,0,中國國民黨,0,民主進步黨,0,民主進步黨,0,民主進步黨,0,無黨籍及未經政黨推薦,0,中國國民黨,0,無黨籍及未經政黨推薦,0,民主進步黨,0,中國國民黨,0,中國國民黨,0,民主進步黨,0,中國國民黨,0,民主進步黨,0,中國國民黨,0,無黨籍及未經政黨推薦,0,中國國民黨,0,無黨籍及未經政黨推薦,0,無黨籍及未經政黨推薦,0,中國國民黨,0,中國國民黨,0,中國國民黨,0,無黨籍及未經政黨推薦,0,民主進步黨,0,民主進步黨,0,中國國民黨,0,無黨籍及未經政黨推薦,0,民主進步黨,0,無黨籍及未經政黨推薦,0,無黨籍及未經政黨推薦,0,無黨籍及未經政黨推薦,0,無黨籍及未經政黨推薦,0,民主進步黨,0,中國國民黨,0,中國國民黨,0,民主進步黨,0,無黨籍及未經政黨推薦,0,民主進步黨,0,無黨籍及未經政黨推薦,0,中國國民黨,0,無黨籍及未經政黨推薦,0,無黨籍及未經政黨推薦,0,民主進步黨,0,中國國民黨,0,無黨籍及未經政黨推薦,0,無黨籍及未經政黨推薦,0,中國國民黨,0,無黨籍及未經政黨推薦,0,無黨籍及未經政黨推薦,0,民主進步黨,0,無黨籍及未經政黨推薦,0,民主進步黨,0,無黨籍及未經政黨推薦,0,無黨籍及未經政黨推薦,0,無黨籍及未經政黨推薦,0,民主進步黨,0,無黨籍及未經政黨推薦,0,無黨籍及未經政黨推薦,0,無黨籍及未經政黨推薦,0,無黨籍及未經政黨推薦,0,中國國民黨,0,無黨籍及未經政黨推薦,0,親民黨,0,無黨籍及未經政黨推薦,0,無黨籍及未經政黨推薦,0,民主進步黨,0,無黨籍及未經政黨推薦,4234,86,4320,0,4320,1396,5716,75.58
北柳里,0010,0,民主進步黨,2598,民主進步黨,0,中國國民黨,0,民主進步黨,0,民主進步黨,0,民主進步黨,0,民主進步黨,0,中國國民黨,0,無黨籍及未經政黨推薦,0,中國國民黨,0,無黨籍及未經政黨推薦,0,無黨籍及未經政黨推薦,0,民主進步黨,3222,民主進步黨,0,中國國民黨,0,中國國民黨,0,民主進步黨,0,無黨籍及未經政黨推薦,0,中國國民黨,0,中國國民黨,0,台澎黨,0,民主進步黨,0,台澎黨,0,無黨籍及未經政黨推薦,0,民主進步黨,0,民主進步黨,0,民主進步黨,0,民主進步黨,0,民主進步黨,0,中國國民黨,0,民主進步黨,0,民主進步黨,0,民主進步黨,0,無黨籍及未經政黨推薦,0,中國國民黨,0,無黨籍及未經政黨推薦,0,民主進步黨,0,中國國民黨,0,中國國民黨,0,民主進步黨,0,中國國民黨,0,民主進步黨,0,中國國民黨,0,無黨籍及未經政黨推薦,0,中國國民黨,0,無黨籍及未經政黨推薦,0,無黨籍及未經政黨推薦,0,中國國民黨,0,中國國民黨,0,中國國民黨,0,無黨籍及未經政黨推薦,0,民主進步黨,0,民主進步黨,0,中國國民黨,0,無黨籍及未經政黨推薦,0,民主進步黨,0,無黨籍及未經政黨推薦,0,無黨籍及未經政黨推薦,0,無黨籍及未經政黨推薦,0,無黨籍及未經政黨推薦,0,民主進步黨,0,中國國民黨,0,中國國民黨,0,民主進步黨,0,無黨籍及未經政黨推薦,0,民主進步黨,0,無黨籍及未經政黨推薦,0,中國國民黨,0,無黨籍及未經政黨推薦,0,無黨籍及未經政黨推薦,0,民主進步黨,0,中國國民黨,0,無黨籍及未經政黨推薦,0,無黨籍及未經政黨推薦,0,中國國民黨,0,無黨籍及未經政黨推薦,0,無黨籍及未經政黨推薦,0,民主進步黨,0,無黨籍及未經政黨推薦,0,民主進步黨,0,無黨籍及未經政黨推薦,0,無黨籍及未經政黨推薦,0,無黨籍及未經政黨推薦,0,民主進步黨,0,無黨籍及未經政黨推薦,0,無黨籍及未經政黨推薦,0,無黨籍及未經政黨推薦,0,無黨籍及未經政黨推薦,0,中國國民黨,0,無黨籍及未經政黨推薦,0,親民黨,0,無黨籍及未經政黨推薦,0,無黨籍及未經政黨推薦,0,民主進步黨,0,無黨籍及未經政黨推薦,5820,124,5944,0,5944,1628,7572,78.5
南柳里,0011,0,民主進步黨,1296,民主進步黨,0,中國國民黨,0,民主進步黨,0,民主進步黨,0,民主進步黨,0,民主進步黨,0,中國國民黨,0,無黨籍及未經政黨推薦,0,中國國民黨,0,無黨籍及未經政黨推薦,0,無黨籍及未經政黨推薦,0,民主進步黨,1478,民主進步黨,0,中國國民黨,0,中國國民黨,0,民主進步黨,0,無黨籍及未經政黨推薦,0,中國國民黨,0,中國國民黨,0,台澎黨,0,民主進步黨,0,台澎黨,0,無黨籍及未經政黨推薦,0,民主進步黨,0,民主進步黨,0,民主進步黨,0,民主進步黨,0,民主進步黨,0,中國國民黨,0,民主進步黨,0,民主進步黨,0,民主進步黨,0,無黨籍及未經政黨推薦,0,中國國民黨,0,無黨籍及未經政黨推薦,0,民主進步黨,0,中國國民黨,0,中國國民黨,0,民主進步黨,0,中國國民黨,0,民主進步黨,0,中國國民黨,0,無黨籍及未經政黨推薦,0,中國國民黨,0,無黨籍及未經政黨推薦,0,無黨籍及未經政黨推薦,0,中國國民黨,0,中國國民黨,0,中國國民黨,0,無黨籍及未經政黨推薦,0,民主進步黨,0,民主進步黨,0,中國國民黨,0,無黨籍及未經政黨推薦,0,民主進步黨,0,無黨籍及未經政黨推薦,0,無黨籍及未經政黨推薦,0,無黨籍及未經政黨推薦,0,無黨籍及未經政黨推薦,0,民主進步黨,0,中國國民黨,0,中國國民黨,0,民主進步黨,0,無黨籍及未經政黨推薦,0,民主進步黨,0,無黨籍及未經政黨推薦,0,中國國民黨,0,無黨籍及未經政黨推薦,0,無黨籍及未經政黨推薦,0,民主進步黨,0,中國國民黨,0,無黨籍及未經政黨推薦,0,無黨籍及未經政黨推薦,0,中國國民黨,0,無黨籍及未經政黨推薦,0,無黨籍及未經政黨推薦,0,民主進步黨,0,無黨籍及未經政黨推薦,0,民主進步黨,0,無黨籍及未經政黨推薦,0,無黨籍及未經政黨推薦,0,無黨籍及未經政黨推薦,0,民主進步黨,0,無黨籍及未經政黨推薦,0,無黨籍及未經政黨推薦,0,無黨籍及未經政黨推薦,0,無黨籍及未經政黨推薦,0,中國國民黨,0,無黨籍及未經政黨推薦,0,親民黨,0,無黨籍及未經政黨推薦,0,無黨籍及未經政黨推薦,0,民主進步黨,0,無黨籍及未經政黨推薦,2774,44,2818,0,2818,702,3520,80.06
四德里,0012,0,民主進步黨,1612,民主進步黨,0,中國國民黨,0,民主進步黨,0,民主進步黨,0,民主進步黨,0,民主進步黨,0,中國國民黨,0,無黨籍及未經政黨推薦,0,中國國民黨,0,無黨籍及未經政黨推薦,0,無黨籍及未經政黨推薦,0,民主進步黨,1972,民主進步黨,0,中國國民黨,0,中國國民黨,0,民主進步黨,0,無黨籍及未經政黨推薦,0,中國國民黨,0,中國國民黨,0,台澎黨,0,民主進步黨,0,台澎黨,0,無黨籍及未經政黨推薦,0,民主進步黨,0,民主進步黨,0,民主進步黨,0,民主進步黨,0,民主進步黨,0,中國國民黨,0,民主進步黨,0,民主進步黨,0,民主進步黨,0,無黨籍及未經政黨推薦,0,中國國民黨,0,無黨籍及未經政黨推薦,0,民主進步黨,0,中國國民黨,0,中國國民黨,0,民主進步黨,0,中國國民黨,0,民主進步黨,0,中國國民黨,0,無黨籍及未經政黨推薦,0,中國國民黨,0,無黨籍及未經政黨推薦,0,無黨籍及未經政黨推薦,0,中國國民黨,0,中國國民黨,0,中國國民黨,0,無黨籍及未經政黨推薦,0,民主進步黨,0,民主進步黨,0,中國國民黨,0,無黨籍及未經政黨推薦,0,民主進步黨,0,無黨籍及未經政黨推薦,0,無黨籍及未經政黨推薦,0,無黨籍及未經政黨推薦,0,無黨籍及未經政黨推薦,0,民主進步黨,0,中國國民黨,0,中國國民黨,0,民主進步黨,0,無黨籍及未經政黨推薦,0,民主進步黨,0,無黨籍及未經政黨推薦,0,中國國民黨,0,無黨籍及未經政黨推薦,0,無黨籍及未經政黨推薦,0,民主進步黨,0,中國國民黨,0,無黨籍及未經政黨推薦,0,無黨籍及未經政黨推薦,0,中國國民黨,0,無黨籍及未經政黨推薦,0,無黨籍及未經政黨推薦,0,民主進步黨,0,無黨籍及未經政黨推薦,0,民主進步黨,0,無黨籍及未經政黨推薦,0,無黨籍及未經政黨推薦,0,無黨籍及未經政黨推薦,0,民主進步黨,0,無黨籍及未經政黨推薦,0,無黨籍及未經政黨推薦,0,無黨籍及未經政黨推薦,0,無黨籍及未經政黨推薦,0,中國國民黨,0,無黨籍及未經政黨推薦,0,親民黨,0,無黨籍及未經政黨推薦,0,無黨籍及未經政黨推薦,0,民主進步黨,0,無黨籍及未經政黨推薦,3584,86,3670,0,3670,1062,4732,77.56
五福里,0013,0,民主進步黨,1772,民主進步黨,0,中國國民黨,0,民主進步黨,0,民主進步黨,0,民主進步黨,0,民主進步黨,0,中國國民黨,0,無黨籍及未經政黨推薦,0,中國國民黨,0,無黨籍及未經政黨推薦,0,無黨籍及未經政黨推薦,0,民主進步黨,2030,民主進步黨,0,中國國民黨,0,中國國民黨,0,民主進步黨,0,無黨籍及未經政黨推薦,0,中國國民黨,0,中國國民黨,0,台澎黨,0,民主進步黨,0,台澎黨,0,無黨籍及未經政黨推薦,0,民主進步黨,0,民主進步黨,0,民主進步黨,0,民主進步黨,0,民主進步黨,0,中國國民黨,0,民主進步黨,0,民主進步黨,0,民主進步黨,0,無黨籍及未經政黨推薦,0,中國國民黨,0,無黨籍及未經政黨推薦,0,民主進步黨,0,中國國民黨,0,中國國民黨,0,民主進步黨,0,中國國民黨,0,民主進步黨,0,中國國民黨,0,無黨籍及未經政黨推薦,0,中國國民黨,0,無黨籍及未經政黨推薦,0,無黨籍及未經政黨推薦,0,中國國民黨,0,中國國民黨,0,中國國民黨,0,無黨籍及未經政黨推薦,0,民主進步黨,0,民主進步黨,0,中國國民黨,0,無黨籍及未經政黨推薦,0,民主進步黨,0,無黨籍及未經政黨推薦,0,無黨籍及未經政黨推薦,0,無黨籍及未經政黨推薦,0,無黨籍及未經政黨推薦,0,民主進步黨,0,中國國民黨,0,中國國民黨,0,民主進步黨,0,無黨籍及未經政黨推薦,0,民主進步黨,0,無黨籍及未經政黨推薦,0,中國國民黨,0,無黨籍及未經政黨推薦,0,無黨籍及未經政黨推薦,0,民主進步黨,0,中國國民黨,0,無黨籍及未經政黨推薦,0,無黨籍及未經政黨推薦,0,中國國民黨,0,無黨籍及未經政黨推薦,0,無黨籍及未經政黨推薦,0,民主進步黨,0,無黨籍及未經政黨推薦,0,民主進步黨,0,無黨籍及未經政黨推薦,0,無黨籍及未經政黨推薦,0,無黨籍及未經政黨推薦,0,民主進步黨,0,無黨籍及未經政黨推薦,0,無黨籍及未經政黨推薦,0,無黨籍及未經政黨推薦,0,無黨籍及未經政黨推薦,0,中國國民黨,0,無黨籍及未經政黨推薦,0,親民黨,0,無黨籍及未經政黨推薦,0,無黨籍及未經政黨推薦,0,民主進步黨,0,無黨籍及未經政黨推薦,3802,84,3886,0,3886,1078,4964,78.28
萬豐里,0014,0,民主進步黨,1680,民主進步黨,0,中國國民黨,0,民主進步黨,0,民主進步黨,0,民主進步黨,0,民主進步黨,0,中國國民黨,0,無黨籍及未經政黨推薦,0,中國國民黨,0,無黨籍及未經政黨推薦,0,無黨籍及未經政黨推薦,0,民主進步黨,2022,民主進步黨,0,中國國民黨,0,中國國民黨,0,民主進步黨,0,無黨籍及未經政黨推薦,0,中國國民黨,0,中國國民黨,0,台澎黨,0,民主進步黨,0,台澎黨,0,無黨籍及未經政黨推薦,0,民主進步黨,0,民主進步黨,0,民主進步黨,0,民主進步黨,0,民主進步黨,0,中國國民黨,0,民主進步黨,0,民主進步黨,0,民主進步黨,0,無黨籍及未經政黨推薦,0,中國國民黨,0,無黨籍及未經政黨推薦,0,民主進步黨,0,中國國民黨,0,中國國民黨,0,民主進步黨,0,中國國民黨,0,民主進步黨,0,中國國民黨,0,無黨籍及未經政黨推薦,0,中國國民黨,0,無黨籍及未經政黨推薦,0,無黨籍及未經政黨推薦,0,中國國民黨,0,中國國民黨,0,中國國民黨,0,無黨籍及未經政黨推薦,0,民主進步黨,0,民主進步黨,0,中國國民黨,0,無黨籍及未經政黨推薦,0,民主進步黨,0,無黨籍及未經政黨推薦,0,無黨籍及未經政黨推薦,0,無黨籍及未經政黨推薦,0,無黨籍及未經政黨推薦,0,民主進步黨,0,中國國民黨,0,中國國民黨,0,民主進步黨,0,無黨籍及未經政黨推薦,0,民主進步黨,0,無黨籍及未經政黨推薦,0,中國國民黨,0,無黨籍及未經政黨推薦,0,無黨籍及未經政黨推薦,0,民主進步黨,0,中國國民黨,0,無黨籍及未經政黨推薦,0,無黨籍及未經政黨推薦,0,中國國民黨,0,無黨籍及未經政黨推薦,0,無黨籍及未經政黨推薦,0,民主進步黨,0,無黨籍及未經政黨推薦,0,民主進步黨,0,無黨籍及未經政黨推薦,0,無黨籍及未經政黨推薦,0,無黨籍及未經政黨推薦,0,民主進步黨,0,無黨籍及未經政黨推薦,0,無黨籍及未經政黨推薦,0,無黨籍及未經政黨推薦,0,無黨籍及未經政黨推薦,0,中國國民黨,0,無黨籍及未經政黨推薦,0,親民黨,0,無黨籍及未經政黨推薦,0,無黨籍及未經政黨推薦,0,民主進步黨,0,無黨籍及未經政黨推薦,3702,74,3776,0,3776,1314,5090,74.18
舊正里,0015,0,民主進步黨,1556,民主進步黨,0,中國國民黨,0,民主進步黨,0,民主進步黨,0,民主進步黨,0,民主進步黨,0,中國國民黨,0,無黨籍及未經政黨推薦,0,中國國民黨,0,無黨籍及未經政黨推薦,0,無黨籍及未經政黨推薦,0,民主進步黨,1438,民主進步黨,0,中國國民黨,0,中國國民黨,0,民主進步黨,0,無黨籍及未經政黨推薦,0,中國國民黨,0,中國國民黨,0,台澎黨,0,民主進步黨,0,台澎黨,0,無黨籍及未經政黨推薦,0,民主進步黨,0,民主進步黨,0,民主進步黨,0,民主進步黨,0,民主進步黨,0,中國國民黨,0,民主進步黨,0,民主進步黨,0,民主進步黨,0,無黨籍及未經政黨推薦,0,中國國民黨,0,無黨籍及未經政黨推薦,0,民主進步黨,0,中國國民黨,0,中國國民黨,0,民主進步黨,0,中國國民黨,0,民主進步黨,0,中國國民黨,0,無黨籍及未經政黨推薦,0,中國國民黨,0,無黨籍及未經政黨推薦,0,無黨籍及未經政黨推薦,0,中國國民黨,0,中國國民黨,0,中國國民黨,0,無黨籍及未經政黨推薦,0,民主進步黨,0,民主進步黨,0,中國國民黨,0,無黨籍及未經政黨推薦,0,民主進步黨,0,無黨籍及未經政黨推薦,0,無黨籍及未經政黨推薦,0,無黨籍及未經政黨推薦,0,無黨籍及未經政黨推薦,0,民主進步黨,0,中國國民黨,0,中國國民黨,0,民主進步黨,0,無黨籍及未經政黨推薦,0,民主進步黨,0,無黨籍及未經政黨推薦,0,中國國民黨,0,無黨籍及未經政黨推薦,0,無黨籍及未經政黨推薦,0,民主進步黨,0,中國國民黨,0,無黨籍及未經政黨推薦,0,無黨籍及未經政黨推薦,0,中國國民黨,0,無黨籍及未經政黨推薦,0,無黨籍及未經政黨推薦,0,民主進步黨,0,無黨籍及未經政黨推薦,0,民主進步黨,0,無黨籍及未經政黨推薦,0,無黨籍及未經政黨推薦,0,無黨籍及未經政黨推薦,0,民主進步黨,0,無黨籍及未經政黨推薦,0,無黨籍及未經政黨推薦,0,無黨籍及未經政黨推薦,0,無黨籍及未經政黨推薦,0,中國國民黨,0,無黨籍及未經政黨推薦,0,親民黨,0,無黨籍及未經政黨推薦,0,無黨籍及未經政黨推薦,0,民主進步黨,0,無黨籍及未經政黨推薦,2994,44,3038,0,3038,966,4004,75.87
峰谷里,0016,0,民主進步黨,756,民主進步黨,0,中國國民黨,0,民主進步黨,0,民主進步黨,0,民主進步黨,0,民主進步黨,0,中國國民黨,0,無黨籍及未經政黨推薦,0,中國國民黨,0,無黨籍及未經政黨推薦,0,無黨籍及未經政黨推薦,0,民主進步黨,832,民主進步黨,0,中國國民黨,0,中國國民黨,0,民主進步黨,0,無黨籍及未經政黨推薦,0,中國國民黨,0,中國國民黨,0,台澎黨,0,民主進步黨,0,台澎黨,0,無黨籍及未經政黨推薦,0,民主進步黨,0,民主進步黨,0,民主進步黨,0,民主進步黨,0,民主進步黨,0,中國國民黨,0,民主進步黨,0,民主進步黨,0,民主進步黨,0,無黨籍及未經政黨推薦,0,中國國民黨,0,無黨籍及未經政黨推薦,0,民主進步黨,0,中國國民黨,0,中國國民黨,0,民主進步黨,0,中國國民黨,0,民主進步黨,0,中國國民黨,0,無黨籍及未經政黨推薦,0,中國國民黨,0,無黨籍及未經政黨推薦,0,無黨籍及未經政黨推薦,0,中國國民黨,0,中國國民黨,0,中國國民黨,0,無黨籍及未經政黨推薦,0,民主進步黨,0,民主進步黨,0,中國國民黨,0,無黨籍及未經政黨推薦,0,民主進步黨,0,無黨籍及未經政黨推薦,0,無黨籍及未經政黨推薦,0,無黨籍及未經政黨推薦,0,無黨籍及未經政黨推薦,0,民主進步黨,0,中國國民黨,0,中國國民黨,0,民主進步黨,0,無黨籍及未經政黨推薦,0,民主進步黨,0,無黨籍及未經政黨推薦,0,中國國民黨,0,無黨籍及未經政黨推薦,0,無黨籍及未經政黨推薦,0,民主進步黨,0,中國國民黨,0,無黨籍及未經政黨推薦,0,無黨籍及未經政黨推薦,0,中國國民黨,0,無黨籍及未經政黨推薦,0,無黨籍及未經政黨推薦,0,民主進步黨,0,無黨籍及未經政黨推薦,0,民主進步黨,0,無黨籍及未經政黨推薦,0,無黨籍及未經政黨推薦,0,無黨籍及未經政黨推薦,0,民主進步黨,0,無黨籍及未經政黨推薦,0,無黨籍及未經政黨推薦,0,無黨籍及未經政黨推薦,0,無黨籍及未經政黨推薦,0,中國國民黨,0,無黨籍及未經政黨推薦,0,親民黨,0,無黨籍及未經政黨推薦,0,無黨籍及未經政黨推薦,0,民主進步黨,0,無黨籍及未經政黨推薦,1588,24,1612,0,1612,502,2114,76.25
六股里,0017,0,民主進步黨,1476,民主進步黨,0,中國國民黨,0,民主進步黨,0,民主進步黨,0,民主進步黨,0,民主進步黨,0,中國國民黨,0,無黨籍及未經政黨推薦,0,中國國民黨,0,無黨籍及未經政黨推薦,0,無黨籍及未經政黨推薦,0,民主進步黨,2094,民主進步黨,0,中國國民黨,0,中國國民黨,0,民主進步黨,0,無黨籍及未經政黨推薦,0,中國國民黨,0,中國國民黨,0,台澎黨,0,民主進步黨,0,台澎黨,0,無黨籍及未經政黨推薦,0,民主進步黨,0,民主進步黨,0,民主進步黨,0,民主進步黨,0,民主進步黨,0,中國國民黨,0,民主進步黨,0,民主進步黨,0,民主進步黨,0,無黨籍及未經政黨推薦,0,中國國民黨,0,無黨籍及未經政黨推薦,0,民主進步黨,0,中國國民黨,0,中國國民黨,0,民主進步黨,0,中國國民黨,0,民主進步黨,0,中國國民黨,0,無黨籍及未經政黨推薦,0,中國國民黨,0,無黨籍及未經政黨推薦,0,無黨籍及未經政黨推薦,0,中國國民黨,0,中國國民黨,0,中國國民黨,0,無黨籍及未經政黨推薦,0,民主進步黨,0,民主進步黨,0,中國國民黨,0,無黨籍及未經政黨推薦,0,民主進步黨,0,無黨籍及未經政黨推薦,0,無黨籍及未經政黨推薦,0,無黨籍及未經政黨推薦,0,無黨籍及未經政黨推薦,0,民主進步黨,0,中國國民黨,0,中國國民黨,0,民主進步黨,0,無黨籍及未經政黨推薦,0,民主進步黨,0,無黨籍及未經政黨推薦,0,中國國民黨,0,無黨籍及未經政黨推薦,0,無黨籍及未經政黨推薦,0,民主進步黨,0,中國國民黨,0,無黨籍及未經政黨推薦,0,無黨籍及未經政黨推薦,0,中國國民黨,0,無黨籍及未經政黨推薦,0,無黨籍及未經政黨推薦,0,民主進步黨,0,無黨籍及未經政黨推薦,0,民主進步黨,0,無黨籍及未經政黨推薦,0,無黨籍及未經政黨推薦,0,無黨籍及未經政黨推薦,0,民主進步黨,0,無黨籍及未經政黨推薦,0,無黨籍及未經政黨推薦,0,無黨籍及未經政黨推薦,0,無黨籍及未經政黨推薦,0,中國國民黨,0,無黨籍及未經政黨推薦,0,親民黨,0,無黨籍及未經政黨推薦,0,無黨籍及未經政黨推薦,0,民主進步黨,0,無黨籍及未經政黨推薦,3570,74,3644,0,3644,926,4570,79.74
丁台里,0018,0,民主進步黨,1606,民主進步黨,0,中國國民黨,0,民主進步黨,0,民主進步黨,0,民主進步黨,0,民主進步黨,0,中國國民黨,0,無黨籍及未經政黨推薦,0,中國國民黨,0,無黨籍及未經政黨推薦,0,無黨籍及未經政黨推薦,0,民主進步黨,1856,民主進步黨,0,中國國民黨,0,中國國民黨,0,民主進步黨,0,無黨籍及未經政黨推薦,0,中國國民黨,0,中國國民黨,0,台澎黨,0,民主進步黨,0,台澎黨,0,無黨籍及未經政黨推薦,0,民主進步黨,0,民主進步黨,0,民主進步黨,0,民主進步黨,0,民主進步黨,0,中國國民黨,0,民主進步黨,0,民主進步黨,0,民主進步黨,0,無黨籍及未經政黨推薦,0,中國國民黨,0,無黨籍及未經政黨推薦,0,民主進步黨,0,中國國民黨,0,中國國民黨,0,民主進步黨,0,中國國民黨,0,民主進步黨,0,中國國民黨,0,無黨籍及未經政黨推薦,0,中國國民黨,0,無黨籍及未經政黨推薦,0,無黨籍及未經政黨推薦,0,中國國民黨,0,中國國民黨,0,中國國民黨,0,無黨籍及未經政黨推薦,0,民主進步黨,0,民主進步黨,0,中國國民黨,0,無黨籍及未經政黨推薦,0,民主進步黨,0,無黨籍及未經政黨推薦,0,無黨籍及未經政黨推薦,0,無黨籍及未經政黨推薦,0,無黨籍及未經政黨推薦,0,民主進步黨,0,中國國民黨,0,中國國民黨,0,民主進步黨,0,無黨籍及未經政黨推薦,0,民主進步黨,0,無黨籍及未經政黨推薦,0,中國國民黨,0,無黨籍及未經政黨推薦,0,無黨籍及未經政黨推薦,0,民主進步黨,0,中國國民黨,0,無黨籍及未經政黨推薦,0,無黨籍及未經政黨推薦,0,中國國民黨,0,無黨籍及未經政黨推薦,0,無黨籍及未經政黨推薦,0,民主進步黨,0,無黨籍及未經政黨推薦,0,民主進步黨,0,無黨籍及未經政黨推薦,0,無黨籍及未經政黨推薦,0,無黨籍及未經政黨推薦,0,民主進步黨,0,無黨籍及未經政黨推薦,0,無黨籍及未經政黨推薦,0,無黨籍及未經政黨推薦,0,無黨籍及未經政黨推薦,0,中國國民黨,0,無黨籍及未經政黨推薦,0,親民黨,0,無黨籍及未經政黨推薦,0,無黨籍及未經政黨推薦,0,民主進步黨,0,無黨籍及未經政黨推薦,3462,52,3514,0,3514,886,4400,79.86
北勢里,0019,0,民主進步黨,1864,民主進步黨,0,中國國民黨,0,民主進步黨,0,民主進步黨,0,民主進步黨,0,民主進步黨,0,中國國民黨,0,無黨籍及未經政黨推薦,0,中國國民黨,0,無黨籍及未經政黨推薦,0,無黨籍及未經政黨推薦,0,民主進步黨,1248,民主進步黨,0,中國國民黨,0,中國國民黨,0,民主進步黨,0,無黨籍及未經政黨推薦,0,中國國民黨,0,中國國民黨,0,台澎黨,0,民主進步黨,0,台澎黨,0,無黨籍及未經政黨推薦,0,民主進步黨,0,民主進步黨,0,民主進步黨,0,民主進步黨,0,民主進步黨,0,中國國民黨,0,民主進步黨,0,民主進步黨,0,民主進步黨,0,無黨籍及未經政黨推薦,0,中國國民黨,0,無黨籍及未經政黨推薦,0,民主進步黨,0,中國國民黨,0,中國國民黨,0,民主進步黨,0,中國國民黨,0,民主進步黨,0,中國國民黨,0,無黨籍及未經政黨推薦,0,中國國民黨,0,無黨籍及未經政黨推薦,0,無黨籍及未經政黨推薦,0,中國國民黨,0,中國國民黨,0,中國國民黨,0,無黨籍及未經政黨推薦,0,民主進步黨,0,民主進步黨,0,中國國民黨,0,無黨籍及未經政黨推薦,0,民主進步黨,0,無黨籍及未經政黨推薦,0,無黨籍及未經政黨推薦,0,無黨籍及未經政黨推薦,0,無黨籍及未經政黨推薦,0,民主進步黨,0,中國國民黨,0,中國國民黨,0,民主進步黨,0,無黨籍及未經政黨推薦,0,民主進步黨,0,無黨籍及未經政黨推薦,0,中國國民黨,0,無黨籍及未經政黨推薦,0,無黨籍及未經政黨推薦,0,民主進步黨,0,中國國民黨,0,無黨籍及未經政黨推薦,0,無黨籍及未經政黨推薦,0,中國國民黨,0,無黨籍及未經政黨推薦,0,無黨籍及未經政黨推薦,0,民主進步黨,0,無黨籍及未經政黨推薦,0,民主進步黨,0,無黨籍及未經政黨推薦,0,無黨籍及未經政黨推薦,0,無黨籍及未經政黨推薦,0,民主進步黨,0,無黨籍及未經政黨推薦,0,無黨籍及未經政黨推薦,0,無黨籍及未經政黨推薦,0,無黨籍及未經政黨推薦,0,中國國民黨,0,無黨籍及未經政黨推薦,0,親民黨,0,無黨籍及未經政黨推薦,0,無黨籍及未經政黨推薦,0,民主進步黨,0,無黨籍及未經政黨推薦,3112,68,3180,0,3180,770,3950,80.51
南勢里,0020,0,民主進步黨,980,民主進步黨,0,中國國民黨,0,民主進步黨,0,民主進步黨,0,民主進步黨,0,民主進步黨,0,中國國民黨,0,無黨籍及未經政黨推薦,0,中國國民黨,0,無黨籍及未經政黨推薦,0,無黨籍及未經政黨推薦,0,民主進步黨,922,民主進步黨,0,中國國民黨,0,中國國民黨,0,民主進步黨,0,無黨籍及未經政黨推薦,0,中國國民黨,0,中國國民黨,0,台澎黨,0,民主進步黨,0,台澎黨,0,無黨籍及未經政黨推薦,0,民主進步黨,0,民主進步黨,0,民主進步黨,0,民主進步黨,0,民主進步黨,0,中國國民黨,0,民主進步黨,0,民主進步黨,0,民主進步黨,0,無黨籍及未經政黨推薦,0,中國國民黨,0,無黨籍及未經政黨推薦,0,民主進步黨,0,中國國民黨,0,中國國民黨,0,民主進步黨,0,中國國民黨,0,民主進步黨,0,中國國民黨,0,無黨籍及未經政黨推薦,0,中國國民黨,0,無黨籍及未經政黨推薦,0,無黨籍及未經政黨推薦,0,中國國民黨,0,中國國民黨,0,中國國民黨,0,無黨籍及未經政黨推薦,0,民主進步黨,0,民主進步黨,0,中國國民黨,0,無黨籍及未經政黨推薦,0,民主進步黨,0,無黨籍及未經政黨推薦,0,無黨籍及未經政黨推薦,0,無黨籍及未經政黨推薦,0,無黨籍及未經政黨推薦,0,民主進步黨,0,中國國民黨,0,中國國民黨,0,民主進步黨,0,無黨籍及未經政黨推薦,0,民主進步黨,0,無黨籍及未經政黨推薦,0,中國國民黨,0,無黨籍及未經政黨推薦,0,無黨籍及未經政黨推薦,0,民主進步黨,0,中國國民黨,0,無黨籍及未經政黨推薦,0,無黨籍及未經政黨推薦,0,中國國民黨,0,無黨籍及未經政黨推薦,0,無黨籍及未經政黨推薦,0,民主進步黨,0,無黨籍及未經政黨推薦,0,民主進步黨,0,無黨籍及未經政黨推薦,0,無黨籍及未經政黨推薦,0,無黨籍及未經政黨推薦,0,民主進步黨,0,無黨籍及未經政黨推薦,0,無黨籍及未經政黨推薦,0,無黨籍及未經政黨推薦,0,無黨籍及未經政黨推薦,0,中國國民黨,0,無黨籍及未經政黨推薦,0,親民黨,0,無黨籍及未經政黨推薦,0,無黨籍及未經政黨推薦,0,民主進步黨,0,無黨籍及未經政黨推薦,1902,28,1930,0,1930,544,2474,78.01
