村里別,投開票所別,陳俊宇,陳俊宇_黨籍,顏寬恒,顏寬恒_黨籍,蔡明堂,蔡明堂_黨籍,林岱樺,林岱樺_黨籍,蘇巧慧,蘇巧慧_黨籍,羅廷瑋,羅廷瑋_黨籍,林家興,林家興_黨籍,江啟臣,江啟臣_黨籍,林德福,林德福_黨籍,孟藹倫,孟藹倫_黨籍,羅明才,羅明才_黨籍,黃瑞傳,黃瑞傳_黨籍,鍾佳濱,鍾佳濱_黨籍,邱志偉,邱志偉_黨籍,陳亭妃,陳亭妃_黨籍,廖偉翔,廖偉翔_黨籍,林俊憲,林俊憲_黨籍,黃捷,黃捷_黨籍,何欣純,何欣純_黨籍,賴士葆,賴士葆_黨籍,莊銘淵,莊銘淵_黨籍,袁興,袁興_黨籍,鄭添泉,鄭添泉_黨籍,楊木火,楊木火_黨籍,牛煦庭,牛煦庭_黨籍,王世堅,王世堅_黨籍,楊瓊瓔,楊瓊瓔_黨籍,萬美玲,萬美玲_黨籍,賴香伶,賴香伶_黨籍,陳美雅,陳美雅_黨籍,鍾易仲,鍾易仲_黨籍,賴瑞隆,賴瑞隆_黨籍,陳愷寧,陳愷寧_黨籍,吳琪銘,吳琪銘_黨籍,魏趨安,魏趨安_黨籍,李佳蒨,李佳蒨_黨籍,洪孟楷,洪孟楷_黨籍,涂權吉,涂權吉_黨籍,李柏毅,李柏毅_黨籍,蔣欣璋,蔣欣璋_黨籍,黃健豪,黃健豪_黨籍,江肇國,江肇國_黨籍,許智傑,許智傑_黨籍,賴宣任,賴宣任_黨籍,林金結,林金結_黨籍,張家榛,張家榛_黨籍,陳長志,陳長志_黨籍,林沛祥,林沛祥_黨籍,陳冠廷,陳冠廷_黨籍,王鴻薇,王鴻薇_黨籍,林秋彤,林秋彤_黨籍,于美人,于美人_黨籍,黃千庭,黃千庭_黨籍,許淑華,許淑華_黨籍,夏萬浪,夏萬浪_黨籍,陳聖,陳聖_黨籍,賴品妤,賴品妤_黨籍,黃明賢,黃明賢_黨籍,楊時睿,楊時睿_黨籍,謝旻汎,謝旻汎_黨籍,劉睿宸,劉睿宸_黨籍,張其祿,張其祿_黨籍,曾柏瑜,曾柏瑜_黨籍,廖先翔,廖先翔_黨籍,鄭正鈐,鄭正鈐_黨籍,陳一郎,陳一郎_黨籍,莊競程,莊競程_黨籍,張維學,張維學_黨籍,有效票數A,無效票數B,投票數C,已領未投票數D,發出票數E,用餘票數F,選舉人數G,投票率H
大有里,0001,0,民主進步黨,0,中國國民黨,3010,中國國民黨,0,民主進步黨,0,民主進步黨,0,中國國民黨,0,中國國民黨,0,中國國民黨,0,中國國民黨,0,無黨籍及未經政黨推薦,0,中國國民黨,0,無黨籍及未經政黨推薦,0,民主進步黨,0,民主進步黨,124,民主進步黨,0,中國國民黨,0,民主進步黨,0,民主進步黨,0,民主進步黨,0,中國國民黨,0,民主進步黨,0,無黨籍及未經政黨推薦,0,無黨籍及未經政黨推薦,0,無黨籍及未經政黨推薦,0,中國國民黨,0,民主進步黨,3316,中國國民黨,0,中國國民黨,0,無黨籍及未經政黨推薦,0,中國國民黨,0,中國國民黨,0,民主進步黨,0,無黨籍及未經政黨推薦,0,民主進步黨,0,無黨籍及未經政黨推薦,0,無黨籍及未經政黨推薦,0,中國國民黨,0,中國國民黨,104,民主進步黨,0,中國國民黨,0,中國國民黨,0,民主進步黨,0,民主進步黨,0,無黨籍及未經政黨推薦,0,中國國民黨,0,無黨籍及未經政黨推薦,0,無黨籍及未經政黨推薦,0,中國國民黨,0,民主進步黨,0,中國國民黨,0,無黨籍及未經政黨推薦,0,無黨籍及未經政黨推薦,0,無黨籍及未經政黨推薦,0,民主進步黨,0,無黨籍及未經政黨推薦,0,無黨籍及未經政黨推薦,0,民主進步黨,0,中國國民黨,0,無黨籍及未經政黨推薦,0,無黨籍及未經政黨推薦,0,無黨籍及未經政黨推薦,0,無黨籍及未經政黨推薦,0,民主進步黨,0,中國國民黨,0,中國國民黨,0,無黨籍及未經政黨推薦,0,民主進步黨,0,無黨籍及未經政黨推薦,6554,200,6754,0,6754,2246,9000,75.04
二重里,0002,0,民主進步黨,0,中國國民黨,934,中國國民黨,0,民主進步黨,0,民主進步黨,0,中國國民黨,0,中國國民黨,0,中國國民黨,0,中國國民黨,0,無黨籍及未經政黨推薦,0,中國國民黨,0,無黨籍及未經政黨推薦,0,民主進步黨,0,民主進步黨,28,民主進步黨,0,中國國民黨,0,民主進步黨,0,民主進步黨,0,民主進步黨,0,中國國民黨,0,民主進步黨,0,無黨籍及未經政黨推薦,0,無黨籍及未經政黨推薦,0,無黨籍及未經政黨推薦,0,中國國民黨,0,民主進步黨,1026,中國國民黨,0,中國國民黨,0,無黨籍及未經政黨推薦,0,中國國民黨,0,中國國民黨,0,民主進步黨,0,無黨籍及未經政黨推薦,0,民主進步黨,0,無黨籍及未經政黨推薦,0,無黨籍及未經政黨推薦,0,中國國民黨,0,中國國民黨,10,民主進步黨,0,中國國民黨,0,中國國民黨,0,民主進步黨,0,民主進步黨,0,無黨籍及未經政黨推薦,0,中國國民黨,0,無黨籍及未經政黨推薦,0,無黨籍及未經政黨推薦,0,中國國民黨,0,民主進步黨,0,中國國民黨,0,無黨籍及未經政黨推薦,0,無黨籍及未經政黨推薦,0,無黨籍及未經政黨推薦,0,民主進步黨,0,無黨籍及未經政黨推薦,0,無黨籍及未經政黨推薦,0,民主進步黨,0,中國國民黨,0,無黨籍及未經政黨推薦,0,無黨籍及未經政黨推薦,0,無黨籍及未經政黨推薦,0,無黨籍及未經政黨推薦,0,民主進步黨,0,中國國民黨,0,中國國民黨,0,無黨籍及未經政黨推薦,0,民主進步黨,0,無黨籍及未經政黨推薦,1998,52,2050,0,2050,718,2768,74.06
頂崁里,0003,0,民主進步黨,0,中國國民黨,1438,中國國民黨,0,民主進步黨,0,民主進步黨,0,中國國民黨,0,中國國民黨,0,中國國民黨,0,中國國民黨,0,無黨籍及未經政黨推薦,0,中國國民黨,0,無黨籍及未經政黨推薦,0,民主進步黨,0,民主進步黨,78,民主進步黨,0,中國國民黨,0,民主進步黨,0,民主進步黨,0,民主進步黨,0,中國國民黨,0,民主進步黨,0,無黨籍及未經政黨推薦,0,無黨籍及未經政黨推薦,0,無黨籍及未經政黨推薦,0,中國國民黨,0,民主進步黨,1694,中國國民黨,0,中國國民黨,0,無黨籍及未經政黨推薦,0,中國國民黨,0,中國國民黨,0,民主進步黨,0,無黨籍及未經政黨推薦,0,民主進步黨,0,無黨籍及未經政黨推薦,0,無黨籍及未經政黨推薦,0,中國國民黨,0,中國國民黨,62,民主進步黨,0,中國國民黨,0,中國國民黨,0,民主進步黨,0,民主進步黨,0,無黨籍及未經政黨推薦,0,中國國民黨,0,無黨籍及未經政黨推薦,0,無黨籍及未經政黨推薦,0,中國國民黨,0,民主進步黨,0,中國國民黨,0,無黨籍及未經政黨推薦,0,無黨籍及未經政黨推薦,0,無黨籍及未經政黨推薦,0,民主進步黨,0,無黨籍及未經政黨推薦,0,無黨籍及未經政黨推薦,0,民主進步黨,0,中國國民黨,0,無黨籍及未經政黨推薦,0,無黨籍及未經政黨推薦,0,無黨籍及未經政黨推薦,0,無黨籍及未經政黨推薦,0,民主進步黨,0,中國國民黨,0,中國國民黨,0,無黨籍及未經政黨推薦,0,民主進步黨,0,無黨籍及未經政黨推薦,3272,130,3402,0,3402,1156,4558,74.64
谷王里,0004,0,民主進步黨,0,中國國民黨,932,中國國民黨,0,民主進步黨,0,民主進步黨,0,中國國民黨,0,中國國民黨,0,中國國民黨,0,中國國民黨,0,無黨籍及未經政黨推薦,0,中國國民黨,0,無黨籍及未經政黨推薦,0,民主進步黨,0,民主進步黨,78,民主進步黨,0,中國國民黨,0,民主進步黨,0,民主進步黨,0,民主進步黨,0,中國國民黨,0,民主進步黨,0,無黨籍及未經政黨推薦,0,無黨籍及未經政黨推薦,0,無黨籍及未經政黨推薦,0,中國國民黨,0,民主進步黨,1226,中國國民黨,0,中國國民黨,0,無黨籍及未經政黨推薦,0,中國國民黨,0,中國國民黨,0,民主進步黨,0,無黨籍及未經政黨推薦,0,民主進步黨,0,無黨籍及未經政黨推薦,0,無黨籍及未經政黨推薦,0,中國國民黨,0,中國國民黨,36,民主進步黨,0,中國國民黨,0,中國國民黨,0,民主進步黨,0,民主進步黨,0,無黨籍及未經政黨推薦,0,中國國民黨,0,無黨籍及未經政黨推薦,0,無黨籍及未經政黨推薦,0,中國國民黨,0,民主進步黨,0,中國國民黨,0,無黨籍及未經政黨推薦,0,無黨籍及未經政黨推薦,0,無黨籍及未經政黨推薦,0,民主進步黨,0,無黨籍及未經政黨推薦,0,無黨籍及未經政黨推薦,0,民主進步黨,0,中國國民黨,0,無黨籍及未經政黨推薦,0,無黨籍及未經政黨推薦,0,無黨籍及未經政黨推薦,0,無黨籍及未經政黨推薦,0,民主進步黨,0,中國國民黨,0,中國國民黨,0,無黨籍及未經政黨推薦,0,民主進步黨,0,無黨籍及未經政黨推薦,2272,92,2364,0,2364,702,3066,77.1
中興里,0005,0,民主進步黨,0,中國國民黨,2168,中國國民黨,0,民主進步黨,0,民主進步黨,0,中國國民黨,0,中國國民黨,0,中國國民黨,0,中國國民黨,0,無黨籍及未經政黨推薦,0,中國國民黨,0,無黨籍及未經政黨推薦,0,民主進步黨,0,民主進步黨,146,民主進步黨,0,中國國民黨,0,民主進步黨,0,民主進步黨,0,民主進步黨,0,中國國民黨,0,民主進步黨,0,無黨籍及未經政黨推薦,0,無黨籍及未經政黨推薦,0,無黨籍及未經政黨推薦,0,中國國民黨,0,民主進步黨,2678,中國國民黨,0,中國國民黨,0,無黨籍及未經政黨推薦,0,中國國民黨,0,中國國民黨,0,民主進步黨,0,無黨籍及未經政黨推薦,0,民主進步黨,0,無黨籍及未經政黨推薦,0,無黨籍及未經政黨推薦,0,中國國民黨,0,中國國民黨,76,民主進步黨,0,中國國民黨,0,中國國民黨,0,民主進步黨,0,民主進步黨,0,無黨籍及未經政黨推薦,0,中國國民黨,0,無黨籍及未經政黨推薦,0,無黨籍及未經政黨推薦,0,中國國民黨,0,民主進步黨,0,中國國民黨,0,無黨籍及未經政黨推薦,0,無黨籍及未經政黨推薦,0,無黨籍及未經政黨推薦,0,民主進步黨,0,無黨籍及未經政黨推薦,0,無黨籍及未經政黨推薦,0,民主進步黨,0,中國國民黨,0,無黨籍及未經政黨推薦,0,無黨籍及未經政黨推薦,0,無黨籍及未經政黨推薦,0,無黨籍及未經政黨推薦,0,民主進步黨,0,中國國民黨,0,中國國民黨,0,無黨籍及未經政黨推薦,0,民主進步黨,0,無黨籍及未經政黨推薦,5068,202,5270,0,5270,1612,6882,76.58
德厚里,0006,0,民主進步黨,0,中國國民黨,460,中國國民黨,0,民主進步黨,0,民主進步黨,0,中國國民黨,0,中國國民黨,0,中國國民黨,0,中國國民黨,0,無黨籍及未經政黨推薦,0,中國國民黨,0,無黨籍及未經政黨推薦,0,民主進步黨,0,民主進步黨,26,民主進步黨,0,中國國民黨,0,民主進步黨,0,民主進步黨,0,民主進步黨,0,中國國民黨,0,民主進步黨,0,無黨籍及未經政黨推薦,0,無黨籍及未經政黨推薦,0,無黨籍及未經政黨推薦,0,中國國民黨,0,民主進步黨,416,中國國民黨,0,中國國民黨,0,無黨籍及未經政黨推薦,0,中國國民黨,0,中國國民黨,0,民主進步黨,0,無黨籍及未經政黨推薦,0,民主進步黨,0,無黨籍及未經政黨推薦,0,無黨籍及未經政黨推薦,0,中國國民黨,0,中國國民黨,10,民主進步黨,0,中國國民黨,0,中國國民黨,0,民主進步黨,0,民主進步黨,0,無黨籍及未經政黨推薦,0,中國國民黨,0,無黨籍及未經政黨推薦,0,無黨籍及未經政黨推薦,0,中國國民黨,0,民主進步黨,0,中國國民黨,0,無黨籍及未經政黨推薦,0,無黨籍及未經政黨推薦,0,無黨籍及未經政黨推薦,0,民主進步黨,0,無黨籍及未經政黨推薦,0,無黨籍及未經政黨推薦,0,民主進步黨,0,中國國民黨,0,無黨籍及未經政黨推薦,0,無黨籍及未經政黨推薦,0,無黨籍及未經政黨推薦,0,無黨籍及未經政黨推薦,0,民主進步黨,0,中國國民黨,0,中國國民黨,0,無黨籍及未經政黨推薦,0,民主進步黨,0,無黨籍及未經政黨推薦,912,36,948,0,948,270,1218,77.83
成功里,0007,0,民主進步黨,0,中國國民黨,4150,中國國民黨,0,民主進步黨,0,民主進步黨,0,中國國民黨,0,中國國民黨,0,中國國民黨,0,中國國民黨,0,無黨籍及未經政黨推薦,0,中國國民黨,0,無黨籍及未經政黨推薦,0,民主進步黨,0,民主進步黨,330,民主進步黨,0,中國國民黨,0,民主進步黨,0,民主進步黨,0,民主進步黨,0,中國國民黨,0,民主進步黨,0,無黨籍及未經政黨推薦,0,無黨籍及未經政黨推薦,0,無黨籍及未經政黨推薦,0,中國國民黨,0,民主進步黨,4580,中國國民黨,0,中國國民黨,0,無黨籍及未經政黨推薦,0,中國國民黨,0,中國國民黨,0,民主進步黨,0,無黨籍及未經政黨推薦,0,民主進步黨,0,無黨籍及未經政黨推薦,0,無黨籍及未經政黨推薦,0,中國國民黨,0,中國國民黨,142,民主進步黨,0,中國國民黨,0,中國國民黨,0,民主進步黨,0,民主進步黨,0,無黨籍及未經政黨推薦,0,中國國民黨,0,無黨籍及未經政黨推薦,0,無黨籍及未經政黨推薦,0,中國國民黨,0,民主進步黨,0,中國國民黨,0,無黨籍及未經政黨推薦,0,無黨籍及未經政黨推薦,0,無黨籍及未經政黨推薦,0,民主進步黨,0,無黨籍及未經政黨推薦,0,無黨籍及未經政黨推薦,0,民主進步黨,0,中國國民黨,0,無黨籍及未經政黨推薦,0,無黨籍及未經政黨推薦,0,無黨籍及未經政黨推薦,0,無黨籍及未經政黨推薦,0,民主進步黨,0,中國國民黨,0,中國國民黨,0,無黨籍及未經政黨推薦,0,民主進步黨,0,無黨籍及未經政黨推薦,9202,338,9540,0,9540,3040,12580,75.83
福祉里,0008,0,民主進步黨,0,中國國民黨,2992,中國國民黨,0,民主進步黨,0,民主進步黨,0,中國國民黨,0,中國國民黨,0,中國國民黨,0,中國國民黨,0,無黨籍及未經政黨推薦,0,中國國民黨,0,無黨籍及未經政黨推薦,0,民主進步黨,0,民主進步黨,226,民主進步黨,0,中國國民黨,0,民主進步黨,0,民主進步黨,0,民主進步黨,0,中國國民黨,0,民主進步黨,0,無黨籍及未經政黨推薦,0,無黨籍及未經政黨推薦,0,無黨籍及未經政黨推薦,0,中國國民黨,0,民主進步黨,3754,中國國民黨,0,中國國民黨,0,無黨籍及未經政黨推薦,0,中國國民黨,0,中國國民黨,0,民主進步黨,0,無黨籍及未經政黨推薦,0,民主進步黨,0,無黨籍及未經政黨推薦,0,無黨籍及未經政黨推薦,0,中國國民黨,0,中國國民黨,116,民主進步黨,0,中國國民黨,0,中國國民黨,0,民主進步黨,0,民主進步黨,0,無黨籍及未經政黨推薦,0,中國國民黨,0,無黨籍及未經政黨推薦,0,無黨籍及未經政黨推薦,0,中國國民黨,0,民主進步黨,0,中國國民黨,0,無黨籍及未經政黨推薦,0,無黨籍及未經政黨推薦,0,無黨籍及未經政黨推薦,0,民主進步黨,0,無黨籍及未經政黨推薦,0,無黨籍及未經政黨推薦,0,民主進步黨,0,中國國民黨,0,無黨籍及未經政黨推薦,0,無黨籍及未經政黨推薦,0,無黨籍及未經政黨推薦,0,無黨籍及未經政黨推薦,0,民主進步黨,0,中國國民黨,0,中國國民黨,0,無黨籍及未經政黨推薦,0,民主進步黨,0,無黨籍及未經政黨推薦,7088,298,7386,0,7386,2496,9882,74.74
福民里,0009,0,民主進步黨,0,中國國民黨,1644,中國國民黨,0,民主進步黨,0,民主進步黨,0,中國國民黨,0,中國國民黨,0,中國國民黨,0,中國國民黨,0,無黨籍及未經政黨推薦,0,中國國民黨,0,無黨籍及未經政黨推薦,0,民主進步黨,0,民主進步黨,86,民主進步黨,0,中國國民黨,0,民主進步黨,0,民主進步黨,0,民主進步黨,0,中國國民黨,0,民主進步黨,0,無黨籍及未經政黨推薦,0,無黨籍及未經政黨推薦,0,無黨籍及未經政黨推薦,0,中國國民黨,0,民主進步黨,2196,中國國民黨,0,中國國民黨,0,無黨籍及未經政黨推薦,0,中國國民黨,0,中國國民黨,0,民主進步黨,0,無黨籍及未經政黨推薦,0,民主進步黨,0,無黨籍及未經政黨推薦,0,無黨籍及未經政黨推薦,0,中國國民黨,0,中國國民黨,40,民主進步黨,0,中國國民黨,0,中國國民黨,0,民主進步黨,0,民主進步黨,0,無黨籍及未經政黨推薦,0,中國國民黨,0,無黨籍及未經政黨推薦,0,無黨籍及未經政黨推薦,0,中國國民黨,0,民主進步黨,0,中國國民黨,0,無黨籍及未經政黨推薦,0,無黨籍及未經政黨推薦,0,無黨籍及未經政黨推薦,0,民主進步黨,0,無黨籍及未經政黨推薦,0,無黨籍及未經政黨推薦,0,民主進步黨,0,中國國民黨,0,無黨籍及未經政黨推薦,0,無黨籍及未經政黨推薦,0,無黨籍及未經政黨推薦,0,無黨籍及未經政黨推薦,0,民主進步黨,0,中國國民黨,0,中國國民黨,0,無黨籍及未經政黨推薦,0,民主進步黨,0,無黨籍及未經政黨推薦,3966,144,4110,0,4110,1616,5726,71.78
過田里,0010,0,民主進步黨,0,中國國民黨,3760,中國國民黨,0,民主進步黨,0,民主進步黨,0,中國國民黨,0,中國國民黨,0,中國國民黨,0,中國國民黨,0,無黨籍及未經政黨推薦,0,中國國民黨,0,無黨籍及未經政黨推薦,0,民主進步黨,0,民主進步黨,222,民主進步黨,0,中國國民黨,0,民主進步黨,0,民主進步黨,0,民主進步黨,0,中國國民黨,0,民主進步黨,0,無黨籍及未經政黨推薦,0,無黨籍及未經政黨推薦,0,無黨籍及未經政黨推薦,0,中國國民黨,0,民主進步黨,3974,中國國民黨,0,中國國民黨,0,無黨籍及未經政黨推薦,0,中國國民黨,0,中國國民黨,0,民主進步黨,0,無黨籍及未經政黨推薦,0,民主進步黨,0,無黨籍及未經政黨推薦,0,無黨籍及未經政黨推薦,0,中國國民黨,0,中國國民黨,120,民主進步黨,0,中國國民黨,0,中國國民黨,0,民主進步黨,0,民主進步黨,0,無黨籍及未經政黨推薦,0,中國國民黨,0,無黨籍及未經政黨推薦,0,無黨籍及未經政黨推薦,0,中國國民黨,0,民主進步黨,0,中國國民黨,0,無黨籍及未經政黨推薦,0,無黨籍及未經政黨推薦,0,無黨籍及未經政黨推薦,0,民主進步黨,0,無黨籍及未經政黨推薦,0,無黨籍及未經政黨推薦,0,民主進步黨,0,中國國民黨,0,無黨籍及未經政黨推薦,0,無黨籍及未經政黨推薦,0,無黨籍及未經政黨推薦,0,無黨籍及未經政黨推薦,0,民主進步黨,0,中國國民黨,0,中國國民黨,0,無黨籍及未經政黨推薦,0,民主進步黨,0,無黨籍及未經政黨推薦,8076,318,8394,0,8394,8852,17246,48.67
錦田里,0011,0,民主進步黨,0,中國國民黨,1104,中國國民黨,0,民主進步黨,0,民主進步黨,0,中國國民黨,0,中國國民黨,0,中國國民黨,0,中國國民黨,0,無黨籍及未經政黨推薦,0,中國國民黨,0,無黨籍及未經政黨推薦,0,民主進步黨,0,民主進步黨,72,民主進步黨,0,中國國民黨,0,民主進步黨,0,民主進步黨,0,民主進步黨,0,中國國民黨,0,民主進步黨,0,無黨籍及未經政黨推薦,0,無黨籍及未經政黨推薦,0,無黨籍及未經政黨推薦,0,中國國民黨,0,民主進步黨,1436,中國國民黨,0,中國國民黨,0,無黨籍及未經政黨推薦,0,中國國民黨,0,中國國民黨,0,民主進步黨,0,無黨籍及未經政黨推薦,0,民主進步黨,0,無黨籍及未經政黨推薦,0,無黨籍及未經政黨推薦,0,中國國民黨,0,中國國民黨,52,民主進步黨,0,中國國民黨,0,中國國民黨,0,民主進步黨,0,民主進步黨,0,無黨籍及未經政黨推薦,0,中國國民黨,0,無黨籍及未經政黨推薦,0,無黨籍及未經政黨推薦,0,中國國民黨,0,民主進步黨,0,中國國民黨,0,無黨籍及未經政黨推薦,0,無黨籍及未經政黨推薦,0,無黨籍及未經政黨推薦,0,民主進步黨,0,無黨籍及未經政黨推薦,0,無黨籍及未經政黨推薦,0,民主進步黨,0,中國國民黨,0,無黨籍及未經政黨推薦,0,無黨籍及未經政黨推薦,0,無黨籍及未經政黨推薦,0,無黨籍及未經政黨推薦,0,民主進步黨,0,中國國民黨,0,中國國民黨,0,無黨籍及未經政黨推薦,0,民主進步黨,0,無黨籍及未經政黨推薦,2664,78,2742,0,2742,972,3714,73.83
重明里,0012,0,民主進步黨,0,中國國民黨,2072,中國國民黨,0,民主進步黨,0,民主進步黨,0,中國國民黨,0,中國國民黨,0,中國國民黨,0,中國國民黨,0,無黨籍及未經政黨推薦,0,中國國民黨,0,無黨籍及未經政黨推薦,0,民主進步黨,0,民主進步黨,122,民主進步黨,0,中國國民黨,0,民主進步黨,0,民主進步黨,0,民主進步黨,0,中國國民黨,0,民主進步黨,0,無黨籍及未經政黨推薦,0,無黨籍及未經政黨推薦,0,無黨籍及未經政黨推薦,0,中國國民黨,0,民主進步黨,2462,中國國民黨,0,中國國民黨,0,無黨籍及未經政黨推薦,0,中國國民黨,0,中國國民黨,0,民主進步黨,0,無黨籍及未經政黨推薦,0,民主進步黨,0,無黨籍及未經政黨推薦,0,無黨籍及未經政黨推薦,0,中國國民黨,0,中國國民黨,84,民主進步黨,0,中國國民黨,0,中國國民黨,0,民主進步黨,0,民主進步黨,0,無黨籍及未經政黨推薦,0,中國國民黨,0,無黨籍及未經政黨推薦,0,無黨籍及未經政黨推薦,0,中國國民黨,0,民主進步黨,0,中國國民黨,0,無黨籍及未經政黨推薦,0,無黨籍及未經政黨推薦,0,無黨籍及未經政黨推薦,0,民主進步黨,0,無黨籍及未經政黨推薦,0,無黨籍及未經政黨推薦,0,民主進步黨,0,中國國民黨,0,無黨籍及未經政黨推薦,0,無黨籍及未經政黨推薦,0,無黨籍及未經政黨推薦,0,無黨籍及未經政黨推薦,0,民主進步黨,0,中國國民黨,0,中國國民黨,0,無黨籍及未經政黨推薦,0,民主進步黨,0,無黨籍及未經政黨推薦,4740,160,4900,0,4900,1598,6498,75.41
光田里,0013,0,民主進步黨,0,中國國民黨,2580,中國國民黨,0,民主進步黨,0,民主進步黨,0,中國國民黨,0,中國國民黨,0,中國國民黨,0,中國國民黨,0,無黨籍及未經政黨推薦,0,中國國民黨,0,無黨籍及未經政黨推薦,0,民主進步黨,0,民主進步黨,150,民主進步黨,0,中國國民黨,0,民主進步黨,0,民主進步黨,0,民主進步黨,0,中國國民黨,0,民主進步黨,0,無黨籍及未經政黨推薦,0,無黨籍及未經政黨推薦,0,無黨籍及未經政黨推薦,0,中國國民黨,0,民主進步黨,2874,中國國民黨,0,中國國民黨,0,無黨籍及未經政黨推薦,0,中國國民黨,0,中國國民黨,0,民主進步黨,0,無黨籍及未經政黨推薦,0,民主進步黨,0,無黨籍及未經政黨推薦,0,無黨籍及未經政黨推薦,0,中國國民黨,0,中國國民黨,78,民主進步黨,0,中國國民黨,0,中國國民黨,0,民主進步黨,0,民主進步黨,0,無黨籍及未經政黨推薦,0,中國國民黨,0,無黨籍及未經政黨推薦,0,無黨籍及未經政黨推薦,0,中國國民黨,0,民主進步黨,0,中國國民黨,0,無黨籍及未經政黨推薦,0,無黨籍及未經政黨推薦,0,無黨籍及未經政黨推薦,0,民主進步黨,0,無黨籍及未經政黨推薦,0,無黨籍及未經政黨推薦,0,民主進步黨,0,中國國民黨,0,無黨籍及未經政黨推薦,0,無黨籍及未經政黨推薦,0,無黨籍及未經政黨推薦,0,無黨籍及未經政黨推薦,0,民主進步黨,0,中國國民黨,0,中國國民黨,0,無黨籍及未經政黨推薦,0,民主進步黨,0,無黨籍及未經政黨推薦,5682,218,5900,0,5900,1848,7748,76.15
光陽里,0014,0,民主進步黨,0,中國國民黨,3704,中國國民黨,0,民主進步黨,0,民主進步黨,0,中國國民黨,0,中國國民黨,0,中國國民黨,0,中國國民黨,0,無黨籍及未經政黨推薦,0,中國國民黨,0,無黨籍及未經政黨推薦,0,民主進步黨,0,民主進步黨,206,民主進步黨,0,中國國民黨,0,民主進步黨,0,民主進步黨,0,民主進步黨,0,中國國民黨,0,民主進步黨,0,無黨籍及未經政黨推薦,0,無黨籍及未經政黨推薦,0,無黨籍及未經政黨推薦,0,中國國民黨,0,民主進步黨,4202,中國國民黨,0,中國國民黨,0,無黨籍及未經政黨推薦,0,中國國民黨,0,中國國民黨,0,民主進步黨,0,無黨籍及未經政黨推薦,0,民主進步黨,0,無黨籍及未經政黨推薦,0,無黨籍及未經政黨推薦,0,中國國民黨,0,中國國民黨,152,民主進步黨,0,中國國民黨,0,中國國民黨,0,民主進步黨,0,民主進步黨,0,無黨籍及未經政黨推薦,0,中國國民黨,0,無黨籍及未經政黨推薦,0,無黨籍及未經政黨推薦,0,中國國民黨,0,民主進步黨,0,中國國民黨,0,無黨籍及未經政黨推薦,0,無黨籍及未經政黨推薦,0,無黨籍及未經政黨推薦,0,民主進步黨,0,無黨籍及未經政黨推薦,0,無黨籍及未經政黨推薦,0,民主進步黨,0,中國國民黨,0,無黨籍及未經政黨推薦,0,無黨籍及未經政黨推薦,0,無黨籍及未經政黨推薦,0,無黨籍及未經政黨推薦,0,民主進步黨,0,中國國民黨,0,中國國民黨,0,無黨籍及未經政黨推薦,0,民主進步黨,0,無黨籍及未經政黨推薦,8264,280,8544,0,8544,2636,11180,76.42
田心里,0015,0,民主進步黨,0,中國國民黨,2218,中國國民黨,0,民主進步黨,0,民主進步黨,0,中國國民黨,0,中國國民黨,0,中國國民黨,0,中國國民黨,0,無黨籍及未經政黨推薦,0,中國國民黨,0,無黨籍及未經政黨推薦,0,民主進步黨,0,民主進步黨,98,民主進步黨,0,中國國民黨,0,民主進步黨,0,民主進步黨,0,民主進步黨,0,中國國民黨,0,民主進步黨,0,無黨籍及未經政黨推薦,0,無黨籍及未經政黨推薦,0,無黨籍及未經政黨推薦,0,中國國民黨,0,民主進步黨,2750,中國國民黨,0,中國國民黨,0,無黨籍及未經政黨推薦,0,中國國民黨,0,中國國民黨,0,民主進步黨,0,無黨籍及未經政黨推薦,0,民主進步黨,0,無黨籍及未經政黨推薦,0,無黨籍及未經政黨推薦,0,中國國民黨,0,中國國民黨,96,民主進步黨,0,中國國民黨,0,中國國民黨,0,民主進步黨,0,民主進步黨,0,無黨籍及未經政黨推薦,0,中國國民黨,0,無黨籍及未經政黨推薦,0,無黨籍及未經政黨推薦,0,中國國民黨,0,民主進步黨,0,中國國民黨,0,無黨籍及未經政黨推薦,0,無黨籍及未經政黨推薦,0,無黨籍及未經政黨推薦,0,民主進步黨,0,無黨籍及未經政黨推薦,0,無黨籍及未經政黨推薦,0,民主進步黨,0,中國國民黨,0,無黨籍及未經政黨推薦,0,無黨籍及未經政黨推薦,0,無黨籍及未經政黨推薦,0,無黨籍及未經政黨推薦,0,民主進步黨,0,中國國民黨,0,中國國民黨,0,無黨籍及未經政黨推薦,0,民主進步黨,0,無黨籍及未經政黨推薦,5162,148,5310,0,5310,1714,7024,75.6
福田里,0016,0,民主進步黨,0,中國國民黨,1944,中國國民黨,0,民主進步黨,0,民主進步黨,0,中國國民黨,0,中國國民黨,0,中國國民黨,0,中國國民黨,0,無黨籍及未經政黨推薦,0,中國國民黨,0,無黨籍及未經政黨推薦,0,民主進步黨,0,民主進步黨,102,民主進步黨,0,中國國民黨,0,民主進步黨,0,民主進步黨,0,民主進步黨,0,中國國民黨,0,民主進步黨,0,無黨籍及未經政黨推薦,0,無黨籍及未經政黨推薦,0,無黨籍及未經政黨推薦,0,中國國民黨,0,民主進步黨,2342,中國國民黨,0,中國國民黨,0,無黨籍及未經政黨推薦,0,中國國民黨,0,中國國民黨,0,民主進步黨,0,無黨籍及未經政黨推薦,0,民主進步黨,0,無黨籍及未經政黨推薦,0,無黨籍及未經政黨推薦,0,中國國民黨,0,中國國民黨,72,民主進步黨,0,中國國民黨,0,中國國民黨,0,民主進步黨,0,民主進步黨,0,無黨籍及未經政黨推薦,0,中國國民黨,0,無黨籍及未經政黨推薦,0,無黨籍及未經政黨推薦,0,中國國民黨,0,民主進步黨,0,中國國民黨,0,無黨籍及未經政黨推薦,0,無黨籍及未經政黨推薦,0,無黨籍及未經政黨推薦,0,民主進步黨,0,無黨籍及未經政黨推薦,0,無黨籍及未經政黨推薦,0,民主進步黨,0,中國國民黨,0,無黨籍及未經政黨推薦,0,無黨籍及未經政黨推薦,0,無黨籍及未經政黨推薦,0,無黨籍及未經政黨推薦,0,民主進步黨,0,中國國民黨,0,中國國民黨,0,無黨籍及未經政黨推薦,0,民主進步黨,0,無黨籍及未經政黨推薦,4460,132,4592,0,4592,1318,5910,77.7
田中里,0017,0,民主進步黨,0,中國國民黨,2882,中國國民黨,0,民主進步黨,0,民主進步黨,0,中國國民黨,0,中國國民黨,0,中國國民黨,0,中國國民黨,0,無黨籍及未經政黨推薦,0,中國國民黨,0,無黨籍及未經政黨推薦,0,民主進步黨,0,民主進步黨,186,民主進步黨,0,中國國民黨,0,民主進步黨,0,民主進步黨,0,民主進步黨,0,中國國民黨,0,民主進步黨,0,無黨籍及未經政黨推薦,0,無黨籍及未經政黨推薦,0,無黨籍及未經政黨推薦,0,中國國民黨,0,民主進步黨,4494,中國國民黨,0,中國國民黨,0,無黨籍及未經政黨推薦,0,中國國民黨,0,中國國民黨,0,民主進步黨,0,無黨籍及未經政黨推薦,0,民主進步黨,0,無黨籍及未經政黨推薦,0,無黨籍及未經政黨推薦,0,中國國民黨,0,中國國民黨,92,民主進步黨,0,中國國民黨,0,中國國民黨,0,民主進步黨,0,民主進步黨,0,無黨籍及未經政黨推薦,0,中國國民黨,0,無黨籍及未經政黨推薦,0,無黨籍及未經政黨推薦,0,中國國民黨,0,民主進步黨,0,中國國民黨,0,無黨籍及未經政黨推薦,0,無黨籍及未經政黨推薦,0,無黨籍及未經政黨推薦,0,民主進步黨,0,無黨籍及未經政黨推薦,0,無黨籍及未經政黨推薦,0,民主進步黨,0,中國國民黨,0,無黨籍及未經政黨推薦,0,無黨籍及未經政黨推薦,0,無黨籍及未經政黨推薦,0,無黨籍及未經政黨推薦,0,民主進步黨,0,中國國民黨,0,中國國民黨,0,無黨籍及未經政黨推薦,0,民主進步黨,0,無黨籍及未經政黨推薦,7654,242,7896,0,7896,2548,10444,75.6
田安里,0018,0,民主進步黨,0,中國國民黨,3436,中國國民黨,0,民主進步黨,0,民主進步黨,0,中國國民黨,0,中國國民黨,0,中國國民黨,0,中國國民黨,0,無黨籍及未經政黨推薦,0,中國國民黨,0,無黨籍及未經政黨推薦,0,民主進步黨,0,民主進步黨,194,民主進步黨,0,中國國民黨,0,民主進步黨,0,民主進步黨,0,民主進步黨,0,中國國民黨,0,民主進步黨,0,無黨籍及未經政黨推薦,0,無黨籍及未經政黨推薦,0,無黨籍及未經政黨推薦,0,中國國民黨,0,民主進步黨,3886,中國國民黨,0,中國國民黨,0,無黨籍及未經政黨推薦,0,中國國民黨,0,中國國民黨,0,民主進步黨,0,無黨籍及未經政黨推薦,0,民主進步黨,0,無黨籍及未經政黨推薦,0,無黨籍及未經政黨推薦,0,中國國民黨,0,中國國民黨,112,民主進步黨,0,中國國民黨,0,中國國民黨,0,民主進步黨,0,民主進步黨,0,無黨籍及未經政黨推薦,0,中國國民黨,0,無黨籍及未經政黨推薦,0,無黨籍及未經政黨推薦,0,中國國民黨,0,民主進步黨,0,中國國民黨,0,無黨籍及未經政黨推薦,0,無黨籍及未經政黨推薦,0,無黨籍及未經政黨推薦,0,民主進步黨,0,無黨籍及未經政黨推薦,0,無黨籍及未經政黨推薦,0,民主進步黨,0,中國國民黨,0,無黨籍及未經政黨推薦,0,無黨籍及未經政黨推薦,0,無黨籍及未經政黨推薦,0,無黨籍及未經政黨推薦,0,民主進步黨,0,中國國民黨,0,中國國民黨,0,無黨籍及未經政黨推薦,0,民主進步黨,0,無黨籍及未經政黨推薦,7628,226,7854,0,7854,2666,10520,74.66
三民里,0019,0,民主進步黨,0,中國國民黨,1742,中國國民黨,0,民主進步黨,0,民主進步黨,0,中國國民黨,0,中國國民黨,0,中國國民黨,0,中國國民黨,0,無黨籍及未經政黨推薦,0,中國國民黨,0,無黨籍及未經政黨推薦,0,民主進步黨,0,民主進步黨,86,民主進步黨,0,中國國民黨,0,民主進步黨,0,民主進步黨,0,民主進步黨,0,中國國民黨,0,民主進步黨,0,無黨籍及未經政黨推薦,0,無黨籍及未經政黨推薦,0,無黨籍及未經政黨推薦,0,中國國民黨,0,民主進步黨,2312,中國國民黨,0,中國國民黨,0,無黨籍及未經政黨推薦,0,中國國民黨,0,中國國民黨,0,民主進步黨,0,無黨籍及未經政黨推薦,0,民主進步黨,0,無黨籍及未經政黨推薦,0,無黨籍及未經政黨推薦,0,中國國民黨,0,中國國民黨,72,民主進步黨,0,中國國民黨,0,中國國民黨,0,民主進步黨,0,民主進步黨,0,無黨籍及未經政黨推薦,0,中國國民黨,0,無黨籍及未經政黨推薦,0,無黨籍及未經政黨推薦,0,中國國民黨,0,民主進步黨,0,中國國民黨,0,無黨籍及未經政黨推薦,0,無黨籍及未經政黨推薦,0,無黨籍及未經政黨推薦,0,民主進步黨,0,無黨籍及未經政黨推薦,0,無黨籍及未經政黨推薦,0,民主進步黨,0,中國國民黨,0,無黨籍及未經政黨推薦,0,無黨籍及未經政黨推薦,0,無黨籍及未經政黨推薦,0,無黨籍及未經政黨推薦,0,民主進步黨,0,中國國民黨,0,中國國民黨,0,無黨籍及未經政黨推薦,0,民主進步黨,0,無黨籍及未經政黨推薦,4212,110,4322,0,4322,1484,5806,74.44
光明里,0020,0,民主進步黨,0,中國國民黨,3972,中國國民黨,0,民主進步黨,0,民主進步黨,0,中國國民黨,0,中國國民黨,0,中國國民黨,0,中國國民黨,0,無黨籍及未經政黨推薦,0,中國國民黨,0,無黨籍及未經政黨推薦,0,民主進步黨,0,民主進步黨,250,民主進步黨,0,中國國民黨,0,民主進步黨,0,民主進步黨,0,民主進步黨,0,中國國民黨,0,民主進步黨,0,無黨籍及未經政黨推薦,0,無黨籍及未經政黨推薦,0,無黨籍及未經政黨推薦,0,中國國民黨,0,民主進步黨,4554,中國國民黨,0,中國國民黨,0,無黨籍及未經政黨推薦,0,中國國民黨,0,中國國民黨,0,民主進步黨,0,無黨籍及未經政黨推薦,0,民主進步黨,0,無黨籍及未經政黨推薦,0,無黨籍及未經政黨推薦,0,中國國民黨,0,中國國民黨,156,民主進步黨,0,中國國民黨,0,中國國民黨,0,民主進步黨,0,民主進步黨,0,無黨籍及未經政黨推薦,0,中國國民黨,0,無黨籍及未經政黨推薦,0,無黨籍及未經政黨推薦,0,中國國民黨,0,民主進步黨,0,中國國民黨,0,無黨籍及未經政黨推薦,0,無黨籍及未經政黨推薦,0,無黨籍及未經政黨推薦,0,民主進步黨,0,無黨籍及未經政黨推薦,0,無黨籍及未經政黨推薦,0,民主進步黨,0,中國國民黨,0,無黨籍及未經政黨推薦,0,無黨籍及未經政黨推薦,0,無黨籍及未經政黨推薦,0,無黨籍及未經政黨推薦,0,民主進步黨,0,中國國民黨,0,中國國民黨,0,無黨籍及未經政黨推薦,0,民主進步黨,0,無黨籍及未經政黨推薦,8932,310,9242,0,9242,3342,12584,73.44
光正里,0021,0,民主進步黨,0,中國國民黨,1616,中國國民黨,0,民主進步黨,0,民主進步黨,0,中國國民黨,0,中國國民黨,0,中國國民黨,0,中國國民黨,0,無黨籍及未經政黨推薦,0,中國國民黨,0,無黨籍及未經政黨推薦,0,民主進步黨,0,民主進步黨,78,民主進步黨,0,中國國民黨,0,民主進步黨,0,民主進步黨,0,民主進步黨,0,中國國民黨,0,民主進步黨,0,無黨籍及未經政黨推薦,0,無黨籍及未經政黨推薦,0,無黨籍及未經政黨推薦,0,中國國民黨,0,民主進步黨,1768,中國國民黨,0,中國國民黨,0,無黨籍及未經政黨推薦,0,中國國民黨,0,中國國民黨,0,民主進步黨,0,無黨籍及未經政黨推薦,0,民主進步黨,0,無黨籍及未經政黨推薦,0,無黨籍及未經政黨推薦,0,中國國民黨,0,中國國民黨,58,民主進步黨,0,中國國民黨,0,中國國民黨,0,民主進步黨,0,民主進步黨,0,無黨籍及未經政黨推薦,0,中國國民黨,0,無黨籍及未經政黨推薦,0,無黨籍及未經政黨推薦,0,中國國民黨,0,民主進步黨,0,中國國民黨,0,無黨籍及未經政黨推薦,0,無黨籍及未經政黨推薦,0,無黨籍及未經政黨推薦,0,民主進步黨,0,無黨籍及未經政黨推薦,0,無黨籍及未經政黨推薦,0,民主進步黨,0,中國國民黨,0,無黨籍及未經政黨推薦,0,無黨籍及未經政黨推薦,0,無黨籍及未經政黨推薦,0,無黨籍及未經政黨推薦,0,民主進步黨,0,中國國民黨,0,中國國民黨,0,無黨籍及未經政黨推薦,0,民主進步黨,0,無黨籍及未經政黨推薦,3520,142,3662,0,3662,1232,4894,74.83
同安里,0022,0,民主進步黨,0,中國國民黨,738,中國國民黨,0,民主進步黨,0,民主進步黨,0,中國國民黨,0,中國國民黨,0,中國國民黨,0,中國國民黨,0,無黨籍及未經政黨推薦,0,中國國民黨,0,無黨籍及未經政黨推薦,0,民主進步黨,0,民主進步黨,52,民主進步黨,0,中國國民黨,0,民主進步黨,0,民主進步黨,0,民主進步黨,0,中國國民黨,0,民主進步黨,0,無黨籍及未經政黨推薦,0,無黨籍及未經政黨推薦,0,無黨籍及未經政黨推薦,0,中國國民黨,0,民主進步黨,778,中國國民黨,0,中國國民黨,0,無黨籍及未經政黨推薦,0,中國國民黨,0,中國國民黨,0,民主進步黨,0,無黨籍及未經政黨推薦,0,民主進步黨,0,無黨籍及未經政黨推薦,0,無黨籍及未經政黨推薦,0,中國國民黨,0,中國國民黨,18,民主進步黨,0,中國國民黨,0,中國國民黨,0,民主進步黨,0,民主進步黨,0,無黨籍及未經政黨推薦,0,中國國民黨,0,無黨籍及未經政黨推薦,0,無黨籍及未經政黨推薦,0,中國國民黨,0,民主進步黨,0,中國國民黨,0,無黨籍及未經政黨推薦,0,無黨籍及未經政黨推薦,0,無黨籍及未經政黨推薦,0,民主進步黨,0,無黨籍及未經政黨推薦,0,無黨籍及未經政黨推薦,0,民主進步黨,0,中國國民黨,0,無黨籍及未經政黨推薦,0,無黨籍及未經政黨推薦,0,無黨籍及未經政黨推薦,0,無黨籍及未經政黨推薦,0,民主進步黨,0,中國國民黨,0,中國國民黨,0,無黨籍及未經政黨推薦,0,民主進步黨,0,無黨籍及未經政黨推薦,1586,84,1670,0,1670,738,2408,69.35
同慶里,0023,0,民主進步黨,0,中國國民黨,1046,中國國民黨,0,民主進步黨,0,民主進步黨,0,中國國民黨,0,中國國民黨,0,中國國民黨,0,中國國民黨,0,無黨籍及未經政黨推薦,0,中國國民黨,0,無黨籍及未經政黨推薦,0,民主進步黨,0,民主進步黨,66,民主進步黨,0,中國國民黨,0,民主進步黨,0,民主進步黨,0,民主進步黨,0,中國國民黨,0,民主進步黨,0,無黨籍及未經政黨推薦,0,無黨籍及未經政黨推薦,0,無黨籍及未經政黨推薦,0,中國國民黨,0,民主進步黨,1042,中國國民黨,0,中國國民黨,0,無黨籍及未經政黨推薦,0,中國國民黨,0,中國國民黨,0,民主進步黨,0,無黨籍及未經政黨推薦,0,民主進步黨,0,無黨籍及未經政黨推薦,0,無黨籍及未經政黨推薦,0,中國國民黨,0,中國國民黨,22,民主進步黨,0,中國國民黨,0,中國國民黨,0,民主進步黨,0,民主進步黨,0,無黨籍及未經政黨推薦,0,中國國民黨,0,無黨籍及未經政黨推薦,0,無黨籍及未經政黨推薦,0,中國國民黨,0,民主進步黨,0,中國國民黨,0,無黨籍及未經政黨推薦,0,無黨籍及未經政黨推薦,0,無黨籍及未經政黨推薦,0,民主進步黨,0,無黨籍及未經政黨推薦,0,無黨籍及未經政黨推薦,0,民主進步黨,0,中國國民黨,0,無黨籍及未經政黨推薦,0,無黨籍及未經政黨推薦,0,無黨籍及未經政黨推薦,0,無黨籍及未經政黨推薦,0,民主進步黨,0,中國國民黨,0,中國國民黨,0,無黨籍及未經政黨推薦,0,民主進步黨,0,無黨籍及未經政黨推薦,2176,86,2262,0,2262,832,3094,73.11
菜寮里,0024,0,民主進步黨,0,中國國民黨,1282,中國國民黨,0,民主進步黨,0,民主進步黨,0,中國國民黨,0,中國國民黨,0,中國國民黨,0,中國國民黨,0,無黨籍及未經政黨推薦,0,中國國民黨,0,無黨籍及未經政黨推薦,0,民主進步黨,0,民主進步黨,90,民主進步黨,0,中國國民黨,0,民主進步黨,0,民主進步黨,0,民主進步黨,0,中國國民黨,0,民主進步黨,0,無黨籍及未經政黨推薦,0,無黨籍及未經政黨推薦,0,無黨籍及未經政黨推薦,0,中國國民黨,0,民主進步黨,1298,中國國民黨,0,中國國民黨,0,無黨籍及未經政黨推薦,0,中國國民黨,0,中國國民黨,0,民主進步黨,0,無黨籍及未經政黨推薦,0,民主進步黨,0,無黨籍及未經政黨推薦,0,無黨籍及未經政黨推薦,0,中國國民黨,0,中國國民黨,38,民主進步黨,0,中國國民黨,0,中國國民黨,0,民主進步黨,0,民主進步黨,0,無黨籍及未經政黨推薦,0,中國國民黨,0,無黨籍及未經政黨推薦,0,無黨籍及未經政黨推薦,0,中國國民黨,0,民主進步黨,0,中國國民黨,0,無黨籍及未經政黨推薦,0,無黨籍及未經政黨推薦,0,無黨籍及未經政黨推薦,0,民主進步黨,0,無黨籍及未經政黨推薦,0,無黨籍及未經政黨推薦,0,民主進步黨,0,中國國民黨,0,無黨籍及未經政黨推薦,0,無黨籍及未經政黨推薦,0,無黨籍及未經政黨推薦,0,無黨籍及未經政黨推薦,0,民主進步黨,0,中國國民黨,0,中國國民黨,0,無黨籍及未經政黨推薦,0,民主進步黨,0,無黨籍及未經政黨推薦,2708,104,2812,0,2812,982,3794,74.12
永春里,0025,0,民主進步黨,0,中國國民黨,1058,中國國民黨,0,民主進步黨,0,民主進步黨,0,中國國民黨,0,中國國民黨,0,中國國民黨,0,中國國民黨,0,無黨籍及未經政黨推薦,0,中國國民黨,0,無黨籍及未經政黨推薦,0,民主進步黨,0,民主進步黨,74,民主進步黨,0,中國國民黨,0,民主進步黨,0,民主進步黨,0,民主進步黨,0,中國國民黨,0,民主進步黨,0,無黨籍及未經政黨推薦,0,無黨籍及未經政黨推薦,0,無黨籍及未經政黨推薦,0,中國國民黨,0,民主進步黨,1134,中國國民黨,0,中國國民黨,0,無黨籍及未經政黨推薦,0,中國國民黨,0,中國國民黨,0,民主進步黨,0,無黨籍及未經政黨推薦,0,民主進步黨,0,無黨籍及未經政黨推薦,0,無黨籍及未經政黨推薦,0,中國國民黨,0,中國國民黨,38,民主進步黨,0,中國國民黨,0,中國國民黨,0,民主進步黨,0,民主進步黨,0,無黨籍及未經政黨推薦,0,中國國民黨,0,無黨籍及未經政黨推薦,0,無黨籍及未經政黨推薦,0,中國國民黨,0,民主進步黨,0,中國國民黨,0,無黨籍及未經政黨推薦,0,無黨籍及未經政黨推薦,0,無黨籍及未經政黨推薦,0,民主進步黨,0,無黨籍及未經政黨推薦,0,無黨籍及未經政黨推薦,0,民主進步黨,0,中國國民黨,0,無黨籍及未經政黨推薦,0,無黨籍及未經政黨推薦,0,無黨籍及未經政黨推薦,0,無黨籍及未經政黨推薦,0,民主進步黨,0,中國國民黨,0,中國國民黨,0,無黨籍及未經政黨推薦,0,民主進步黨,0,無黨籍及未經政黨推薦,2304,78,2382,0,2382,798,3180,74.91
中正里,0026,0,民主進步黨,0,中國國民黨,754,中國國民黨,0,民主進步黨,0,民主進步黨,0,中國國民黨,0,中國國民黨,0,中國國民黨,0,中國國民黨,0,無黨籍及未經政黨推薦,0,中國國民黨,0,無黨籍及未經政黨推薦,0,民主進步黨,0,民主進步黨,42,民主進步黨,0,中國國民黨,0,民主進步黨,0,民主進步黨,0,民主進步黨,0,中國國民黨,0,民主進步黨,0,無黨籍及未經政黨推薦,0,無黨籍及未經政黨推薦,0,無黨籍及未經政黨推薦,0,中國國民黨,0,民主進步黨,934,中國國民黨,0,中國國民黨,0,無黨籍及未經政黨推薦,0,中國國民黨,0,中國國民黨,0,民主進步黨,0,無黨籍及未經政黨推薦,0,民主進步黨,0,無黨籍及未經政黨推薦,0,無黨籍及未經政黨推薦,0,中國國民黨,0,中國國民黨,28,民主進步黨,0,中國國民黨,0,中國國民黨,0,民主進步黨,0,民主進步黨,0,無黨籍及未經政黨推薦,0,中國國民黨,0,無黨籍及未經政黨推薦,0,無黨籍及未經政黨推薦,0,中國國民黨,0,民主進步黨,0,中國國民黨,0,無黨籍及未經政黨推薦,0,無黨籍及未經政黨推薦,0,無黨籍及未經政黨推薦,0,民主進步黨,0,無黨籍及未經政黨推薦,0,無黨籍及未經政黨推薦,0,民主進步黨,0,中國國民黨,0,無黨籍及未經政黨推薦,0,無黨籍及未經政黨推薦,0,無黨籍及未經政黨推薦,0,無黨籍及未經政黨推薦,0,民主進步黨,0,中國國民黨,0,中國國民黨,0,無黨籍及未經政黨推薦,0,民主進步黨,0,無黨籍及未經政黨推薦,1758,66,1824,0,1824,578,2402,75.94
吉利里,0027,0,民主進步黨,0,中國國民黨,776,中國國民黨,0,民主進步黨,0,民主進步黨,0,中國國民黨,0,中國國民黨,0,中國國民黨,0,中國國民黨,0,無黨籍及未經政黨推薦,0,中國國民黨,0,無黨籍及未經政黨推薦,0,民主進步黨,0,民主進步黨,42,民主進步黨,0,中國國民黨,0,民主進步黨,0,民主進步黨,0,民主進步黨,0,中國國民黨,0,民主進步黨,0,無黨籍及未經政黨推薦,0,無黨籍及未經政黨推薦,0,無黨籍及未經政黨推薦,0,中國國民黨,0,民主進步黨,796,中國國民黨,0,中國國民黨,0,無黨籍及未經政黨推薦,0,中國國民黨,0,中國國民黨,0,民主進步黨,0,無黨籍及未經政黨推薦,0,民主進步黨,0,無黨籍及未經政黨推薦,0,無黨籍及未經政黨推薦,0,中國國民黨,0,中國國民黨,38,民主進步黨,0,中國國民黨,0,中國國民黨,0,民主進步黨,0,民主進步黨,0,無黨籍及未經政黨推薦,0,中國國民黨,0,無黨籍及未經政黨推薦,0,無黨籍及未經政黨推薦,0,中國國民黨,0,民主進步黨,0,中國國民黨,0,無黨籍及未經政黨推薦,0,無黨籍及未經政黨推薦,0,無黨籍及未經政黨推薦,0,民主進步黨,0,無黨籍及未經政黨推薦,0,無黨籍及未經政黨推薦,0,民主進步黨,0,中國國民黨,0,無黨籍及未經政黨推薦,0,無黨籍及未經政黨推薦,0,無黨籍及未經政黨推薦,0,無黨籍及未經政黨推薦,0,民主進步黨,0,中國國民黨,0,中國國民黨,0,無黨籍及未經政黨推薦,0,民主進步黨,0,無黨籍及未經政黨推薦,1652,52,1704,0,1704,788,2492,68.38
大同里,0028,0,民主進步黨,0,中國國民黨,1072,中國國民黨,0,民主進步黨,0,民主進步黨,0,中國國民黨,0,中國國民黨,0,中國國民黨,0,中國國民黨,0,無黨籍及未經政黨推薦,0,中國國民黨,0,無黨籍及未經政黨推薦,0,民主進步黨,0,民主進步黨,60,民主進步黨,0,中國國民黨,0,民主進步黨,0,民主進步黨,0,民主進步黨,0,中國國民黨,0,民主進步黨,0,無黨籍及未經政黨推薦,0,無黨籍及未經政黨推薦,0,無黨籍及未經政黨推薦,0,中國國民黨,0,民主進步黨,1310,中國國民黨,0,中國國民黨,0,無黨籍及未經政黨推薦,0,中國國民黨,0,中國國民黨,0,民主進步黨,0,無黨籍及未經政黨推薦,0,民主進步黨,0,無黨籍及未經政黨推薦,0,無黨籍及未經政黨推薦,0,中國國民黨,0,中國國民黨,48,民主進步黨,0,中國國民黨,0,中國國民黨,0,民主進步黨,0,民主進步黨,0,無黨籍及未經政黨推薦,0,中國國民黨,0,無黨籍及未經政黨推薦,0,無黨籍及未經政黨推薦,0,中國國民黨,0,民主進步黨,0,中國國民黨,0,無黨籍及未經政黨推薦,0,無黨籍及未經政黨推薦,0,無黨籍及未經政黨推薦,0,民主進步黨,0,無黨籍及未經政黨推薦,0,無黨籍及未經政黨推薦,0,民主進步黨,0,中國國民黨,0,無黨籍及未經政黨推薦,0,無黨籍及未經政黨推薦,0,無黨籍及未經政黨推薦,0,無黨籍及未經政黨推薦,0,民主進步黨,0,中國國民黨,0,中國國民黨,0,無黨籍及未經政黨推薦,0,民主進步黨,0,無黨籍及未經政黨推薦,2490,98,2588,0,2588,998,3586,72.17
中民里,0029,0,民主進步黨,0,中國國民黨,702,中國國民黨,0,民主進步黨,0,民主進步黨,0,中國國民黨,0,中國國民黨,0,中國國民黨,0,中國國民黨,0,無黨籍及未經政黨推薦,0,中國國民黨,0,無黨籍及未經政黨推薦,0,民主進步黨,0,民主進步黨,42,民主進步黨,0,中國國民黨,0,民主進步黨,0,民主進步黨,0,民主進步黨,0,中國國民黨,0,民主進步黨,0,無黨籍及未經政黨推薦,0,無黨籍及未經政黨推薦,0,無黨籍及未經政黨推薦,0,中國國民黨,0,民主進步黨,764,中國國民黨,0,中國國民黨,0,無黨籍及未經政黨推薦,0,中國國民黨,0,中國國民黨,0,民主進步黨,0,無黨籍及未經政黨推薦,0,民主進步黨,0,無黨籍及未經政黨推薦,0,無黨籍及未經政黨推薦,0,中國國民黨,0,中國國民黨,16,民主進步黨,0,中國國民黨,0,中國國民黨,0,民主進步黨,0,民主進步黨,0,無黨籍及未經政黨推薦,0,中國國民黨,0,無黨籍及未經政黨推薦,0,無黨籍及未經政黨推薦,0,中國國民黨,0,民主進步黨,0,中國國民黨,0,無黨籍及未經政黨推薦,0,無黨籍及未經政黨推薦,0,無黨籍及未經政黨推薦,0,民主進步黨,0,無黨籍及未經政黨推薦,0,無黨籍及未經政黨推薦,0,民主進步黨,0,中國國民黨,0,無黨籍及未經政黨推薦,0,無黨籍及未經政黨推薦,0,無黨籍及未經政黨推薦,0,無黨籍及未經政黨推薦,0,民主進步黨,0,中國國民黨,0,中國國民黨,0,無黨籍及未經政黨推薦,0,民主進步黨,0,無黨籍及未經政黨推薦,1524,74,1598,0,1598,536,2134,74.88
平和里,0030,0,民主進步黨,0,中國國民黨,956,中國國民黨,0,民主進步黨,0,民主進步黨,0,中國國民黨,0,中國國民黨,0,中國國民黨,0,中國國民黨,0,無黨籍及未經政黨推薦,0,中國國民黨,0,無黨籍及未經政黨推薦,0,民主進步黨,0,民主進步黨,40,民主進步黨,0,中國國民黨,0,民主進步黨,0,民主進步黨,0,民主進步黨,0,中國國民黨,0,民主進步黨,0,無黨籍及未經政黨推薦,0,無黨籍及未經政黨推薦,0,無黨籍及未經政黨推薦,0,中國國民黨,0,民主進步黨,902,中國國民黨,0,中國國民黨,0,無黨籍及未經政黨推薦,0,中國國民黨,0,中國國民黨,0,民主進步黨,0,無黨籍及未經政黨推薦,0,民主進步黨,0,無黨籍及未經政黨推薦,0,無黨籍及未經政黨推薦,0,中國國民黨,0,中國國民黨,34,民主進步黨,0,中國國民黨,0,中國國民黨,0,民主進步黨,0,民主進步黨,0,無黨籍及未經政黨推薦,0,中國國民黨,0,無黨籍及未經政黨推薦,0,無黨籍及未經政黨推薦,0,中國國民黨,0,民主進步黨,0,中國國民黨,0,無黨籍及未經政黨推薦,0,無黨籍及未經政黨推薦,0,無黨籍及未經政黨推薦,0,民主進步黨,0,無黨籍及未經政黨推薦,0,無黨籍及未經政黨推薦,0,民主進步黨,0,中國國民黨,0,無黨籍及未經政黨推薦,0,無黨籍及未經政黨推薦,0,無黨籍及未經政黨推薦,0,無黨籍及未經政黨推薦,0,民主進步黨,0,中國國民黨,0,中國國民黨,0,無黨籍及未經政黨推薦,0,民主進步黨,0,無黨籍及未經政黨推薦,1932,64,1996,0,1996,764,2760,72.32
大安里,0031,0,民主進步黨,0,中國國民黨,1034,中國國民黨,0,民主進步黨,0,民主進步黨,0,中國國民黨,0,中國國民黨,0,中國國民黨,0,中國國民黨,0,無黨籍及未經政黨推薦,0,中國國民黨,0,無黨籍及未經政黨推薦,0,民主進步黨,0,民主進步黨,62,民主進步黨,0,中國國民黨,0,民主進步黨,0,民主進步黨,0,民主進步黨,0,中國國民黨,0,民主進步黨,0,無黨籍及未經政黨推薦,0,無黨籍及未經政黨推薦,0,無黨籍及未經政黨推薦,0,中國國民黨,0,民主進步黨,950,中國國民黨,0,中國國民黨,0,無黨籍及未經政黨推薦,0,中國國民黨,0,中國國民黨,0,民主進步黨,0,無黨籍及未經政黨推薦,0,民主進步黨,0,無黨籍及未經政黨推薦,0,無黨籍及未經政黨推薦,0,中國國民黨,0,中國國民黨,26,民主進步黨,0,中國國民黨,0,中國國民黨,0,民主進步黨,0,民主進步黨,0,無黨籍及未經政黨推薦,0,中國國民黨,0,無黨籍及未經政黨推薦,0,無黨籍及未經政黨推薦,0,中國國民黨,0,民主進步黨,0,中國國民黨,0,無黨籍及未經政黨推薦,0,無黨籍及未經政黨推薦,0,無黨籍及未經政黨推薦,0,民主進步黨,0,無黨籍及未經政黨推薦,0,無黨籍及未經政黨推薦,0,民主進步黨,0,中國國民黨,0,無黨籍及未經政黨推薦,0,無黨籍及未經政黨推薦,0,無黨籍及未經政黨推薦,0,無黨籍及未經政黨推薦,0,民主進步黨,0,中國國民黨,0,中國國民黨,0,無黨籍及未經政黨推薦,0,民主進步黨,0,無黨籍及未經政黨推薦,2072,46,2118,0,2118,762,2880,73.54
仁德里,0032,0,民主進步黨,0,中國國民黨,972,中國國民黨,0,民主進步黨,0,民主進步黨,0,中國國民黨,0,中國國民黨,0,中國國民黨,0,中國國民黨,0,無黨籍及未經政黨推薦,0,中國國民黨,0,無黨籍及未經政黨推薦,0,民主進步黨,0,民主進步黨,56,民主進步黨,0,中國國民黨,0,民主進步黨,0,民主進步黨,0,民主進步黨,0,中國國民黨,0,民主進步黨,0,無黨籍及未經政黨推薦,0,無黨籍及未經政黨推薦,0,無黨籍及未經政黨推薦,0,中國國民黨,0,民主進步黨,1274,中國國民黨,0,中國國民黨,0,無黨籍及未經政黨推薦,0,中國國民黨,0,中國國民黨,0,民主進步黨,0,無黨籍及未經政黨推薦,0,民主進步黨,0,無黨籍及未經政黨推薦,0,無黨籍及未經政黨推薦,0,中國國民黨,0,中國國民黨,24,民主進步黨,0,中國國民黨,0,中國國民黨,0,民主進步黨,0,民主進步黨,0,無黨籍及未經政黨推薦,0,中國國民黨,0,無黨籍及未經政黨推薦,0,無黨籍及未經政黨推薦,0,中國國民黨,0,民主進步黨,0,中國國民黨,0,無黨籍及未經政黨推薦,0,無黨籍及未經政黨推薦,0,無黨籍及未經政黨推薦,0,民主進步黨,0,無黨籍及未經政黨推薦,0,無黨籍及未經政黨推薦,0,民主進步黨,0,中國國民黨,0,無黨籍及未經政黨推薦,0,無黨籍及未經政黨推薦,0,無黨籍及未經政黨推薦,0,無黨籍及未經政黨推薦,0,民主進步黨,0,中國國民黨,0,中國國民黨,0,無黨籍及未經政黨推薦,0,民主進步黨,0,無黨籍及未經政黨推薦,2326,84,2410,0,2410,984,3394,71.01
忠孝里,0033,0,民主進步黨,0,中國國民黨,986,中國國民黨,0,民主進步黨,0,民主進步黨,0,中國國民黨,0,中國國民黨,0,中國國民黨,0,中國國民黨,0,無黨籍及未經政黨推薦,0,中國國民黨,0,無黨籍及未經政黨推薦,0,民主進步黨,0,民主進步黨,76,民主進步黨,0,中國國民黨,0,民主進步黨,0,民主進步黨,0,民主進步黨,0,中國國民黨,0,民主進步黨,0,無黨籍及未經政黨推薦,0,無黨籍及未經政黨推薦,0,無黨籍及未經政黨推薦,0,中國國民黨,0,民主進步黨,1122,中國國民黨,0,中國國民黨,0,無黨籍及未經政黨推薦,0,中國國民黨,0,中國國民黨,0,民主進步黨,0,無黨籍及未經政黨推薦,0,民主進步黨,0,無黨籍及未經政黨推薦,0,無黨籍及未經政黨推薦,0,中國國民黨,0,中國國民黨,30,民主進步黨,0,中國國民黨,0,中國國民黨,0,民主進步黨,0,民主進步黨,0,無黨籍及未經政黨推薦,0,中國國民黨,0,無黨籍及未經政黨推薦,0,無黨籍及未經政黨推薦,0,中國國民黨,0,民主進步黨,0,中國國民黨,0,無黨籍及未經政黨推薦,0,無黨籍及未經政黨推薦,0,無黨籍及未經政黨推薦,0,民主進步黨,0,無黨籍及未經政黨推薦,0,無黨籍及未經政黨推薦,0,民主進步黨,0,中國國民黨,0,無黨籍及未經政黨推薦,0,無黨籍及未經政黨推薦,0,無黨籍及未經政黨推薦,0,無黨籍及未經政黨推薦,0,民主進步黨,0,中國國民黨,0,中國國民黨,0,無黨籍及未經政黨推薦,0,民主進步黨,0,無黨籍及未經政黨推薦,2214,86,2300,0,2300,832,3132,73.44
仁義里,0034,0,民主進步黨,0,中國國民黨,746,中國國民黨,0,民主進步黨,0,民主進步黨,0,中國國民黨,0,中國國民黨,0,中國國民黨,0,中國國民黨,0,無黨籍及未經政黨推薦,0,中國國民黨,0,無黨籍及未經政黨推薦,0,民主進步黨,0,民主進步黨,38,民主進步黨,0,中國國民黨,0,民主進步黨,0,民主進步黨,0,民主進步黨,0,中國國民黨,0,民主進步黨,0,無黨籍及未經政黨推薦,0,無黨籍及未經政黨推薦,0,無黨籍及未經政黨推薦,0,中國國民黨,0,民主進步黨,858,中國國民黨,0,中國國民黨,0,無黨籍及未經政黨推薦,0,中國國民黨,0,中國國民黨,0,民主進步黨,0,無黨籍及未經政黨推薦,0,民主進步黨,0,無黨籍及未經政黨推薦,0,無黨籍及未經政黨推薦,0,中國國民黨,0,中國國民黨,32,民主進步黨,0,中國國民黨,0,中國國民黨,0,民主進步黨,0,民主進步黨,0,無黨籍及未經政黨推薦,0,中國國民黨,0,無黨籍及未經政黨推薦,0,無黨籍及未經政黨推薦,0,中國國民黨,0,民主進步黨,0,中國國民黨,0,無黨籍及未經政黨推薦,0,無黨籍及未經政黨推薦,0,無黨籍及未經政黨推薦,0,民主進步黨,0,無黨籍及未經政黨推薦,0,無黨籍及未經政黨推薦,0,民主進步黨,0,中國國民黨,0,無黨籍及未經政黨推薦,0,無黨籍及未經政黨推薦,0,無黨籍及未經政黨推薦,0,無黨籍及未經政黨推薦,0,民主進步黨,0,中國國民黨,0,中國國民黨,0,無黨籍及未經政黨推薦,0,民主進步黨,0,無黨籍及未經政黨推薦,1674,60,1734,0,1734,696,2430,71.36
光榮里,0035,0,民主進步黨,0,中國國民黨,792,中國國民黨,0,民主進步黨,0,民主進步黨,0,中國國民黨,0,中國國民黨,0,中國國民黨,0,中國國民黨,0,無黨籍及未經政黨推薦,0,中國國民黨,0,無黨籍及未經政黨推薦,0,民主進步黨,0,民主進步黨,52,民主進步黨,0,中國國民黨,0,民主進步黨,0,民主進步黨,0,民主進步黨,0,中國國民黨,0,民主進步黨,0,無黨籍及未經政黨推薦,0,無黨籍及未經政黨推薦,0,無黨籍及未經政黨推薦,0,中國國民黨,0,民主進步黨,868,中國國民黨,0,中國國民黨,0,無黨籍及未經政黨推薦,0,中國國民黨,0,中國國民黨,0,民主進步黨,0,無黨籍及未經政黨推薦,0,民主進步黨,0,無黨籍及未經政黨推薦,0,無黨籍及未經政黨推薦,0,中國國民黨,0,中國國民黨,34,民主進步黨,0,中國國民黨,0,中國國民黨,0,民主進步黨,0,民主進步黨,0,無黨籍及未經政黨推薦,0,中國國民黨,0,無黨籍及未經政黨推薦,0,無黨籍及未經政黨推薦,0,中國國民黨,0,民主進步黨,0,中國國民黨,0,無黨籍及未經政黨推薦,0,無黨籍及未經政黨推薦,0,無黨籍及未經政黨推薦,0,民主進步黨,0,無黨籍及未經政黨推薦,0,無黨籍及未經政黨推薦,0,民主進步黨,0,中國國民黨,0,無黨籍及未經政黨推薦,0,無黨籍及未經政黨推薦,0,無黨籍及未經政黨推薦,0,無黨籍及未經政黨推薦,0,民主進步黨,0,中國國民黨,0,中國國民黨,0,無黨籍及未經政黨推薦,0,民主進步黨,0,無黨籍及未經政黨推薦,1746,70,1816,0,1816,708,2524,71.95
光輝里,0036,0,民主進步黨,0,中國國民黨,898,中國國民黨,0,民主進步黨,0,民主進步黨,0,中國國民黨,0,中國國民黨,0,中國國民黨,0,中國國民黨,0,無黨籍及未經政黨推薦,0,中國國民黨,0,無黨籍及未經政黨推薦,0,民主進步黨,0,民主進步黨,32,民主進步黨,0,中國國民黨,0,民主進步黨,0,民主進步黨,0,民主進步黨,0,中國國民黨,0,民主進步黨,0,無黨籍及未經政黨推薦,0,無黨籍及未經政黨推薦,0,無黨籍及未經政黨推薦,0,中國國民黨,0,民主進步黨,934,中國國民黨,0,中國國民黨,0,無黨籍及未經政黨推薦,0,中國國民黨,0,中國國民黨,0,民主進步黨,0,無黨籍及未經政黨推薦,0,民主進步黨,0,無黨籍及未經政黨推薦,0,無黨籍及未經政黨推薦,0,中國國民黨,0,中國國民黨,8,民主進步黨,0,中國國民黨,0,中國國民黨,0,民主進步黨,0,民主進步黨,0,無黨籍及未經政黨推薦,0,中國國民黨,0,無黨籍及未經政黨推薦,0,無黨籍及未經政黨推薦,0,中國國民黨,0,民主進步黨,0,中國國民黨,0,無黨籍及未經政黨推薦,0,無黨籍及未經政黨推薦,0,無黨籍及未經政黨推薦,0,民主進步黨,0,無黨籍及未經政黨推薦,0,無黨籍及未經政黨推薦,0,民主進步黨,0,中國國民黨,0,無黨籍及未經政黨推薦,0,無黨籍及未經政黨推薦,0,無黨籍及未經政黨推薦,0,無黨籍及未經政黨推薦,0,民主進步黨,0,中國國民黨,0,中國國民黨,0,無黨籍及未經政黨推薦,0,民主進步黨,0,無黨籍及未經政黨推薦,1872,48,1920,0,1920,624,2544,75.47
福星里,0037,0,民主進步黨,0,中國國民黨,742,中國國民黨,0,民主進步黨,0,民主進步黨,0,中國國民黨,0,中國國民黨,0,中國國民黨,0,中國國民黨,0,無黨籍及未經政黨推薦,0,中國國民黨,0,無黨籍及未經政黨推薦,0,民主進步黨,0,民主進步黨,32,民主進步黨,0,中國國民黨,0,民主進步黨,0,民主進步黨,0,民主進步黨,0,中國國民黨,0,民主進步黨,0,無黨籍及未經政黨推薦,0,無黨籍及未經政黨推薦,0,無黨籍及未經政黨推薦,0,中國國民黨,0,民主進步黨,780,中國國民黨,0,中國國民黨,0,無黨籍及未經政黨推薦,0,中國國民黨,0,中國國民黨,0,民主進步黨,0,無黨籍及未經政黨推薦,0,民主進步黨,0,無黨籍及未經政黨推薦,0,無黨籍及未經政黨推薦,0,中國國民黨,0,中國國民黨,28,民主進步黨,0,中國國民黨,0,中國國民黨,0,民主進步黨,0,民主進步黨,0,無黨籍及未經政黨推薦,0,中國國民黨,0,無黨籍及未經政黨推薦,0,無黨籍及未經政黨推薦,0,中國國民黨,0,民主進步黨,0,中國國民黨,0,無黨籍及未經政黨推薦,0,無黨籍及未經政黨推薦,0,無黨籍及未經政黨推薦,0,民主進步黨,0,無黨籍及未經政黨推薦,0,無黨籍及未經政黨推薦,0,民主進步黨,0,中國國民黨,0,無黨籍及未經政黨推薦,0,無黨籍及未經政黨推薦,0,無黨籍及未經政黨推薦,0,無黨籍及未經政黨推薦,0,民主進步黨,0,中國國民黨,0,中國國民黨,0,無黨籍及未經政黨推薦,0,民主進步黨,0,無黨籍及未經政黨推薦,1582,60,1642,0,1642,508,2150,76.37
福利里,0038,0,民主進步黨,0,中國國民黨,1424,中國國民黨,0,民主進步黨,0,民主進步黨,0,中國國民黨,0,中國國民黨,0,中國國民黨,0,中國國民黨,0,無黨籍及未經政黨推薦,0,中國國民黨,0,無黨籍及未經政黨推薦,0,民主進步黨,0,民主進步黨,88,民主進步黨,0,中國國民黨,0,民主進步黨,0,民主進步黨,0,民主進步黨,0,中國國民黨,0,民主進步黨,0,無黨籍及未經政黨推薦,0,無黨籍及未經政黨推薦,0,無黨籍及未經政黨推薦,0,中國國民黨,0,民主進步黨,1386,中國國民黨,0,中國國民黨,0,無黨籍及未經政黨推薦,0,中國國民黨,0,中國國民黨,0,民主進步黨,0,無黨籍及未經政黨推薦,0,民主進步黨,0,無黨籍及未經政黨推薦,0,無黨籍及未經政黨推薦,0,中國國民黨,0,中國國民黨,38,民主進步黨,0,中國國民黨,0,中國國民黨,0,民主進步黨,0,民主進步黨,0,無黨籍及未經政黨推薦,0,中國國民黨,0,無黨籍及未經政黨推薦,0,無黨籍及未經政黨推薦,0,中國國民黨,0,民主進步黨,0,中國國民黨,0,無黨籍及未經政黨推薦,0,無黨籍及未經政黨推薦,0,無黨籍及未經政黨推薦,0,民主進步黨,0,無黨籍及未經政黨推薦,0,無黨籍及未經政黨推薦,0,民主進步黨,0,中國國民黨,0,無黨籍及未經政黨推薦,0,無黨籍及未經政黨推薦,0,無黨籍及未經政黨推薦,0,無黨籍及未經政黨推薦,0,民主進步黨,0,中國國民黨,0,中國國民黨,0,無黨籍及未經政黨推薦,0,民主進步黨,0,無黨籍及未經政黨推薦,2936,116,3052,0,3052,942,3994,76.41
清和里,0039,0,民主進步黨,0,中國國民黨,2198,中國國民黨,0,民主進步黨,0,民主進步黨,0,中國國民黨,0,中國國民黨,0,中國國民黨,0,中國國民黨,0,無黨籍及未經政黨推薦,0,中國國民黨,0,無黨籍及未經政黨推薦,0,民主進步黨,0,民主進步黨,166,民主進步黨,0,中國國民黨,0,民主進步黨,0,民主進步黨,0,民主進步黨,0,中國國民黨,0,民主進步黨,0,無黨籍及未經政黨推薦,0,無黨籍及未經政黨推薦,0,無黨籍及未經政黨推薦,0,中國國民黨,0,民主進步黨,2690,中國國民黨,0,中國國民黨,0,無黨籍及未經政黨推薦,0,中國國民黨,0,中國國民黨,0,民主進步黨,0,無黨籍及未經政黨推薦,0,民主進步黨,0,無黨籍及未經政黨推薦,0,無黨籍及未經政黨推薦,0,中國國民黨,0,中國國民黨,70,民主進步黨,0,中國國民黨,0,中國國民黨,0,民主進步黨,0,民主進步黨,0,無黨籍及未經政黨推薦,0,中國國民黨,0,無黨籍及未經政黨推薦,0,無黨籍及未經政黨推薦,0,中國國民黨,0,民主進步黨,0,中國國民黨,0,無黨籍及未經政黨推薦,0,無黨籍及未經政黨推薦,0,無黨籍及未經政黨推薦,0,民主進步黨,0,無黨籍及未經政黨推薦,0,無黨籍及未經政黨推薦,0,民主進步黨,0,中國國民黨,0,無黨籍及未經政黨推薦,0,無黨籍及未經政黨推薦,0,無黨籍及未經政黨推薦,0,無黨籍及未經政黨推薦,0,民主進步黨,0,中國國民黨,0,中國國民黨,0,無黨籍及未經政黨推薦,0,民主進步黨,0,無黨籍及未經政黨推薦,5124,106,5230,0,5230,1876,7106,73.6
永興里,0040,0,民主進步黨,0,中國國民黨,858,中國國民黨,0,民主進步黨,0,民主進步黨,0,中國國民黨,0,中國國民黨,0,中國國民黨,0,中國國民黨,0,無黨籍及未經政黨推薦,0,中國國民黨,0,無黨籍及未經政黨推薦,0,民主進步黨,0,民主進步黨,36,民主進步黨,0,中國國民黨,0,民主進步黨,0,民主進步黨,0,民主進步黨,0,中國國民黨,0,民主進步黨,0,無黨籍及未經政黨推薦,0,無黨籍及未經政黨推薦,0,無黨籍及未經政黨推薦,0,中國國民黨,0,民主進步黨,948,中國國民黨,0,中國國民黨,0,無黨籍及未經政黨推薦,0,中國國民黨,0,中國國民黨,0,民主進步黨,0,無黨籍及未經政黨推薦,0,民主進步黨,0,無黨籍及未經政黨推薦,0,無黨籍及未經政黨推薦,0,中國國民黨,0,中國國民黨,28,民主進步黨,0,中國國民黨,0,中國國民黨,0,民主進步黨,0,民主進步黨,0,無黨籍及未經政黨推薦,0,中國國民黨,0,無黨籍及未經政黨推薦,0,無黨籍及未經政黨推薦,0,中國國民黨,0,民主進步黨,0,中國國民黨,0,無黨籍及未經政黨推薦,0,無黨籍及未經政黨推薦,0,無黨籍及未經政黨推薦,0,民主進步黨,0,無黨籍及未經政黨推薦,0,無黨籍及未經政黨推薦,0,民主進步黨,0,中國國民黨,0,無黨籍及未經政黨推薦,0,無黨籍及未經政黨推薦,0,無黨籍及未經政黨推薦,0,無黨籍及未經政黨推薦,0,民主進步黨,0,中國國民黨,0,中國國民黨,0,無黨籍及未經政黨推薦,0,民主進步黨,0,無黨籍及未經政黨推薦,1870,62,1932,0,1932,712,2644,73.07
中山里,0041,0,民主進步黨,0,中國國民黨,1396,中國國民黨,0,民主進步黨,0,民主進步黨,0,中國國民黨,0,中國國民黨,0,中國國民黨,0,中國國民黨,0,無黨籍及未經政黨推薦,0,中國國民黨,0,無黨籍及未經政黨推薦,0,民主進步黨,0,民主進步黨,80,民主進步黨,0,中國國民黨,0,民主進步黨,0,民主進步黨,0,民主進步黨,0,中國國民黨,0,民主進步黨,0,無黨籍及未經政黨推薦,0,無黨籍及未經政黨推薦,0,無黨籍及未經政黨推薦,0,中國國民黨,0,民主進步黨,1776,中國國民黨,0,中國國民黨,0,無黨籍及未經政黨推薦,0,中國國民黨,0,中國國民黨,0,民主進步黨,0,無黨籍及未經政黨推薦,0,民主進步黨,0,無黨籍及未經政黨推薦,0,無黨籍及未經政黨推薦,0,中國國民黨,0,中國國民黨,62,民主進步黨,0,中國國民黨,0,中國國民黨,0,民主進步黨,0,民主進步黨,0,無黨籍及未經政黨推薦,0,中國國民黨,0,無黨籍及未經政黨推薦,0,無黨籍及未經政黨推薦,0,中國國民黨,0,民主進步黨,0,中國國民黨,0,無黨籍及未經政黨推薦,0,無黨籍及未經政黨推薦,0,無黨籍及未經政黨推薦,0,民主進步黨,0,無黨籍及未經政黨推薦,0,無黨籍及未經政黨推薦,0,民主進步黨,0,中國國民黨,0,無黨籍及未經政黨推薦,0,無黨籍及未經政黨推薦,0,無黨籍及未經政黨推薦,0,無黨籍及未經政黨推薦,0,民主進步黨,0,中國國民黨,0,中國國民黨,0,無黨籍及未經政黨推薦,0,民主進步黨,0,無黨籍及未經政黨推薦,3314,124,3438,0,3438,1232,4670,73.62
大園里,0042,0,民主進步黨,0,中國國民黨,1324,中國國民黨,0,民主進步黨,0,民主進步黨,0,中國國民黨,0,中國國民黨,0,中國國民黨,0,中國國民黨,0,無黨籍及未經政黨推薦,0,中國國民黨,0,無黨籍及未經政黨推薦,0,民主進步黨,0,民主進步黨,80,民主進步黨,0,中國國民黨,0,民主進步黨,0,民主進步黨,0,民主進步黨,0,中國國民黨,0,民主進步黨,0,無黨籍及未經政黨推薦,0,無黨籍及未經政黨推薦,0,無黨籍及未經政黨推薦,0,中國國民黨,0,民主進步黨,1876,中國國民黨,0,中國國民黨,0,無黨籍及未經政黨推薦,0,中國國民黨,0,中國國民黨,0,民主進步黨,0,無黨籍及未經政黨推薦,0,民主進步黨,0,無黨籍及未經政黨推薦,0,無黨籍及未經政黨推薦,0,中國國民黨,0,中國國民黨,42,民主進步黨,0,中國國民黨,0,中國國民黨,0,民主進步黨,0,民主進步黨,0,無黨籍及未經政黨推薦,0,中國國民黨,0,無黨籍及未經政黨推薦,0,無黨籍及未經政黨推薦,0,中國國民黨,0,民主進步黨,0,中國國民黨,0,無黨籍及未經政黨推薦,0,無黨籍及未經政黨推薦,0,無黨籍及未經政黨推薦,0,民主進步黨,0,無黨籍及未經政黨推薦,0,無黨籍及未經政黨推薦,0,民主進步黨,0,中國國民黨,0,無黨籍及未經政黨推薦,0,無黨籍及未經政黨推薦,0,無黨籍及未經政黨推薦,0,無黨籍及未經政黨推薦,0,民主進步黨,0,中國國民黨,0,中國國民黨,0,無黨籍及未經政黨推薦,0,民主進步黨,0,無黨籍及未經政黨推薦,3322,124,3446,0,3446,1268,4714,73.1
國隆里,0043,0,民主進步黨,0,中國國民黨,1732,中國國民黨,0,民主進步黨,0,民主進步黨,0,中國國民黨,0,中國國民黨,0,中國國民黨,0,中國國民黨,0,無黨籍及未經政黨推薦,0,中國國民黨,0,無黨籍及未經政黨推薦,0,民主進步黨,0,民主進步黨,92,民主進步黨,0,中國國民黨,0,民主進步黨,0,民主進步黨,0,民主進步黨,0,中國國民黨,0,民主進步黨,0,無黨籍及未經政黨推薦,0,無黨籍及未經政黨推薦,0,無黨籍及未經政黨推薦,0,中國國民黨,0,民主進步黨,1892,中國國民黨,0,中國國民黨,0,無黨籍及未經政黨推薦,0,中國國民黨,0,中國國民黨,0,民主進步黨,0,無黨籍及未經政黨推薦,0,民主進步黨,0,無黨籍及未經政黨推薦,0,無黨籍及未經政黨推薦,0,中國國民黨,0,中國國民黨,72,民主進步黨,0,中國國民黨,0,中國國民黨,0,民主進步黨,0,民主進步黨,0,無黨籍及未經政黨推薦,0,中國國民黨,0,無黨籍及未經政黨推薦,0,無黨籍及未經政黨推薦,0,中國國民黨,0,民主進步黨,0,中國國民黨,0,無黨籍及未經政黨推薦,0,無黨籍及未經政黨推薦,0,無黨籍及未經政黨推薦,0,民主進步黨,0,無黨籍及未經政黨推薦,0,無黨籍及未經政黨推薦,0,民主進步黨,0,中國國民黨,0,無黨籍及未經政黨推薦,0,無黨籍及未經政黨推薦,0,無黨籍及未經政黨推薦,0,無黨籍及未經政黨推薦,0,民主進步黨,0,中國國民黨,0,中國國民黨,0,無黨籍及未經政黨推薦,0,民主進步黨,0,無黨籍及未經政黨推薦,3788,134,3922,0,3922,1126,5048,77.69
重陽里,0044,0,民主進步黨,0,中國國民黨,1906,中國國民黨,0,民主進步黨,0,民主進步黨,0,中國國民黨,0,中國國民黨,0,中國國民黨,0,中國國民黨,0,無黨籍及未經政黨推薦,0,中國國民黨,0,無黨籍及未經政黨推薦,0,民主進步黨,0,民主進步黨,100,民主進步黨,0,中國國民黨,0,民主進步黨,0,民主進步黨,0,民主進步黨,0,中國國民黨,0,民主進步黨,0,無黨籍及未經政黨推薦,0,無黨籍及未經政黨推薦,0,無黨籍及未經政黨推薦,0,中國國民黨,0,民主進步黨,2190,中國國民黨,0,中國國民黨,0,無黨籍及未經政黨推薦,0,中國國民黨,0,中國國民黨,0,民主進步黨,0,無黨籍及未經政黨推薦,0,民主進步黨,0,無黨籍及未經政黨推薦,0,無黨籍及未經政黨推薦,0,中國國民黨,0,中國國民黨,78,民主進步黨,0,中國國民黨,0,中國國民黨,0,民主進步黨,0,民主進步黨,0,無黨籍及未經政黨推薦,0,中國國民黨,0,無黨籍及未經政黨推薦,0,無黨籍及未經政黨推薦,0,中國國民黨,0,民主進步黨,0,中國國民黨,0,無黨籍及未經政黨推薦,0,無黨籍及未經政黨推薦,0,無黨籍及未經政黨推薦,0,民主進步黨,0,無黨籍及未經政黨推薦,0,無黨籍及未經政黨推薦,0,民主進步黨,0,中國國民黨,0,無黨籍及未經政黨推薦,0,無黨籍及未經政黨推薦,0,無黨籍及未經政黨推薦,0,無黨籍及未經政黨推薦,0,民主進步黨,0,中國國民黨,0,中國國民黨,0,無黨籍及未經政黨推薦,0,民主進步黨,0,無黨籍及未經政黨推薦,4274,144,4418,0,4418,1560,5978,73.9
民生里,0045,0,民主進步黨,0,中國國民黨,2056,中國國民黨,0,民主進步黨,0,民主進步黨,0,中國國民黨,0,中國國民黨,0,中國國民黨,0,中國國民黨,0,無黨籍及未經政黨推薦,0,中國國民黨,0,無黨籍及未經政黨推薦,0,民主進步黨,0,民主進步黨,144,民主進步黨,0,中國國民黨,0,民主進步黨,0,民主進步黨,0,民主進步黨,0,中國國民黨,0,民主進步黨,0,無黨籍及未經政黨推薦,0,無黨籍及未經政黨推薦,0,無黨籍及未經政黨推薦,0,中國國民黨,0,民主進步黨,3004,中國國民黨,0,中國國民黨,0,無黨籍及未經政黨推薦,0,中國國民黨,0,中國國民黨,0,民主進步黨,0,無黨籍及未經政黨推薦,0,民主進步黨,0,無黨籍及未經政黨推薦,0,無黨籍及未經政黨推薦,0,中國國民黨,0,中國國民黨,64,民主進步黨,0,中國國民黨,0,中國國民黨,0,民主進步黨,0,民主進步黨,0,無黨籍及未經政黨推薦,0,中國國民黨,0,無黨籍及未經政黨推薦,0,無黨籍及未經政黨推薦,0,中國國民黨,0,民主進步黨,0,中國國民黨,0,無黨籍及未經政黨推薦,0,無黨籍及未經政黨推薦,0,無黨籍及未經政黨推薦,0,民主進步黨,0,無黨籍及未經政黨推薦,0,無黨籍及未經政黨推薦,0,民主進步黨,0,中國國民黨,0,無黨籍及未經政黨推薦,0,無黨籍及未經政黨推薦,0,無黨籍及未經政黨推薦,0,無黨籍及未經政黨推薦,0,民主進步黨,0,中國國民黨,0,中國國民黨,0,無黨籍及未經政黨推薦,0,民主進步黨,0,無黨籍及未經政黨推薦,5268,162,5430,0,5430,1980,7410,73.28
重新里,0046,0,民主進步黨,0,中國國民黨,784,中國國民黨,0,民主進步黨,0,民主進步黨,0,中國國民黨,0,中國國民黨,0,中國國民黨,0,中國國民黨,0,無黨籍及未經政黨推薦,0,中國國民黨,0,無黨籍及未經政黨推薦,0,民主進步黨,0,民主進步黨,36,民主進步黨,0,中國國民黨,0,民主進步黨,0,民主進步黨,0,民主進步黨,0,中國國民黨,0,民主進步黨,0,無黨籍及未經政黨推薦,0,無黨籍及未經政黨推薦,0,無黨籍及未經政黨推薦,0,中國國民黨,0,民主進步黨,1136,中國國民黨,0,中國國民黨,0,無黨籍及未經政黨推薦,0,中國國民黨,0,中國國民黨,0,民主進步黨,0,無黨籍及未經政黨推薦,0,民主進步黨,0,無黨籍及未經政黨推薦,0,無黨籍及未經政黨推薦,0,中國國民黨,0,中國國民黨,36,民主進步黨,0,中國國民黨,0,中國國民黨,0,民主進步黨,0,民主進步黨,0,無黨籍及未經政黨推薦,0,中國國民黨,0,無黨籍及未經政黨推薦,0,無黨籍及未經政黨推薦,0,中國國民黨,0,民主進步黨,0,中國國民黨,0,無黨籍及未經政黨推薦,0,無黨籍及未經政黨推薦,0,無黨籍及未經政黨推薦,0,民主進步黨,0,無黨籍及未經政黨推薦,0,無黨籍及未經政黨推薦,0,民主進步黨,0,中國國民黨,0,無黨籍及未經政黨推薦,0,無黨籍及未經政黨推薦,0,無黨籍及未經政黨推薦,0,無黨籍及未經政黨推薦,0,民主進步黨,0,中國國民黨,0,中國國民黨,0,無黨籍及未經政黨推薦,0,民主進步黨,0,無黨籍及未經政黨推薦,1992,66,2058,0,2058,606,2664,77.25
正德里,0047,0,民主進步黨,0,中國國民黨,586,中國國民黨,0,民主進步黨,0,民主進步黨,0,中國國民黨,0,中國國民黨,0,中國國民黨,0,中國國民黨,0,無黨籍及未經政黨推薦,0,中國國民黨,0,無黨籍及未經政黨推薦,0,民主進步黨,0,民主進步黨,30,民主進步黨,0,中國國民黨,0,民主進步黨,0,民主進步黨,0,民主進步黨,0,中國國民黨,0,民主進步黨,0,無黨籍及未經政黨推薦,0,無黨籍及未經政黨推薦,0,無黨籍及未經政黨推薦,0,中國國民黨,0,民主進步黨,744,中國國民黨,0,中國國民黨,0,無黨籍及未經政黨推薦,0,中國國民黨,0,中國國民黨,0,民主進步黨,0,無黨籍及未經政黨推薦,0,民主進步黨,0,無黨籍及未經政黨推薦,0,無黨籍及未經政黨推薦,0,中國國民黨,0,中國國民黨,12,民主進步黨,0,中國國民黨,0,中國國民黨,0,民主進步黨,0,民主進步黨,0,無黨籍及未經政黨推薦,0,中國國民黨,0,無黨籍及未經政黨推薦,0,無黨籍及未經政黨推薦,0,中國國民黨,0,民主進步黨,0,中國國民黨,0,無黨籍及未經政黨推薦,0,無黨籍及未經政黨推薦,0,無黨籍及未經政黨推薦,0,民主進步黨,0,無黨籍及未經政黨推薦,0,無黨籍及未經政黨推薦,0,民主進步黨,0,中國國民黨,0,無黨籍及未經政黨推薦,0,無黨籍及未經政黨推薦,0,無黨籍及未經政黨推薦,0,無黨籍及未經政黨推薦,0,民主進步黨,0,中國國民黨,0,中國國民黨,0,無黨籍及未經政黨推薦,0,民主進步黨,0,無黨籍及未經政黨推薦,1372,58,1430,0,1430,496,1926,74.25
正義里,0048,0,民主進步黨,0,中國國民黨,946,中國國民黨,0,民主進步黨,0,民主進步黨,0,中國國民黨,0,中國國民黨,0,中國國民黨,0,中國國民黨,0,無黨籍及未經政黨推薦,0,中國國民黨,0,無黨籍及未經政黨推薦,0,民主進步黨,0,民主進步黨,58,民主進步黨,0,中國國民黨,0,民主進步黨,0,民主進步黨,0,民主進步黨,0,中國國民黨,0,民主進步黨,0,無黨籍及未經政黨推薦,0,無黨籍及未經政黨推薦,0,無黨籍及未經政黨推薦,0,中國國民黨,0,民主進步黨,1132,中國國民黨,0,中國國民黨,0,無黨籍及未經政黨推薦,0,中國國民黨,0,中國國民黨,0,民主進步黨,0,無黨籍及未經政黨推薦,0,民主進步黨,0,無黨籍及未經政黨推薦,0,無黨籍及未經政黨推薦,0,中國國民黨,0,中國國民黨,28,民主進步黨,0,中國國民黨,0,中國國民黨,0,民主進步黨,0,民主進步黨,0,無黨籍及未經政黨推薦,0,中國國民黨,0,無黨籍及未經政黨推薦,0,無黨籍及未經政黨推薦,0,中國國民黨,0,民主進步黨,0,中國國民黨,0,無黨籍及未經政黨推薦,0,無黨籍及未經政黨推薦,0,無黨籍及未經政黨推薦,0,民主進步黨,0,無黨籍及未經政黨推薦,0,無黨籍及未經政黨推薦,0,民主進步黨,0,中國國民黨,0,無黨籍及未經政黨推薦,0,無黨籍及未經政黨推薦,0,無黨籍及未經政黨推薦,0,無黨籍及未經政黨推薦,0,民主進步黨,0,中國國民黨,0,中國國民黨,0,無黨籍及未經政黨推薦,0,民主進步黨,0,無黨籍及未經政黨推薦,2164,88,2252,0,2252,804,3056,73.69
正安里,0049,0,民主進步黨,0,中國國民黨,1058,中國國民黨,0,民主進步黨,0,民主進步黨,0,中國國民黨,0,中國國民黨,0,中國國民黨,0,中國國民黨,0,無黨籍及未經政黨推薦,0,中國國民黨,0,無黨籍及未經政黨推薦,0,民主進步黨,0,民主進步黨,56,民主進步黨,0,中國國民黨,0,民主進步黨,0,民主進步黨,0,民主進步黨,0,中國國民黨,0,民主進步黨,0,無黨籍及未經政黨推薦,0,無黨籍及未經政黨推薦,0,無黨籍及未經政黨推薦,0,中國國民黨,0,民主進步黨,1216,中國國民黨,0,中國國民黨,0,無黨籍及未經政黨推薦,0,中國國民黨,0,中國國民黨,0,民主進步黨,0,無黨籍及未經政黨推薦,0,民主進步黨,0,無黨籍及未經政黨推薦,0,無黨籍及未經政黨推薦,0,中國國民黨,0,中國國民黨,34,民主進步黨,0,中國國民黨,0,中國國民黨,0,民主進步黨,0,民主進步黨,0,無黨籍及未經政黨推薦,0,中國國民黨,0,無黨籍及未經政黨推薦,0,無黨籍及未經政黨推薦,0,中國國民黨,0,民主進步黨,0,中國國民黨,0,無黨籍及未經政黨推薦,0,無黨籍及未經政黨推薦,0,無黨籍及未經政黨推薦,0,民主進步黨,0,無黨籍及未經政黨推薦,0,無黨籍及未經政黨推薦,0,民主進步黨,0,中國國民黨,0,無黨籍及未經政黨推薦,0,無黨籍及未經政黨推薦,0,無黨籍及未經政黨推薦,0,無黨籍及未經政黨推薦,0,民主進步黨,0,中國國民黨,0,中國國民黨,0,無黨籍及未經政黨推薦,0,民主進步黨,0,無黨籍及未經政黨推薦,2364,80,2444,0,2444,866,3310,73.84
自強里,0050,0,民主進步黨,0,中國國民黨,938,中國國民黨,0,民主進步黨,0,民主進步黨,0,中國國民黨,0,中國國民黨,0,中國國民黨,0,中國國民黨,0,無黨籍及未經政黨推薦,0,中國國民黨,0,無黨籍及未經政黨推薦,0,民主進步黨,0,民主進步黨,74,民主進步黨,0,中國國民黨,0,民主進步黨,0,民主進步黨,0,民主進步黨,0,中國國民黨,0,民主進步黨,0,無黨籍及未經政黨推薦,0,無黨籍及未經政黨推薦,0,無黨籍及未經政黨推薦,0,中國國民黨,0,民主進步黨,1150,中國國民黨,0,中國國民黨,0,無黨籍及未經政黨推薦,0,中國國民黨,0,中國國民黨,0,民主進步黨,0,無黨籍及未經政黨推薦,0,民主進步黨,0,無黨籍及未經政黨推薦,0,無黨籍及未經政黨推薦,0,中國國民黨,0,中國國民黨,36,民主進步黨,0,中國國民黨,0,中國國民黨,0,民主進步黨,0,民主進步黨,0,無黨籍及未經政黨推薦,0,中國國民黨,0,無黨籍及未經政黨推薦,0,無黨籍及未經政黨推薦,0,中國國民黨,0,民主進步黨,0,中國國民黨,0,無黨籍及未經政黨推薦,0,無黨籍及未經政黨推薦,0,無黨籍及未經政黨推薦,0,民主進步黨,0,無黨籍及未經政黨推薦,0,無黨籍及未經政黨推薦,0,民主進步黨,0,中國國民黨,0,無黨籍及未經政黨推薦,0,無黨籍及未經政黨推薦,0,無黨籍及未經政黨推薦,0,無黨籍及未經政黨推薦,0,民主進步黨,0,中國國民黨,0,中國國民黨,0,無黨籍及未經政黨推薦,0,民主進步黨,0,無黨籍及未經政黨推薦,2198,80,2278,0,2278,886,3164,72.0
文化里,0051,0,民主進步黨,0,中國國民黨,1140,中國國民黨,0,民主進步黨,0,民主進步黨,0,中國國民黨,0,中國國民黨,0,中國國民黨,0,中國國民黨,0,無黨籍及未經政黨推薦,0,中國國民黨,0,無黨籍及未經政黨推薦,0,民主進步黨,0,民主進步黨,66,民主進步黨,0,中國國民黨,0,民主進步黨,0,民主進步黨,0,民主進步黨,0,中國國民黨,0,民主進步黨,0,無黨籍及未經政黨推薦,0,無黨籍及未經政黨推薦,0,無黨籍及未經政黨推薦,0,中國國民黨,0,民主進步黨,1532,中國國民黨,0,中國國民黨,0,無黨籍及未經政黨推薦,0,中國國民黨,0,中國國民黨,0,民主進步黨,0,無黨籍及未經政黨推薦,0,民主進步黨,0,無黨籍及未經政黨推薦,0,無黨籍及未經政黨推薦,0,中國國民黨,0,中國國民黨,36,民主進步黨,0,中國國民黨,0,中國國民黨,0,民主進步黨,0,民主進步黨,0,無黨籍及未經政黨推薦,0,中國國民黨,0,無黨籍及未經政黨推薦,0,無黨籍及未經政黨推薦,0,中國國民黨,0,民主進步黨,0,中國國民黨,0,無黨籍及未經政黨推薦,0,無黨籍及未經政黨推薦,0,無黨籍及未經政黨推薦,0,民主進步黨,0,無黨籍及未經政黨推薦,0,無黨籍及未經政黨推薦,0,民主進步黨,0,中國國民黨,0,無黨籍及未經政黨推薦,0,無黨籍及未經政黨推薦,0,無黨籍及未經政黨推薦,0,無黨籍及未經政黨推薦,0,民主進步黨,0,中國國民黨,0,中國國民黨,0,無黨籍及未經政黨推薦,0,民主進步黨,0,無黨籍及未經政黨推薦,2774,84,2858,0,2858,950,3808,75.05
中央里,0052,0,民主進步黨,0,中國國民黨,934,中國國民黨,0,民主進步黨,0,民主進步黨,0,中國國民黨,0,中國國民黨,0,中國國民黨,0,中國國民黨,0,無黨籍及未經政黨推薦,0,中國國民黨,0,無黨籍及未經政黨推薦,0,民主進步黨,0,民主進步黨,66,民主進步黨,0,中國國民黨,0,民主進步黨,0,民主進步黨,0,民主進步黨,0,中國國民黨,0,民主進步黨,0,無黨籍及未經政黨推薦,0,無黨籍及未經政黨推薦,0,無黨籍及未經政黨推薦,0,中國國民黨,0,民主進步黨,1246,中國國民黨,0,中國國民黨,0,無黨籍及未經政黨推薦,0,中國國民黨,0,中國國民黨,0,民主進步黨,0,無黨籍及未經政黨推薦,0,民主進步黨,0,無黨籍及未經政黨推薦,0,無黨籍及未經政黨推薦,0,中國國民黨,0,中國國民黨,28,民主進步黨,0,中國國民黨,0,中國國民黨,0,民主進步黨,0,民主進步黨,0,無黨籍及未經政黨推薦,0,中國國民黨,0,無黨籍及未經政黨推薦,0,無黨籍及未經政黨推薦,0,中國國民黨,0,民主進步黨,0,中國國民黨,0,無黨籍及未經政黨推薦,0,無黨籍及未經政黨推薦,0,無黨籍及未經政黨推薦,0,民主進步黨,0,無黨籍及未經政黨推薦,0,無黨籍及未經政黨推薦,0,民主進步黨,0,中國國民黨,0,無黨籍及未經政黨推薦,0,無黨籍及未經政黨推薦,0,無黨籍及未經政黨推薦,0,無黨籍及未經政黨推薦,0,民主進步黨,0,中國國民黨,0,中國國民黨,0,無黨籍及未經政黨推薦,0,民主進步黨,0,無黨籍及未經政黨推薦,2274,94,2368,0,2368,852,3220,73.54
雙園里,0053,0,民主進步黨,0,中國國民黨,514,中國國民黨,0,民主進步黨,0,民主進步黨,0,中國國民黨,0,中國國民黨,0,中國國民黨,0,中國國民黨,0,無黨籍及未經政黨推薦,0,中國國民黨,0,無黨籍及未經政黨推薦,0,民主進步黨,0,民主進步黨,30,民主進步黨,0,中國國民黨,0,民主進步黨,0,民主進步黨,0,民主進步黨,0,中國國民黨,0,民主進步黨,0,無黨籍及未經政黨推薦,0,無黨籍及未經政黨推薦,0,無黨籍及未經政黨推薦,0,中國國民黨,0,民主進步黨,594,中國國民黨,0,中國國民黨,0,無黨籍及未經政黨推薦,0,中國國民黨,0,中國國民黨,0,民主進步黨,0,無黨籍及未經政黨推薦,0,民主進步黨,0,無黨籍及未經政黨推薦,0,無黨籍及未經政黨推薦,0,中國國民黨,0,中國國民黨,20,民主進步黨,0,中國國民黨,0,中國國民黨,0,民主進步黨,0,民主進步黨,0,無黨籍及未經政黨推薦,0,中國國民黨,0,無黨籍及未經政黨推薦,0,無黨籍及未經政黨推薦,0,中國國民黨,0,民主進步黨,0,中國國民黨,0,無黨籍及未經政黨推薦,0,無黨籍及未經政黨推薦,0,無黨籍及未經政黨推薦,0,民主進步黨,0,無黨籍及未經政黨推薦,0,無黨籍及未經政黨推薦,0,民主進步黨,0,中國國民黨,0,無黨籍及未經政黨推薦,0,無黨籍及未經政黨推薦,0,無黨籍及未經政黨推薦,0,無黨籍及未經政黨推薦,0,民主進步黨,0,中國國民黨,0,中國國民黨,0,無黨籍及未經政黨推薦,0,民主進步黨,0,無黨籍及未經政黨推薦,1158,48,1206,0,1206,430,1636,73.72
錦通里,0054,0,民主進步黨,0,中國國民黨,760,中國國民黨,0,民主進步黨,0,民主進步黨,0,中國國民黨,0,中國國民黨,0,中國國民黨,0,中國國民黨,0,無黨籍及未經政黨推薦,0,中國國民黨,0,無黨籍及未經政黨推薦,0,民主進步黨,0,民主進步黨,50,民主進步黨,0,中國國民黨,0,民主進步黨,0,民主進步黨,0,民主進步黨,0,中國國民黨,0,民主進步黨,0,無黨籍及未經政黨推薦,0,無黨籍及未經政黨推薦,0,無黨籍及未經政黨推薦,0,中國國民黨,0,民主進步黨,960,中國國民黨,0,中國國民黨,0,無黨籍及未經政黨推薦,0,中國國民黨,0,中國國民黨,0,民主進步黨,0,無黨籍及未經政黨推薦,0,民主進步黨,0,無黨籍及未經政黨推薦,0,無黨籍及未經政黨推薦,0,中國國民黨,0,中國國民黨,24,民主進步黨,0,中國國民黨,0,中國國民黨,0,民主進步黨,0,民主進步黨,0,無黨籍及未經政黨推薦,0,中國國民黨,0,無黨籍及未經政黨推薦,0,無黨籍及未經政黨推薦,0,中國國民黨,0,民主進步黨,0,中國國民黨,0,無黨籍及未經政黨推薦,0,無黨籍及未經政黨推薦,0,無黨籍及未經政黨推薦,0,民主進步黨,0,無黨籍及未經政黨推薦,0,無黨籍及未經政黨推薦,0,民主進步黨,0,中國國民黨,0,無黨籍及未經政黨推薦,0,無黨籍及未經政黨推薦,0,無黨籍及未經政黨推薦,0,無黨籍及未經政黨推薦,0,民主進步黨,0,中國國民黨,0,中國國民黨,0,無黨籍及未經政黨推薦,0,民主進步黨,0,無黨籍及未經政黨推薦,1794,80,1874,0,1874,658,2532,74.01
錦安里,0055,0,民主進步黨,0,中國國民黨,974,中國國民黨,0,民主進步黨,0,民主進步黨,0,中國國民黨,0,中國國民黨,0,中國國民黨,0,中國國民黨,0,無黨籍及未經政黨推薦,0,中國國民黨,0,無黨籍及未經政黨推薦,0,民主進步黨,0,民主進步黨,46,民主進步黨,0,中國國民黨,0,民主進步黨,0,民主進步黨,0,民主進步黨,0,中國國民黨,0,民主進步黨,0,無黨籍及未經政黨推薦,0,無黨籍及未經政黨推薦,0,無黨籍及未經政黨推薦,0,中國國民黨,0,民主進步黨,1148,中國國民黨,0,中國國民黨,0,無黨籍及未經政黨推薦,0,中國國民黨,0,中國國民黨,0,民主進步黨,0,無黨籍及未經政黨推薦,0,民主進步黨,0,無黨籍及未經政黨推薦,0,無黨籍及未經政黨推薦,0,中國國民黨,0,中國國民黨,18,民主進步黨,0,中國國民黨,0,中國國民黨,0,民主進步黨,0,民主進步黨,0,無黨籍及未經政黨推薦,0,中國國民黨,0,無黨籍及未經政黨推薦,0,無黨籍及未經政黨推薦,0,中國國民黨,0,民主進步黨,0,中國國民黨,0,無黨籍及未經政黨推薦,0,無黨籍及未經政黨推薦,0,無黨籍及未經政黨推薦,0,民主進步黨,0,無黨籍及未經政黨推薦,0,無黨籍及未經政黨推薦,0,民主進步黨,0,中國國民黨,0,無黨籍及未經政黨推薦,0,無黨籍及未經政黨推薦,0,無黨籍及未經政黨推薦,0,無黨籍及未經政黨推薦,0,民主進步黨,0,中國國民黨,0,中國國民黨,0,無黨籍及未經政黨推薦,0,民主進步黨,0,無黨籍及未經政黨推薦,2186,82,2268,0,2268,966,3234,70.13
長安里,0056,0,民主進步黨,0,中國國民黨,1086,中國國民黨,0,民主進步黨,0,民主進步黨,0,中國國民黨,0,中國國民黨,0,中國國民黨,0,中國國民黨,0,無黨籍及未經政黨推薦,0,中國國民黨,0,無黨籍及未經政黨推薦,0,民主進步黨,0,民主進步黨,48,民主進步黨,0,中國國民黨,0,民主進步黨,0,民主進步黨,0,民主進步黨,0,中國國民黨,0,民主進步黨,0,無黨籍及未經政黨推薦,0,無黨籍及未經政黨推薦,0,無黨籍及未經政黨推薦,0,中國國民黨,0,民主進步黨,1356,中國國民黨,0,中國國民黨,0,無黨籍及未經政黨推薦,0,中國國民黨,0,中國國民黨,0,民主進步黨,0,無黨籍及未經政黨推薦,0,民主進步黨,0,無黨籍及未經政黨推薦,0,無黨籍及未經政黨推薦,0,中國國民黨,0,中國國民黨,44,民主進步黨,0,中國國民黨,0,中國國民黨,0,民主進步黨,0,民主進步黨,0,無黨籍及未經政黨推薦,0,中國國民黨,0,無黨籍及未經政黨推薦,0,無黨籍及未經政黨推薦,0,中國國民黨,0,民主進步黨,0,中國國民黨,0,無黨籍及未經政黨推薦,0,無黨籍及未經政黨推薦,0,無黨籍及未經政黨推薦,0,民主進步黨,0,無黨籍及未經政黨推薦,0,無黨籍及未經政黨推薦,0,民主進步黨,0,中國國民黨,0,無黨籍及未經政黨推薦,0,無黨籍及未經政黨推薦,0,無黨籍及未經政黨推薦,0,無黨籍及未經政黨推薦,0,民主進步黨,0,中國國民黨,0,中國國民黨,0,無黨籍及未經政黨推薦,0,民主進步黨,0,無黨籍及未經政黨推薦,2534,74,2608,0,2608,1034,3642,71.61
光華里,0057,0,民主進步黨,0,中國國民黨,1246,中國國民黨,0,民主進步黨,0,民主進步黨,0,中國國民黨,0,中國國民黨,0,中國國民黨,0,中國國民黨,0,無黨籍及未經政黨推薦,0,中國國民黨,0,無黨籍及未經政黨推薦,0,民主進步黨,0,民主進步黨,88,民主進步黨,0,中國國民黨,0,民主進步黨,0,民主進步黨,0,民主進步黨,0,中國國民黨,0,民主進步黨,0,無黨籍及未經政黨推薦,0,無黨籍及未經政黨推薦,0,無黨籍及未經政黨推薦,0,中國國民黨,0,民主進步黨,1534,中國國民黨,0,中國國民黨,0,無黨籍及未經政黨推薦,0,中國國民黨,0,中國國民黨,0,民主進步黨,0,無黨籍及未經政黨推薦,0,民主進步黨,0,無黨籍及未經政黨推薦,0,無黨籍及未經政黨推薦,0,中國國民黨,0,中國國民黨,54,民主進步黨,0,中國國民黨,0,中國國民黨,0,民主進步黨,0,民主進步黨,0,無黨籍及未經政黨推薦,0,中國國民黨,0,無黨籍及未經政黨推薦,0,無黨籍及未經政黨推薦,0,中國國民黨,0,民主進步黨,0,中國國民黨,0,無黨籍及未經政黨推薦,0,無黨籍及未經政黨推薦,0,無黨籍及未經政黨推薦,0,民主進步黨,0,無黨籍及未經政黨推薦,0,無黨籍及未經政黨推薦,0,民主進步黨,0,中國國民黨,0,無黨籍及未經政黨推薦,0,無黨籍及未經政黨推薦,0,無黨籍及未經政黨推薦,0,無黨籍及未經政黨推薦,0,民主進步黨,0,中國國民黨,0,中國國民黨,0,無黨籍及未經政黨推薦,0,民主進步黨,0,無黨籍及未經政黨推薦,2922,102,3024,0,3024,1198,4222,71.62
長生里,0058,0,民主進步黨,0,中國國民黨,376,中國國民黨,0,民主進步黨,0,民主進步黨,0,中國國民黨,0,中國國民黨,0,中國國民黨,0,中國國民黨,0,無黨籍及未經政黨推薦,0,中國國民黨,0,無黨籍及未經政黨推薦,0,民主進步黨,0,民主進步黨,30,民主進步黨,0,中國國民黨,0,民主進步黨,0,民主進步黨,0,民主進步黨,0,中國國民黨,0,民主進步黨,0,無黨籍及未經政黨推薦,0,無黨籍及未經政黨推薦,0,無黨籍及未經政黨推薦,0,中國國民黨,0,民主進步黨,656,中國國民黨,0,中國國民黨,0,無黨籍及未經政黨推薦,0,中國國民黨,0,中國國民黨,0,民主進步黨,0,無黨籍及未經政黨推薦,0,民主進步黨,0,無黨籍及未經政黨推薦,0,無黨籍及未經政黨推薦,0,中國國民黨,0,中國國民黨,22,民主進步黨,0,中國國民黨,0,中國國民黨,0,民主進步黨,0,民主進步黨,0,無黨籍及未經政黨推薦,0,中國國民黨,0,無黨籍及未經政黨推薦,0,無黨籍及未經政黨推薦,0,中國國民黨,0,民主進步黨,0,中國國民黨,0,無黨籍及未經政黨推薦,0,無黨籍及未經政黨推薦,0,無黨籍及未經政黨推薦,0,民主進步黨,0,無黨籍及未經政黨推薦,0,無黨籍及未經政黨推薦,0,民主進步黨,0,中國國民黨,0,無黨籍及未經政黨推薦,0,無黨籍及未經政黨推薦,0,無黨籍及未經政黨推薦,0,無黨籍及未經政黨推薦,0,民主進步黨,0,中國國民黨,0,中國國民黨,0,無黨籍及未經政黨推薦,0,民主進步黨,0,無黨籍及未經政黨推薦,1084,56,1140,0,1140,446,1586,71.88
開元里,0059,0,民主進步黨,0,中國國民黨,966,中國國民黨,0,民主進步黨,0,民主進步黨,0,中國國民黨,0,中國國民黨,0,中國國民黨,0,中國國民黨,0,無黨籍及未經政黨推薦,0,中國國民黨,0,無黨籍及未經政黨推薦,0,民主進步黨,0,民主進步黨,44,民主進步黨,0,中國國民黨,0,民主進步黨,0,民主進步黨,0,民主進步黨,0,中國國民黨,0,民主進步黨,0,無黨籍及未經政黨推薦,0,無黨籍及未經政黨推薦,0,無黨籍及未經政黨推薦,0,中國國民黨,0,民主進步黨,1126,中國國民黨,0,中國國民黨,0,無黨籍及未經政黨推薦,0,中國國民黨,0,中國國民黨,0,民主進步黨,0,無黨籍及未經政黨推薦,0,民主進步黨,0,無黨籍及未經政黨推薦,0,無黨籍及未經政黨推薦,0,中國國民黨,0,中國國民黨,28,民主進步黨,0,中國國民黨,0,中國國民黨,0,民主進步黨,0,民主進步黨,0,無黨籍及未經政黨推薦,0,中國國民黨,0,無黨籍及未經政黨推薦,0,無黨籍及未經政黨推薦,0,中國國民黨,0,民主進步黨,0,中國國民黨,0,無黨籍及未經政黨推薦,0,無黨籍及未經政黨推薦,0,無黨籍及未經政黨推薦,0,民主進步黨,0,無黨籍及未經政黨推薦,0,無黨籍及未經政黨推薦,0,民主進步黨,0,中國國民黨,0,無黨籍及未經政黨推薦,0,無黨籍及未經政黨推薦,0,無黨籍及未經政黨推薦,0,無黨籍及未經政黨推薦,0,民主進步黨,0,中國國民黨,0,中國國民黨,0,無黨籍及未經政黨推薦,0,民主進步黨,0,無黨籍及未經政黨推薦,2164,74,2238,0,2238,740,2978,75.15
大德里,0060,0,民主進步黨,0,中國國民黨,426,中國國民黨,0,民主進步黨,0,民主進步黨,0,中國國民黨,0,中國國民黨,0,中國國民黨,0,中國國民黨,0,無黨籍及未經政黨推薦,0,中國國民黨,0,無黨籍及未經政黨推薦,0,民主進步黨,0,民主進步黨,20,民主進步黨,0,中國國民黨,0,民主進步黨,0,民主進步黨,0,民主進步黨,0,中國國民黨,0,民主進步黨,0,無黨籍及未經政黨推薦,0,無黨籍及未經政黨推薦,0,無黨籍及未經政黨推薦,0,中國國民黨,0,民主進步黨,562,中國國民黨,0,中國國民黨,0,無黨籍及未經政黨推薦,0,中國國民黨,0,中國國民黨,0,民主進步黨,0,無黨籍及未經政黨推薦,0,民主進步黨,0,無黨籍及未經政黨推薦,0,無黨籍及未經政黨推薦,0,中國國民黨,0,中國國民黨,22,民主進步黨,0,中國國民黨,0,中國國民黨,0,民主進步黨,0,民主進步黨,0,無黨籍及未經政黨推薦,0,中國國民黨,0,無黨籍及未經政黨推薦,0,無黨籍及未經政黨推薦,0,中國國民黨,0,民主進步黨,0,中國國民黨,0,無黨籍及未經政黨推薦,0,無黨籍及未經政黨推薦,0,無黨籍及未經政黨推薦,0,民主進步黨,0,無黨籍及未經政黨推薦,0,無黨籍及未經政黨推薦,0,民主進步黨,0,中國國民黨,0,無黨籍及未經政黨推薦,0,無黨籍及未經政黨推薦,0,無黨籍及未經政黨推薦,0,無黨籍及未經政黨推薦,0,民主進步黨,0,中國國民黨,0,中國國民黨,0,無黨籍及未經政黨推薦,0,民主進步黨,0,無黨籍及未經政黨推薦,1030,40,1070,0,1070,360,1430,74.83
長元里,0061,0,民主進步黨,0,中國國民黨,1302,中國國民黨,0,民主進步黨,0,民主進步黨,0,中國國民黨,0,中國國民黨,0,中國國民黨,0,中國國民黨,0,無黨籍及未經政黨推薦,0,中國國民黨,0,無黨籍及未經政黨推薦,0,民主進步黨,0,民主進步黨,80,民主進步黨,0,中國國民黨,0,民主進步黨,0,民主進步黨,0,民主進步黨,0,中國國民黨,0,民主進步黨,0,無黨籍及未經政黨推薦,0,無黨籍及未經政黨推薦,0,無黨籍及未經政黨推薦,0,中國國民黨,0,民主進步黨,1606,中國國民黨,0,中國國民黨,0,無黨籍及未經政黨推薦,0,中國國民黨,0,中國國民黨,0,民主進步黨,0,無黨籍及未經政黨推薦,0,民主進步黨,0,無黨籍及未經政黨推薦,0,無黨籍及未經政黨推薦,0,中國國民黨,0,中國國民黨,58,民主進步黨,0,中國國民黨,0,中國國民黨,0,民主進步黨,0,民主進步黨,0,無黨籍及未經政黨推薦,0,中國國民黨,0,無黨籍及未經政黨推薦,0,無黨籍及未經政黨推薦,0,中國國民黨,0,民主進步黨,0,中國國民黨,0,無黨籍及未經政黨推薦,0,無黨籍及未經政黨推薦,0,無黨籍及未經政黨推薦,0,民主進步黨,0,無黨籍及未經政黨推薦,0,無黨籍及未經政黨推薦,0,民主進步黨,0,中國國民黨,0,無黨籍及未經政黨推薦,0,無黨籍及未經政黨推薦,0,無黨籍及未經政黨推薦,0,無黨籍及未經政黨推薦,0,民主進步黨,0,中國國民黨,0,中國國民黨,0,無黨籍及未經政黨推薦,0,民主進步黨,0,無黨籍及未經政黨推薦,3046,118,3164,0,3164,1178,4342,72.87
長江里,0062,0,民主進步黨,0,中國國民黨,1056,中國國民黨,0,民主進步黨,0,民主進步黨,0,中國國民黨,0,中國國民黨,0,中國國民黨,0,中國國民黨,0,無黨籍及未經政黨推薦,0,中國國民黨,0,無黨籍及未經政黨推薦,0,民主進步黨,0,民主進步黨,56,民主進步黨,0,中國國民黨,0,民主進步黨,0,民主進步黨,0,民主進步黨,0,中國國民黨,0,民主進步黨,0,無黨籍及未經政黨推薦,0,無黨籍及未經政黨推薦,0,無黨籍及未經政黨推薦,0,中國國民黨,0,民主進步黨,1338,中國國民黨,0,中國國民黨,0,無黨籍及未經政黨推薦,0,中國國民黨,0,中國國民黨,0,民主進步黨,0,無黨籍及未經政黨推薦,0,民主進步黨,0,無黨籍及未經政黨推薦,0,無黨籍及未經政黨推薦,0,中國國民黨,0,中國國民黨,32,民主進步黨,0,中國國民黨,0,中國國民黨,0,民主進步黨,0,民主進步黨,0,無黨籍及未經政黨推薦,0,中國國民黨,0,無黨籍及未經政黨推薦,0,無黨籍及未經政黨推薦,0,中國國民黨,0,民主進步黨,0,中國國民黨,0,無黨籍及未經政黨推薦,0,無黨籍及未經政黨推薦,0,無黨籍及未經政黨推薦,0,民主進步黨,0,無黨籍及未經政黨推薦,0,無黨籍及未經政黨推薦,0,民主進步黨,0,中國國民黨,0,無黨籍及未經政黨推薦,0,無黨籍及未經政黨推薦,0,無黨籍及未經政黨推薦,0,無黨籍及未經政黨推薦,0,民主進步黨,0,中國國民黨,0,中國國民黨,0,無黨籍及未經政黨推薦,0,民主進步黨,0,無黨籍及未經政黨推薦,2482,84,2566,0,2566,922,3488,73.57
長泰里,0063,0,民主進步黨,0,中國國民黨,1180,中國國民黨,0,民主進步黨,0,民主進步黨,0,中國國民黨,0,中國國民黨,0,中國國民黨,0,中國國民黨,0,無黨籍及未經政黨推薦,0,中國國民黨,0,無黨籍及未經政黨推薦,0,民主進步黨,0,民主進步黨,62,民主進步黨,0,中國國民黨,0,民主進步黨,0,民主進步黨,0,民主進步黨,0,中國國民黨,0,民主進步黨,0,無黨籍及未經政黨推薦,0,無黨籍及未經政黨推薦,0,無黨籍及未經政黨推薦,0,中國國民黨,0,民主進步黨,1438,中國國民黨,0,中國國民黨,0,無黨籍及未經政黨推薦,0,中國國民黨,0,中國國民黨,0,民主進步黨,0,無黨籍及未經政黨推薦,0,民主進步黨,0,無黨籍及未經政黨推薦,0,無黨籍及未經政黨推薦,0,中國國民黨,0,中國國民黨,38,民主進步黨,0,中國國民黨,0,中國國民黨,0,民主進步黨,0,民主進步黨,0,無黨籍及未經政黨推薦,0,中國國民黨,0,無黨籍及未經政黨推薦,0,無黨籍及未經政黨推薦,0,中國國民黨,0,民主進步黨,0,中國國民黨,0,無黨籍及未經政黨推薦,0,無黨籍及未經政黨推薦,0,無黨籍及未經政黨推薦,0,民主進步黨,0,無黨籍及未經政黨推薦,0,無黨籍及未經政黨推薦,0,民主進步黨,0,中國國民黨,0,無黨籍及未經政黨推薦,0,無黨籍及未經政黨推薦,0,無黨籍及未經政黨推薦,0,無黨籍及未經政黨推薦,0,民主進步黨,0,中國國民黨,0,中國國民黨,0,無黨籍及未經政黨推薦,0,民主進步黨,0,無黨籍及未經政黨推薦,2718,82,2800,0,2800,1114,3914,71.54
長福里,0064,0,民主進步黨,0,中國國民黨,854,中國國民黨,0,民主進步黨,0,民主進步黨,0,中國國民黨,0,中國國民黨,0,中國國民黨,0,中國國民黨,0,無黨籍及未經政黨推薦,0,中國國民黨,0,無黨籍及未經政黨推薦,0,民主進步黨,0,民主進步黨,76,民主進步黨,0,中國國民黨,0,民主進步黨,0,民主進步黨,0,民主進步黨,0,中國國民黨,0,民主進步黨,0,無黨籍及未經政黨推薦,0,無黨籍及未經政黨推薦,0,無黨籍及未經政黨推薦,0,中國國民黨,0,民主進步黨,980,中國國民黨,0,中國國民黨,0,無黨籍及未經政黨推薦,0,中國國民黨,0,中國國民黨,0,民主進步黨,0,無黨籍及未經政黨推薦,0,民主進步黨,0,無黨籍及未經政黨推薦,0,無黨籍及未經政黨推薦,0,中國國民黨,0,中國國民黨,48,民主進步黨,0,中國國民黨,0,中國國民黨,0,民主進步黨,0,民主進步黨,0,無黨籍及未經政黨推薦,0,中國國民黨,0,無黨籍及未經政黨推薦,0,無黨籍及未經政黨推薦,0,中國國民黨,0,民主進步黨,0,中國國民黨,0,無黨籍及未經政黨推薦,0,無黨籍及未經政黨推薦,0,無黨籍及未經政黨推薦,0,民主進步黨,0,無黨籍及未經政黨推薦,0,無黨籍及未經政黨推薦,0,民主進步黨,0,中國國民黨,0,無黨籍及未經政黨推薦,0,無黨籍及未經政黨推薦,0,無黨籍及未經政黨推薦,0,無黨籍及未經政黨推薦,0,民主進步黨,0,中國國民黨,0,中國國民黨,0,無黨籍及未經政黨推薦,0,民主進步黨,0,無黨籍及未經政黨推薦,1958,62,2020,0,2020,730,2750,73.45
介壽里,0065,0,民主進步黨,0,中國國民黨,642,中國國民黨,0,民主進步黨,0,民主進步黨,0,中國國民黨,0,中國國民黨,0,中國國民黨,0,中國國民黨,0,無黨籍及未經政黨推薦,0,中國國民黨,0,無黨籍及未經政黨推薦,0,民主進步黨,0,民主進步黨,36,民主進步黨,0,中國國民黨,0,民主進步黨,0,民主進步黨,0,民主進步黨,0,中國國民黨,0,民主進步黨,0,無黨籍及未經政黨推薦,0,無黨籍及未經政黨推薦,0,無黨籍及未經政黨推薦,0,中國國民黨,0,民主進步黨,714,中國國民黨,0,中國國民黨,0,無黨籍及未經政黨推薦,0,中國國民黨,0,中國國民黨,0,民主進步黨,0,無黨籍及未經政黨推薦,0,民主進步黨,0,無黨籍及未經政黨推薦,0,無黨籍及未經政黨推薦,0,中國國民黨,0,中國國民黨,22,民主進步黨,0,中國國民黨,0,中國國民黨,0,民主進步黨,0,民主進步黨,0,無黨籍及未經政黨推薦,0,中國國民黨,0,無黨籍及未經政黨推薦,0,無黨籍及未經政黨推薦,0,中國國民黨,0,民主進步黨,0,中國國民黨,0,無黨籍及未經政黨推薦,0,無黨籍及未經政黨推薦,0,無黨籍及未經政黨推薦,0,民主進步黨,0,無黨籍及未經政黨推薦,0,無黨籍及未經政黨推薦,0,民主進步黨,0,中國國民黨,0,無黨籍及未經政黨推薦,0,無黨籍及未經政黨推薦,0,無黨籍及未經政黨推薦,0,無黨籍及未經政黨推薦,0,民主進步黨,0,中國國民黨,0,中國國民黨,0,無黨籍及未經政黨推薦,0,民主進步黨,0,無黨籍及未經政黨推薦,1414,36,1450,0,1450,550,2000,72.5
萬壽里,0066,0,民主進步黨,0,中國國民黨,1112,中國國民黨,0,民主進步黨,0,民主進步黨,0,中國國民黨,0,中國國民黨,0,中國國民黨,0,中國國民黨,0,無黨籍及未經政黨推薦,0,中國國民黨,0,無黨籍及未經政黨推薦,0,民主進步黨,0,民主進步黨,54,民主進步黨,0,中國國民黨,0,民主進步黨,0,民主進步黨,0,民主進步黨,0,中國國民黨,0,民主進步黨,0,無黨籍及未經政黨推薦,0,無黨籍及未經政黨推薦,0,無黨籍及未經政黨推薦,0,中國國民黨,0,民主進步黨,1282,中國國民黨,0,中國國民黨,0,無黨籍及未經政黨推薦,0,中國國民黨,0,中國國民黨,0,民主進步黨,0,無黨籍及未經政黨推薦,0,民主進步黨,0,無黨籍及未經政黨推薦,0,無黨籍及未經政黨推薦,0,中國國民黨,0,中國國民黨,50,民主進步黨,0,中國國民黨,0,中國國民黨,0,民主進步黨,0,民主進步黨,0,無黨籍及未經政黨推薦,0,中國國民黨,0,無黨籍及未經政黨推薦,0,無黨籍及未經政黨推薦,0,中國國民黨,0,民主進步黨,0,中國國民黨,0,無黨籍及未經政黨推薦,0,無黨籍及未經政黨推薦,0,無黨籍及未經政黨推薦,0,民主進步黨,0,無黨籍及未經政黨推薦,0,無黨籍及未經政黨推薦,0,民主進步黨,0,中國國民黨,0,無黨籍及未經政黨推薦,0,無黨籍及未經政黨推薦,0,無黨籍及未經政黨推薦,0,無黨籍及未經政黨推薦,0,民主進步黨,0,中國國民黨,0,中國國民黨,0,無黨籍及未經政黨推薦,0,民主進步黨,0,無黨籍及未經政黨推薦,2498,112,2610,0,2610,882,3492,74.74
錦江里,0067,0,民主進步黨,0,中國國民黨,1216,中國國民黨,0,民主進步黨,0,民主進步黨,0,中國國民黨,0,中國國民黨,0,中國國民黨,0,中國國民黨,0,無黨籍及未經政黨推薦,0,中國國民黨,0,無黨籍及未經政黨推薦,0,民主進步黨,0,民主進步黨,88,民主進步黨,0,中國國民黨,0,民主進步黨,0,民主進步黨,0,民主進步黨,0,中國國民黨,0,民主進步黨,0,無黨籍及未經政黨推薦,0,無黨籍及未經政黨推薦,0,無黨籍及未經政黨推薦,0,中國國民黨,0,民主進步黨,1454,中國國民黨,0,中國國民黨,0,無黨籍及未經政黨推薦,0,中國國民黨,0,中國國民黨,0,民主進步黨,0,無黨籍及未經政黨推薦,0,民主進步黨,0,無黨籍及未經政黨推薦,0,無黨籍及未經政黨推薦,0,中國國民黨,0,中國國民黨,58,民主進步黨,0,中國國民黨,0,中國國民黨,0,民主進步黨,0,民主進步黨,0,無黨籍及未經政黨推薦,0,中國國民黨,0,無黨籍及未經政黨推薦,0,無黨籍及未經政黨推薦,0,中國國民黨,0,民主進步黨,0,中國國民黨,0,無黨籍及未經政黨推薦,0,無黨籍及未經政黨推薦,0,無黨籍及未經政黨推薦,0,民主進步黨,0,無黨籍及未經政黨推薦,0,無黨籍及未經政黨推薦,0,民主進步黨,0,中國國民黨,0,無黨籍及未經政黨推薦,0,無黨籍及未經政黨推薦,0,無黨籍及未經政黨推薦,0,無黨籍及未經政黨推薦,0,民主進步黨,0,中國國民黨,0,中國國民黨,0,無黨籍及未經政黨推薦,0,民主進步黨,0,無黨籍及未經政黨推薦,2816,74,2890,0,2890,1210,4100,70.49
龍濱里,0068,0,民主進步黨,0,中國國民黨,1724,中國國民黨,0,民主進步黨,0,民主進步黨,0,中國國民黨,0,中國國民黨,0,中國國民黨,0,中國國民黨,0,無黨籍及未經政黨推薦,0,中國國民黨,0,無黨籍及未經政黨推薦,0,民主進步黨,0,民主進步黨,116,民主進步黨,0,中國國民黨,0,民主進步黨,0,民主進步黨,0,民主進步黨,0,中國國民黨,0,民主進步黨,0,無黨籍及未經政黨推薦,0,無黨籍及未經政黨推薦,0,無黨籍及未經政黨推薦,0,中國國民黨,0,民主進步黨,2202,中國國民黨,0,中國國民黨,0,無黨籍及未經政黨推薦,0,中國國民黨,0,中國國民黨,0,民主進步黨,0,無黨籍及未經政黨推薦,0,民主進步黨,0,無黨籍及未經政黨推薦,0,無黨籍及未經政黨推薦,0,中國國民黨,0,中國國民黨,90,民主進步黨,0,中國國民黨,0,中國國民黨,0,民主進步黨,0,民主進步黨,0,無黨籍及未經政黨推薦,0,中國國民黨,0,無黨籍及未經政黨推薦,0,無黨籍及未經政黨推薦,0,中國國民黨,0,民主進步黨,0,中國國民黨,0,無黨籍及未經政黨推薦,0,無黨籍及未經政黨推薦,0,無黨籍及未經政黨推薦,0,民主進步黨,0,無黨籍及未經政黨推薦,0,無黨籍及未經政黨推薦,0,民主進步黨,0,中國國民黨,0,無黨籍及未經政黨推薦,0,無黨籍及未經政黨推薦,0,無黨籍及未經政黨推薦,0,無黨籍及未經政黨推薦,0,民主進步黨,0,中國國民黨,0,中國國民黨,0,無黨籍及未經政黨推薦,0,民主進步黨,0,無黨籍及未經政黨推薦,4132,172,4304,0,4304,1362,5666,75.96
龍門里,0069,0,民主進步黨,0,中國國民黨,992,中國國民黨,0,民主進步黨,0,民主進步黨,0,中國國民黨,0,中國國民黨,0,中國國民黨,0,中國國民黨,0,無黨籍及未經政黨推薦,0,中國國民黨,0,無黨籍及未經政黨推薦,0,民主進步黨,0,民主進步黨,50,民主進步黨,0,中國國民黨,0,民主進步黨,0,民主進步黨,0,民主進步黨,0,中國國民黨,0,民主進步黨,0,無黨籍及未經政黨推薦,0,無黨籍及未經政黨推薦,0,無黨籍及未經政黨推薦,0,中國國民黨,0,民主進步黨,1180,中國國民黨,0,中國國民黨,0,無黨籍及未經政黨推薦,0,中國國民黨,0,中國國民黨,0,民主進步黨,0,無黨籍及未經政黨推薦,0,民主進步黨,0,無黨籍及未經政黨推薦,0,無黨籍及未經政黨推薦,0,中國國民黨,0,中國國民黨,48,民主進步黨,0,中國國民黨,0,中國國民黨,0,民主進步黨,0,民主進步黨,0,無黨籍及未經政黨推薦,0,中國國民黨,0,無黨籍及未經政黨推薦,0,無黨籍及未經政黨推薦,0,中國國民黨,0,民主進步黨,0,中國國民黨,0,無黨籍及未經政黨推薦,0,無黨籍及未經政黨推薦,0,無黨籍及未經政黨推薦,0,民主進步黨,0,無黨籍及未經政黨推薦,0,無黨籍及未經政黨推薦,0,民主進步黨,0,中國國民黨,0,無黨籍及未經政黨推薦,0,無黨籍及未經政黨推薦,0,無黨籍及未經政黨推薦,0,無黨籍及未經政黨推薦,0,民主進步黨,0,中國國民黨,0,中國國民黨,0,無黨籍及未經政黨推薦,0,民主進步黨,0,無黨籍及未經政黨推薦,2270,92,2362,0,2362,954,3316,71.23
秀江里,0070,0,民主進步黨,0,中國國民黨,626,中國國民黨,0,民主進步黨,0,民主進步黨,0,中國國民黨,0,中國國民黨,0,中國國民黨,0,中國國民黨,0,無黨籍及未經政黨推薦,0,中國國民黨,0,無黨籍及未經政黨推薦,0,民主進步黨,0,民主進步黨,30,民主進步黨,0,中國國民黨,0,民主進步黨,0,民主進步黨,0,民主進步黨,0,中國國民黨,0,民主進步黨,0,無黨籍及未經政黨推薦,0,無黨籍及未經政黨推薦,0,無黨籍及未經政黨推薦,0,中國國民黨,0,民主進步黨,744,中國國民黨,0,中國國民黨,0,無黨籍及未經政黨推薦,0,中國國民黨,0,中國國民黨,0,民主進步黨,0,無黨籍及未經政黨推薦,0,民主進步黨,0,無黨籍及未經政黨推薦,0,無黨籍及未經政黨推薦,0,中國國民黨,0,中國國民黨,36,民主進步黨,0,中國國民黨,0,中國國民黨,0,民主進步黨,0,民主進步黨,0,無黨籍及未經政黨推薦,0,中國國民黨,0,無黨籍及未經政黨推薦,0,無黨籍及未經政黨推薦,0,中國國民黨,0,民主進步黨,0,中國國民黨,0,無黨籍及未經政黨推薦,0,無黨籍及未經政黨推薦,0,無黨籍及未經政黨推薦,0,民主進步黨,0,無黨籍及未經政黨推薦,0,無黨籍及未經政黨推薦,0,民主進步黨,0,中國國民黨,0,無黨籍及未經政黨推薦,0,無黨籍及未經政黨推薦,0,無黨籍及未經政黨推薦,0,無黨籍及未經政黨推薦,0,民主進步黨,0,中國國民黨,0,中國國民黨,0,無黨籍及未經政黨推薦,0,民主進步黨,0,無黨籍及未經政黨推薦,1436,60,1496,0,1496,646,2142,69.84
奕壽里,0071,0,民主進步黨,0,中國國民黨,754,中國國民黨,0,民主進步黨,0,民主進步黨,0,中國國民黨,0,中國國民黨,0,中國國民黨,0,中國國民黨,0,無黨籍及未經政黨推薦,0,中國國民黨,0,無黨籍及未經政黨推薦,0,民主進步黨,0,民主進步黨,42,民主進步黨,0,中國國民黨,0,民主進步黨,0,民主進步黨,0,民主進步黨,0,中國國民黨,0,民主進步黨,0,無黨籍及未經政黨推薦,0,無黨籍及未經政黨推薦,0,無黨籍及未經政黨推薦,0,中國國民黨,0,民主進步黨,1140,中國國民黨,0,中國國民黨,0,無黨籍及未經政黨推薦,0,中國國民黨,0,中國國民黨,0,民主進步黨,0,無黨籍及未經政黨推薦,0,民主進步黨,0,無黨籍及未經政黨推薦,0,無黨籍及未經政黨推薦,0,中國國民黨,0,中國國民黨,140,民主進步黨,0,中國國民黨,0,中國國民黨,0,民主進步黨,0,民主進步黨,0,無黨籍及未經政黨推薦,0,中國國民黨,0,無黨籍及未經政黨推薦,0,無黨籍及未經政黨推薦,0,中國國民黨,0,民主進步黨,0,中國國民黨,0,無黨籍及未經政黨推薦,0,無黨籍及未經政黨推薦,0,無黨籍及未經政黨推薦,0,民主進步黨,0,無黨籍及未經政黨推薦,0,無黨籍及未經政黨推薦,0,民主進步黨,0,中國國民黨,0,無黨籍及未經政黨推薦,0,無黨籍及未經政黨推薦,0,無黨籍及未經政黨推薦,0,無黨籍及未經政黨推薦,0,民主進步黨,0,中國國民黨,0,中國國民黨,0,無黨籍及未經政黨推薦,0,民主進步黨,0,無黨籍及未經政黨推薦,2076,80,2156,0,2156,772,2928,73.63
三安里,0072,0,民主進步黨,0,中國國民黨,1286,中國國民黨,0,民主進步黨,0,民主進步黨,0,中國國民黨,0,中國國民黨,0,中國國民黨,0,中國國民黨,0,無黨籍及未經政黨推薦,0,中國國民黨,0,無黨籍及未經政黨推薦,0,民主進步黨,0,民主進步黨,74,民主進步黨,0,中國國民黨,0,民主進步黨,0,民主進步黨,0,民主進步黨,0,中國國民黨,0,民主進步黨,0,無黨籍及未經政黨推薦,0,無黨籍及未經政黨推薦,0,無黨籍及未經政黨推薦,0,中國國民黨,0,民主進步黨,1836,中國國民黨,0,中國國民黨,0,無黨籍及未經政黨推薦,0,中國國民黨,0,中國國民黨,0,民主進步黨,0,無黨籍及未經政黨推薦,0,民主進步黨,0,無黨籍及未經政黨推薦,0,無黨籍及未經政黨推薦,0,中國國民黨,0,中國國民黨,58,民主進步黨,0,中國國民黨,0,中國國民黨,0,民主進步黨,0,民主進步黨,0,無黨籍及未經政黨推薦,0,中國國民黨,0,無黨籍及未經政黨推薦,0,無黨籍及未經政黨推薦,0,中國國民黨,0,民主進步黨,0,中國國民黨,0,無黨籍及未經政黨推薦,0,無黨籍及未經政黨推薦,0,無黨籍及未經政黨推薦,0,民主進步黨,0,無黨籍及未經政黨推薦,0,無黨籍及未經政黨推薦,0,民主進步黨,0,中國國民黨,0,無黨籍及未經政黨推薦,0,無黨籍及未經政黨推薦,0,無黨籍及未經政黨推薦,0,無黨籍及未經政黨推薦,0,民主進步黨,0,中國國民黨,0,中國國民黨,0,無黨籍及未經政黨推薦,0,民主進步黨,0,無黨籍及未經政黨推薦,3254,110,3364,0,3364,1240,4604,73.07
福安里,0073,0,民主進步黨,0,中國國民黨,1548,中國國民黨,0,民主進步黨,0,民主進步黨,0,中國國民黨,0,中國國民黨,0,中國國民黨,0,中國國民黨,0,無黨籍及未經政黨推薦,0,中國國民黨,0,無黨籍及未經政黨推薦,0,民主進步黨,0,民主進步黨,96,民主進步黨,0,中國國民黨,0,民主進步黨,0,民主進步黨,0,民主進步黨,0,中國國民黨,0,民主進步黨,0,無黨籍及未經政黨推薦,0,無黨籍及未經政黨推薦,0,無黨籍及未經政黨推薦,0,中國國民黨,0,民主進步黨,2078,中國國民黨,0,中國國民黨,0,無黨籍及未經政黨推薦,0,中國國民黨,0,中國國民黨,0,民主進步黨,0,無黨籍及未經政黨推薦,0,民主進步黨,0,無黨籍及未經政黨推薦,0,無黨籍及未經政黨推薦,0,中國國民黨,0,中國國民黨,76,民主進步黨,0,中國國民黨,0,中國國民黨,0,民主進步黨,0,民主進步黨,0,無黨籍及未經政黨推薦,0,中國國民黨,0,無黨籍及未經政黨推薦,0,無黨籍及未經政黨推薦,0,中國國民黨,0,民主進步黨,0,中國國民黨,0,無黨籍及未經政黨推薦,0,無黨籍及未經政黨推薦,0,無黨籍及未經政黨推薦,0,民主進步黨,0,無黨籍及未經政黨推薦,0,無黨籍及未經政黨推薦,0,民主進步黨,0,中國國民黨,0,無黨籍及未經政黨推薦,0,無黨籍及未經政黨推薦,0,無黨籍及未經政黨推薦,0,無黨籍及未經政黨推薦,0,民主進步黨,0,中國國民黨,0,中國國民黨,0,無黨籍及未經政黨推薦,0,民主進步黨,0,無黨籍及未經政黨推薦,3798,126,3924,0,3924,1308,5232,75.0
信安里,0074,0,民主進步黨,0,中國國民黨,1022,中國國民黨,0,民主進步黨,0,民主進步黨,0,中國國民黨,0,中國國民黨,0,中國國民黨,0,中國國民黨,0,無黨籍及未經政黨推薦,0,中國國民黨,0,無黨籍及未經政黨推薦,0,民主進步黨,0,民主進步黨,50,民主進步黨,0,中國國民黨,0,民主進步黨,0,民主進步黨,0,民主進步黨,0,中國國民黨,0,民主進步黨,0,無黨籍及未經政黨推薦,0,無黨籍及未經政黨推薦,0,無黨籍及未經政黨推薦,0,中國國民黨,0,民主進步黨,1258,中國國民黨,0,中國國民黨,0,無黨籍及未經政黨推薦,0,中國國民黨,0,中國國民黨,0,民主進步黨,0,無黨籍及未經政黨推薦,0,民主進步黨,0,無黨籍及未經政黨推薦,0,無黨籍及未經政黨推薦,0,中國國民黨,0,中國國民黨,50,民主進步黨,0,中國國民黨,0,中國國民黨,0,民主進步黨,0,民主進步黨,0,無黨籍及未經政黨推薦,0,中國國民黨,0,無黨籍及未經政黨推薦,0,無黨籍及未經政黨推薦,0,中國國民黨,0,民主進步黨,0,中國國民黨,0,無黨籍及未經政黨推薦,0,無黨籍及未經政黨推薦,0,無黨籍及未經政黨推薦,0,民主進步黨,0,無黨籍及未經政黨推薦,0,無黨籍及未經政黨推薦,0,民主進步黨,0,中國國民黨,0,無黨籍及未經政黨推薦,0,無黨籍及未經政黨推薦,0,無黨籍及未經政黨推薦,0,無黨籍及未經政黨推薦,0,民主進步黨,0,中國國民黨,0,中國國民黨,0,無黨籍及未經政黨推薦,0,民主進步黨,0,無黨籍及未經政黨推薦,2380,88,2468,0,2468,1032,3500,70.51
安慶里,0075,0,民主進步黨,0,中國國民黨,1042,中國國民黨,0,民主進步黨,0,民主進步黨,0,中國國民黨,0,中國國民黨,0,中國國民黨,0,中國國民黨,0,無黨籍及未經政黨推薦,0,中國國民黨,0,無黨籍及未經政黨推薦,0,民主進步黨,0,民主進步黨,86,民主進步黨,0,中國國民黨,0,民主進步黨,0,民主進步黨,0,民主進步黨,0,中國國民黨,0,民主進步黨,0,無黨籍及未經政黨推薦,0,無黨籍及未經政黨推薦,0,無黨籍及未經政黨推薦,0,中國國民黨,0,民主進步黨,1410,中國國民黨,0,中國國民黨,0,無黨籍及未經政黨推薦,0,中國國民黨,0,中國國民黨,0,民主進步黨,0,無黨籍及未經政黨推薦,0,民主進步黨,0,無黨籍及未經政黨推薦,0,無黨籍及未經政黨推薦,0,中國國民黨,0,中國國民黨,44,民主進步黨,0,中國國民黨,0,中國國民黨,0,民主進步黨,0,民主進步黨,0,無黨籍及未經政黨推薦,0,中國國民黨,0,無黨籍及未經政黨推薦,0,無黨籍及未經政黨推薦,0,中國國民黨,0,民主進步黨,0,中國國民黨,0,無黨籍及未經政黨推薦,0,無黨籍及未經政黨推薦,0,無黨籍及未經政黨推薦,0,民主進步黨,0,無黨籍及未經政黨推薦,0,無黨籍及未經政黨推薦,0,民主進步黨,0,中國國民黨,0,無黨籍及未經政黨推薦,0,無黨籍及未經政黨推薦,0,無黨籍及未經政黨推薦,0,無黨籍及未經政黨推薦,0,民主進步黨,0,中國國民黨,0,中國國民黨,0,無黨籍及未經政黨推薦,0,民主進步黨,0,無黨籍及未經政黨推薦,2582,68,2650,0,2650,940,3590,73.82
幸福里,0076,0,民主進步黨,0,中國國民黨,2232,中國國民黨,0,民主進步黨,0,民主進步黨,0,中國國民黨,0,中國國民黨,0,中國國民黨,0,中國國民黨,0,無黨籍及未經政黨推薦,0,中國國民黨,0,無黨籍及未經政黨推薦,0,民主進步黨,0,民主進步黨,152,民主進步黨,0,中國國民黨,0,民主進步黨,0,民主進步黨,0,民主進步黨,0,中國國民黨,0,民主進步黨,0,無黨籍及未經政黨推薦,0,無黨籍及未經政黨推薦,0,無黨籍及未經政黨推薦,0,中國國民黨,0,民主進步黨,2960,中國國民黨,0,中國國民黨,0,無黨籍及未經政黨推薦,0,中國國民黨,0,中國國民黨,0,民主進步黨,0,無黨籍及未經政黨推薦,0,民主進步黨,0,無黨籍及未經政黨推薦,0,無黨籍及未經政黨推薦,0,中國國民黨,0,中國國民黨,132,民主進步黨,0,中國國民黨,0,中國國民黨,0,民主進步黨,0,民主進步黨,0,無黨籍及未經政黨推薦,0,中國國民黨,0,無黨籍及未經政黨推薦,0,無黨籍及未經政黨推薦,0,中國國民黨,0,民主進步黨,0,中國國民黨,0,無黨籍及未經政黨推薦,0,無黨籍及未經政黨推薦,0,無黨籍及未經政黨推薦,0,民主進步黨,0,無黨籍及未經政黨推薦,0,無黨籍及未經政黨推薦,0,民主進步黨,0,中國國民黨,0,無黨籍及未經政黨推薦,0,無黨籍及未經政黨推薦,0,無黨籍及未經政黨推薦,0,無黨籍及未經政黨推薦,0,民主進步黨,0,中國國民黨,0,中國國民黨,0,無黨籍及未經政黨推薦,0,民主進步黨,0,無黨籍及未經政黨推薦,5476,144,5620,0,5620,2324,7944,70.75
六合里,0077,0,民主進步黨,0,中國國民黨,1846,中國國民黨,0,民主進步黨,0,民主進步黨,0,中國國民黨,0,中國國民黨,0,中國國民黨,0,中國國民黨,0,無黨籍及未經政黨推薦,0,中國國民黨,0,無黨籍及未經政黨推薦,0,民主進步黨,0,民主進步黨,116,民主進步黨,0,中國國民黨,0,民主進步黨,0,民主進步黨,0,民主進步黨,0,中國國民黨,0,民主進步黨,0,無黨籍及未經政黨推薦,0,無黨籍及未經政黨推薦,0,無黨籍及未經政黨推薦,0,中國國民黨,0,民主進步黨,2550,中國國民黨,0,中國國民黨,0,無黨籍及未經政黨推薦,0,中國國民黨,0,中國國民黨,0,民主進步黨,0,無黨籍及未經政黨推薦,0,民主進步黨,0,無黨籍及未經政黨推薦,0,無黨籍及未經政黨推薦,0,中國國民黨,0,中國國民黨,66,民主進步黨,0,中國國民黨,0,中國國民黨,0,民主進步黨,0,民主進步黨,0,無黨籍及未經政黨推薦,0,中國國民黨,0,無黨籍及未經政黨推薦,0,無黨籍及未經政黨推薦,0,中國國民黨,0,民主進步黨,0,中國國民黨,0,無黨籍及未經政黨推薦,0,無黨籍及未經政黨推薦,0,無黨籍及未經政黨推薦,0,民主進步黨,0,無黨籍及未經政黨推薦,0,無黨籍及未經政黨推薦,0,民主進步黨,0,中國國民黨,0,無黨籍及未經政黨推薦,0,無黨籍及未經政黨推薦,0,無黨籍及未經政黨推薦,0,無黨籍及未經政黨推薦,0,民主進步黨,0,中國國民黨,0,中國國民黨,0,無黨籍及未經政黨推薦,0,民主進步黨,0,無黨籍及未經政黨推薦,4578,162,4740,0,4740,1794,6534,72.54
六福里,0078,0,民主進步黨,0,中國國民黨,2720,中國國民黨,0,民主進步黨,0,民主進步黨,0,中國國民黨,0,中國國民黨,0,中國國民黨,0,中國國民黨,0,無黨籍及未經政黨推薦,0,中國國民黨,0,無黨籍及未經政黨推薦,0,民主進步黨,0,民主進步黨,140,民主進步黨,0,中國國民黨,0,民主進步黨,0,民主進步黨,0,民主進步黨,0,中國國民黨,0,民主進步黨,0,無黨籍及未經政黨推薦,0,無黨籍及未經政黨推薦,0,無黨籍及未經政黨推薦,0,中國國民黨,0,民主進步黨,3800,中國國民黨,0,中國國民黨,0,無黨籍及未經政黨推薦,0,中國國民黨,0,中國國民黨,0,民主進步黨,0,無黨籍及未經政黨推薦,0,民主進步黨,0,無黨籍及未經政黨推薦,0,無黨籍及未經政黨推薦,0,中國國民黨,0,中國國民黨,106,民主進步黨,0,中國國民黨,0,中國國民黨,0,民主進步黨,0,民主進步黨,0,無黨籍及未經政黨推薦,0,中國國民黨,0,無黨籍及未經政黨推薦,0,無黨籍及未經政黨推薦,0,中國國民黨,0,民主進步黨,0,中國國民黨,0,無黨籍及未經政黨推薦,0,無黨籍及未經政黨推薦,0,無黨籍及未經政黨推薦,0,民主進步黨,0,無黨籍及未經政黨推薦,0,無黨籍及未經政黨推薦,0,民主進步黨,0,中國國民黨,0,無黨籍及未經政黨推薦,0,無黨籍及未經政黨推薦,0,無黨籍及未經政黨推薦,0,無黨籍及未經政黨推薦,0,民主進步黨,0,中國國民黨,0,中國國民黨,0,無黨籍及未經政黨推薦,0,民主進步黨,0,無黨籍及未經政黨推薦,6766,252,7018,0,7018,2452,9470,74.11
順德里,0079,0,民主進步黨,0,中國國民黨,1126,中國國民黨,0,民主進步黨,0,民主進步黨,0,中國國民黨,0,中國國民黨,0,中國國民黨,0,中國國民黨,0,無黨籍及未經政黨推薦,0,中國國民黨,0,無黨籍及未經政黨推薦,0,民主進步黨,0,民主進步黨,58,民主進步黨,0,中國國民黨,0,民主進步黨,0,民主進步黨,0,民主進步黨,0,中國國民黨,0,民主進步黨,0,無黨籍及未經政黨推薦,0,無黨籍及未經政黨推薦,0,無黨籍及未經政黨推薦,0,中國國民黨,0,民主進步黨,1428,中國國民黨,0,中國國民黨,0,無黨籍及未經政黨推薦,0,中國國民黨,0,中國國民黨,0,民主進步黨,0,無黨籍及未經政黨推薦,0,民主進步黨,0,無黨籍及未經政黨推薦,0,無黨籍及未經政黨推薦,0,中國國民黨,0,中國國民黨,48,民主進步黨,0,中國國民黨,0,中國國民黨,0,民主進步黨,0,民主進步黨,0,無黨籍及未經政黨推薦,0,中國國民黨,0,無黨籍及未經政黨推薦,0,無黨籍及未經政黨推薦,0,中國國民黨,0,民主進步黨,0,中國國民黨,0,無黨籍及未經政黨推薦,0,無黨籍及未經政黨推薦,0,無黨籍及未經政黨推薦,0,民主進步黨,0,無黨籍及未經政黨推薦,0,無黨籍及未經政黨推薦,0,民主進步黨,0,中國國民黨,0,無黨籍及未經政黨推薦,0,無黨籍及未經政黨推薦,0,無黨籍及未經政黨推薦,0,無黨籍及未經政黨推薦,0,民主進步黨,0,中國國民黨,0,中國國民黨,0,無黨籍及未經政黨推薦,0,民主進步黨,0,無黨籍及未經政黨推薦,2660,120,2780,0,2780,1040,3820,72.77
承德里,0080,0,民主進步黨,0,中國國民黨,894,中國國民黨,0,民主進步黨,0,民主進步黨,0,中國國民黨,0,中國國民黨,0,中國國民黨,0,中國國民黨,0,無黨籍及未經政黨推薦,0,中國國民黨,0,無黨籍及未經政黨推薦,0,民主進步黨,0,民主進步黨,50,民主進步黨,0,中國國民黨,0,民主進步黨,0,民主進步黨,0,民主進步黨,0,中國國民黨,0,民主進步黨,0,無黨籍及未經政黨推薦,0,無黨籍及未經政黨推薦,0,無黨籍及未經政黨推薦,0,中國國民黨,0,民主進步黨,1230,中國國民黨,0,中國國民黨,0,無黨籍及未經政黨推薦,0,中國國民黨,0,中國國民黨,0,民主進步黨,0,無黨籍及未經政黨推薦,0,民主進步黨,0,無黨籍及未經政黨推薦,0,無黨籍及未經政黨推薦,0,中國國民黨,0,中國國民黨,40,民主進步黨,0,中國國民黨,0,中國國民黨,0,民主進步黨,0,民主進步黨,0,無黨籍及未經政黨推薦,0,中國國民黨,0,無黨籍及未經政黨推薦,0,無黨籍及未經政黨推薦,0,中國國民黨,0,民主進步黨,0,中國國民黨,0,無黨籍及未經政黨推薦,0,無黨籍及未經政黨推薦,0,無黨籍及未經政黨推薦,0,民主進步黨,0,無黨籍及未經政黨推薦,0,無黨籍及未經政黨推薦,0,民主進步黨,0,中國國民黨,0,無黨籍及未經政黨推薦,0,無黨籍及未經政黨推薦,0,無黨籍及未經政黨推薦,0,無黨籍及未經政黨推薦,0,民主進步黨,0,中國國民黨,0,中國國民黨,0,無黨籍及未經政黨推薦,0,民主進步黨,0,無黨籍及未經政黨推薦,2214,62,2276,0,2276,774,3050,74.62
瑞德里,0081,0,民主進步黨,0,中國國民黨,1190,中國國民黨,0,民主進步黨,0,民主進步黨,0,中國國民黨,0,中國國民黨,0,中國國民黨,0,中國國民黨,0,無黨籍及未經政黨推薦,0,中國國民黨,0,無黨籍及未經政黨推薦,0,民主進步黨,0,民主進步黨,84,民主進步黨,0,中國國民黨,0,民主進步黨,0,民主進步黨,0,民主進步黨,0,中國國民黨,0,民主進步黨,0,無黨籍及未經政黨推薦,0,無黨籍及未經政黨推薦,0,無黨籍及未經政黨推薦,0,中國國民黨,0,民主進步黨,1602,中國國民黨,0,中國國民黨,0,無黨籍及未經政黨推薦,0,中國國民黨,0,中國國民黨,0,民主進步黨,0,無黨籍及未經政黨推薦,0,民主進步黨,0,無黨籍及未經政黨推薦,0,無黨籍及未經政黨推薦,0,中國國民黨,0,中國國民黨,42,民主進步黨,0,中國國民黨,0,中國國民黨,0,民主進步黨,0,民主進步黨,0,無黨籍及未經政黨推薦,0,中國國民黨,0,無黨籍及未經政黨推薦,0,無黨籍及未經政黨推薦,0,中國國民黨,0,民主進步黨,0,中國國民黨,0,無黨籍及未經政黨推薦,0,無黨籍及未經政黨推薦,0,無黨籍及未經政黨推薦,0,民主進步黨,0,無黨籍及未經政黨推薦,0,無黨籍及未經政黨推薦,0,民主進步黨,0,中國國民黨,0,無黨籍及未經政黨推薦,0,無黨籍及未經政黨推薦,0,無黨籍及未經政黨推薦,0,無黨籍及未經政黨推薦,0,民主進步黨,0,中國國民黨,0,中國國民黨,0,無黨籍及未經政黨推薦,0,民主進步黨,0,無黨籍及未經政黨推薦,2918,80,2998,0,2998,1114,4112,72.91
崇德里,0082,0,民主進步黨,0,中國國民黨,1892,中國國民黨,0,民主進步黨,0,民主進步黨,0,中國國民黨,0,中國國民黨,0,中國國民黨,0,中國國民黨,0,無黨籍及未經政黨推薦,0,中國國民黨,0,無黨籍及未經政黨推薦,0,民主進步黨,0,民主進步黨,118,民主進步黨,0,中國國民黨,0,民主進步黨,0,民主進步黨,0,民主進步黨,0,中國國民黨,0,民主進步黨,0,無黨籍及未經政黨推薦,0,無黨籍及未經政黨推薦,0,無黨籍及未經政黨推薦,0,中國國民黨,0,民主進步黨,2710,中國國民黨,0,中國國民黨,0,無黨籍及未經政黨推薦,0,中國國民黨,0,中國國民黨,0,民主進步黨,0,無黨籍及未經政黨推薦,0,民主進步黨,0,無黨籍及未經政黨推薦,0,無黨籍及未經政黨推薦,0,中國國民黨,0,中國國民黨,62,民主進步黨,0,中國國民黨,0,中國國民黨,0,民主進步黨,0,民主進步黨,0,無黨籍及未經政黨推薦,0,中國國民黨,0,無黨籍及未經政黨推薦,0,無黨籍及未經政黨推薦,0,中國國民黨,0,民主進步黨,0,中國國民黨,0,無黨籍及未經政黨推薦,0,無黨籍及未經政黨推薦,0,無黨籍及未經政黨推薦,0,民主進步黨,0,無黨籍及未經政黨推薦,0,無黨籍及未經政黨推薦,0,民主進步黨,0,中國國民黨,0,無黨籍及未經政黨推薦,0,無黨籍及未經政黨推薦,0,無黨籍及未經政黨推薦,0,無黨籍及未經政黨推薦,0,民主進步黨,0,中國國民黨,0,中國國民黨,0,無黨籍及未經政黨推薦,0,民主進步黨,0,無黨籍及未經政黨推薦,4782,132,4914,0,4914,1870,6784,72.44
厚德里,0083,0,民主進步黨,0,中國國民黨,1850,中國國民黨,0,民主進步黨,0,民主進步黨,0,中國國民黨,0,中國國民黨,0,中國國民黨,0,中國國民黨,0,無黨籍及未經政黨推薦,0,中國國民黨,0,無黨籍及未經政黨推薦,0,民主進步黨,0,民主進步黨,106,民主進步黨,0,中國國民黨,0,民主進步黨,0,民主進步黨,0,民主進步黨,0,中國國民黨,0,民主進步黨,0,無黨籍及未經政黨推薦,0,無黨籍及未經政黨推薦,0,無黨籍及未經政黨推薦,0,中國國民黨,0,民主進步黨,2422,中國國民黨,0,中國國民黨,0,無黨籍及未經政黨推薦,0,中國國民黨,0,中國國民黨,0,民主進步黨,0,無黨籍及未經政黨推薦,0,民主進步黨,0,無黨籍及未經政黨推薦,0,無黨籍及未經政黨推薦,0,中國國民黨,0,中國國民黨,104,民主進步黨,0,中國國民黨,0,中國國民黨,0,民主進步黨,0,民主進步黨,0,無黨籍及未經政黨推薦,0,中國國民黨,0,無黨籍及未經政黨推薦,0,無黨籍及未經政黨推薦,0,中國國民黨,0,民主進步黨,0,中國國民黨,0,無黨籍及未經政黨推薦,0,無黨籍及未經政黨推薦,0,無黨籍及未經政黨推薦,0,民主進步黨,0,無黨籍及未經政黨推薦,0,無黨籍及未經政黨推薦,0,民主進步黨,0,中國國民黨,0,無黨籍及未經政黨推薦,0,無黨籍及未經政黨推薦,0,無黨籍及未經政黨推薦,0,無黨籍及未經政黨推薦,0,民主進步黨,0,中國國民黨,0,中國國民黨,0,無黨籍及未經政黨推薦,0,民主進步黨,0,無黨籍及未經政黨推薦,4482,138,4620,0,4620,1378,5998,77.03
維德里,0084,0,民主進步黨,0,中國國民黨,1284,中國國民黨,0,民主進步黨,0,民主進步黨,0,中國國民黨,0,中國國民黨,0,中國國民黨,0,中國國民黨,0,無黨籍及未經政黨推薦,0,中國國民黨,0,無黨籍及未經政黨推薦,0,民主進步黨,0,民主進步黨,88,民主進步黨,0,中國國民黨,0,民主進步黨,0,民主進步黨,0,民主進步黨,0,中國國民黨,0,民主進步黨,0,無黨籍及未經政黨推薦,0,無黨籍及未經政黨推薦,0,無黨籍及未經政黨推薦,0,中國國民黨,0,民主進步黨,2090,中國國民黨,0,中國國民黨,0,無黨籍及未經政黨推薦,0,中國國民黨,0,中國國民黨,0,民主進步黨,0,無黨籍及未經政黨推薦,0,民主進步黨,0,無黨籍及未經政黨推薦,0,無黨籍及未經政黨推薦,0,中國國民黨,0,中國國民黨,52,民主進步黨,0,中國國民黨,0,中國國民黨,0,民主進步黨,0,民主進步黨,0,無黨籍及未經政黨推薦,0,中國國民黨,0,無黨籍及未經政黨推薦,0,無黨籍及未經政黨推薦,0,中國國民黨,0,民主進步黨,0,中國國民黨,0,無黨籍及未經政黨推薦,0,無黨籍及未經政黨推薦,0,無黨籍及未經政黨推薦,0,民主進步黨,0,無黨籍及未經政黨推薦,0,無黨籍及未經政黨推薦,0,民主進步黨,0,中國國民黨,0,無黨籍及未經政黨推薦,0,無黨籍及未經政黨推薦,0,無黨籍及未經政黨推薦,0,無黨籍及未經政黨推薦,0,民主進步黨,0,中國國民黨,0,中國國民黨,0,無黨籍及未經政黨推薦,0,民主進步黨,0,無黨籍及未經政黨推薦,3514,144,3658,0,3658,1124,4782,76.5
尚德里,0085,0,民主進步黨,0,中國國民黨,1578,中國國民黨,0,民主進步黨,0,民主進步黨,0,中國國民黨,0,中國國民黨,0,中國國民黨,0,中國國民黨,0,無黨籍及未經政黨推薦,0,中國國民黨,0,無黨籍及未經政黨推薦,0,民主進步黨,0,民主進步黨,90,民主進步黨,0,中國國民黨,0,民主進步黨,0,民主進步黨,0,民主進步黨,0,中國國民黨,0,民主進步黨,0,無黨籍及未經政黨推薦,0,無黨籍及未經政黨推薦,0,無黨籍及未經政黨推薦,0,中國國民黨,0,民主進步黨,1916,中國國民黨,0,中國國民黨,0,無黨籍及未經政黨推薦,0,中國國民黨,0,中國國民黨,0,民主進步黨,0,無黨籍及未經政黨推薦,0,民主進步黨,0,無黨籍及未經政黨推薦,0,無黨籍及未經政黨推薦,0,中國國民黨,0,中國國民黨,80,民主進步黨,0,中國國民黨,0,中國國民黨,0,民主進步黨,0,民主進步黨,0,無黨籍及未經政黨推薦,0,中國國民黨,0,無黨籍及未經政黨推薦,0,無黨籍及未經政黨推薦,0,中國國民黨,0,民主進步黨,0,中國國民黨,0,無黨籍及未經政黨推薦,0,無黨籍及未經政黨推薦,0,無黨籍及未經政黨推薦,0,民主進步黨,0,無黨籍及未經政黨推薦,0,無黨籍及未經政黨推薦,0,民主進步黨,0,中國國民黨,0,無黨籍及未經政黨推薦,0,無黨籍及未經政黨推薦,0,無黨籍及未經政黨推薦,0,無黨籍及未經政黨推薦,0,民主進步黨,0,中國國民黨,0,中國國民黨,0,無黨籍及未經政黨推薦,0,民主進步黨,0,無黨籍及未經政黨推薦,3664,144,3808,0,3808,1380,5188,73.4
培德里,0086,0,民主進步黨,0,中國國民黨,1856,中國國民黨,0,民主進步黨,0,民主進步黨,0,中國國民黨,0,中國國民黨,0,中國國民黨,0,中國國民黨,0,無黨籍及未經政黨推薦,0,中國國民黨,0,無黨籍及未經政黨推薦,0,民主進步黨,0,民主進步黨,110,民主進步黨,0,中國國民黨,0,民主進步黨,0,民主進步黨,0,民主進步黨,0,中國國民黨,0,民主進步黨,0,無黨籍及未經政黨推薦,0,無黨籍及未經政黨推薦,0,無黨籍及未經政黨推薦,0,中國國民黨,0,民主進步黨,2608,中國國民黨,0,中國國民黨,0,無黨籍及未經政黨推薦,0,中國國民黨,0,中國國民黨,0,民主進步黨,0,無黨籍及未經政黨推薦,0,民主進步黨,0,無黨籍及未經政黨推薦,0,無黨籍及未經政黨推薦,0,中國國民黨,0,中國國民黨,62,民主進步黨,0,中國國民黨,0,中國國民黨,0,民主進步黨,0,民主進步黨,0,無黨籍及未經政黨推薦,0,中國國民黨,0,無黨籍及未經政黨推薦,0,無黨籍及未經政黨推薦,0,中國國民黨,0,民主進步黨,0,中國國民黨,0,無黨籍及未經政黨推薦,0,無黨籍及未經政黨推薦,0,無黨籍及未經政黨推薦,0,民主進步黨,0,無黨籍及未經政黨推薦,0,無黨籍及未經政黨推薦,0,民主進步黨,0,中國國民黨,0,無黨籍及未經政黨推薦,0,無黨籍及未經政黨推薦,0,無黨籍及未經政黨推薦,0,無黨籍及未經政黨推薦,0,民主進步黨,0,中國國民黨,0,中國國民黨,0,無黨籍及未經政黨推薦,0,民主進步黨,0,無黨籍及未經政黨推薦,4636,128,4764,0,4764,1548,6312,75.48
永德里,0087,0,民主進步黨,0,中國國民黨,2132,中國國民黨,0,民主進步黨,0,民主進步黨,0,中國國民黨,0,中國國民黨,0,中國國民黨,0,中國國民黨,0,無黨籍及未經政黨推薦,0,中國國民黨,0,無黨籍及未經政黨推薦,0,民主進步黨,0,民主進步黨,114,民主進步黨,0,中國國民黨,0,民主進步黨,0,民主進步黨,0,民主進步黨,0,中國國民黨,0,民主進步黨,0,無黨籍及未經政黨推薦,0,無黨籍及未經政黨推薦,0,無黨籍及未經政黨推薦,0,中國國民黨,0,民主進步黨,3314,中國國民黨,0,中國國民黨,0,無黨籍及未經政黨推薦,0,中國國民黨,0,中國國民黨,0,民主進步黨,0,無黨籍及未經政黨推薦,0,民主進步黨,0,無黨籍及未經政黨推薦,0,無黨籍及未經政黨推薦,0,中國國民黨,0,中國國民黨,98,民主進步黨,0,中國國民黨,0,中國國民黨,0,民主進步黨,0,民主進步黨,0,無黨籍及未經政黨推薦,0,中國國民黨,0,無黨籍及未經政黨推薦,0,無黨籍及未經政黨推薦,0,中國國民黨,0,民主進步黨,0,中國國民黨,0,無黨籍及未經政黨推薦,0,無黨籍及未經政黨推薦,0,無黨籍及未經政黨推薦,0,民主進步黨,0,無黨籍及未經政黨推薦,0,無黨籍及未經政黨推薦,0,民主進步黨,0,中國國民黨,0,無黨籍及未經政黨推薦,0,無黨籍及未經政黨推薦,0,無黨籍及未經政黨推薦,0,無黨籍及未經政黨推薦,0,民主進步黨,0,中國國民黨,0,中國國民黨,0,無黨籍及未經政黨推薦,0,民主進步黨,0,無黨籍及未經政黨推薦,5658,196,5854,0,5854,2216,8070,72.54
永盛里,0088,0,民主進步黨,0,中國國民黨,1544,中國國民黨,0,民主進步黨,0,民主進步黨,0,中國國民黨,0,中國國民黨,0,中國國民黨,0,中國國民黨,0,無黨籍及未經政黨推薦,0,中國國民黨,0,無黨籍及未經政黨推薦,0,民主進步黨,0,民主進步黨,96,民主進步黨,0,中國國民黨,0,民主進步黨,0,民主進步黨,0,民主進步黨,0,中國國民黨,0,民主進步黨,0,無黨籍及未經政黨推薦,0,無黨籍及未經政黨推薦,0,無黨籍及未經政黨推薦,0,中國國民黨,0,民主進步黨,2098,中國國民黨,0,中國國民黨,0,無黨籍及未經政黨推薦,0,中國國民黨,0,中國國民黨,0,民主進步黨,0,無黨籍及未經政黨推薦,0,民主進步黨,0,無黨籍及未經政黨推薦,0,無黨籍及未經政黨推薦,0,中國國民黨,0,中國國民黨,56,民主進步黨,0,中國國民黨,0,中國國民黨,0,民主進步黨,0,民主進步黨,0,無黨籍及未經政黨推薦,0,中國國民黨,0,無黨籍及未經政黨推薦,0,無黨籍及未經政黨推薦,0,中國國民黨,0,民主進步黨,0,中國國民黨,0,無黨籍及未經政黨推薦,0,無黨籍及未經政黨推薦,0,無黨籍及未經政黨推薦,0,民主進步黨,0,無黨籍及未經政黨推薦,0,無黨籍及未經政黨推薦,0,民主進步黨,0,中國國民黨,0,無黨籍及未經政黨推薦,0,無黨籍及未經政黨推薦,0,無黨籍及未經政黨推薦,0,無黨籍及未經政黨推薦,0,民主進步黨,0,中國國民黨,0,中國國民黨,0,無黨籍及未經政黨推薦,0,民主進步黨,0,無黨籍及未經政黨推薦,3794,142,3936,0,3936,1454,5390,73.02
永安里,0091,0,民主進步黨,0,中國國民黨,1986,中國國民黨,0,民主進步黨,0,民主進步黨,0,中國國民黨,0,中國國民黨,0,中國國民黨,0,中國國民黨,0,無黨籍及未經政黨推薦,0,中國國民黨,0,無黨籍及未經政黨推薦,0,民主進步黨,0,民主進步黨,96,民主進步黨,0,中國國民黨,0,民主進步黨,0,民主進步黨,0,民主進步黨,0,中國國民黨,0,民主進步黨,0,無黨籍及未經政黨推薦,0,無黨籍及未經政黨推薦,0,無黨籍及未經政黨推薦,0,中國國民黨,0,民主進步黨,2650,中國國民黨,0,中國國民黨,0,無黨籍及未經政黨推薦,0,中國國民黨,0,中國國民黨,0,民主進步黨,0,無黨籍及未經政黨推薦,0,民主進步黨,0,無黨籍及未經政黨推薦,0,無黨籍及未經政黨推薦,0,中國國民黨,0,中國國民黨,70,民主進步黨,0,中國國民黨,0,中國國民黨,0,民主進步黨,0,民主進步黨,0,無黨籍及未經政黨推薦,0,中國國民黨,0,無黨籍及未經政黨推薦,0,無黨籍及未經政黨推薦,0,中國國民黨,0,民主進步黨,0,中國國民黨,0,無黨籍及未經政黨推薦,0,無黨籍及未經政黨推薦,0,無黨籍及未經政黨推薦,0,民主進步黨,0,無黨籍及未經政黨推薦,0,無黨籍及未經政黨推薦,0,民主進步黨,0,中國國民黨,0,無黨籍及未經政黨推薦,0,無黨籍及未經政黨推薦,0,無黨籍及未經政黨推薦,0,無黨籍及未經政黨推薦,0,民主進步黨,0,中國國民黨,0,中國國民黨,0,無黨籍及未經政黨推薦,0,民主進步黨,0,無黨籍及未經政黨推薦,4802,162,4964,0,4964,1776,6740,73.65
永煇里,0092,0,民主進步黨,0,中國國民黨,1128,中國國民黨,0,民主進步黨,0,民主進步黨,0,中國國民黨,0,中國國民黨,0,中國國民黨,0,中國國民黨,0,無黨籍及未經政黨推薦,0,中國國民黨,0,無黨籍及未經政黨推薦,0,民主進步黨,0,民主進步黨,66,民主進步黨,0,中國國民黨,0,民主進步黨,0,民主進步黨,0,民主進步黨,0,中國國民黨,0,民主進步黨,0,無黨籍及未經政黨推薦,0,無黨籍及未經政黨推薦,0,無黨籍及未經政黨推薦,0,中國國民黨,0,民主進步黨,1846,中國國民黨,0,中國國民黨,0,無黨籍及未經政黨推薦,0,中國國民黨,0,中國國民黨,0,民主進步黨,0,無黨籍及未經政黨推薦,0,民主進步黨,0,無黨籍及未經政黨推薦,0,無黨籍及未經政黨推薦,0,中國國民黨,0,中國國民黨,60,民主進步黨,0,中國國民黨,0,中國國民黨,0,民主進步黨,0,民主進步黨,0,無黨籍及未經政黨推薦,0,中國國民黨,0,無黨籍及未經政黨推薦,0,無黨籍及未經政黨推薦,0,中國國民黨,0,民主進步黨,0,中國國民黨,0,無黨籍及未經政黨推薦,0,無黨籍及未經政黨推薦,0,無黨籍及未經政黨推薦,0,民主進步黨,0,無黨籍及未經政黨推薦,0,無黨籍及未經政黨推薦,0,民主進步黨,0,中國國民黨,0,無黨籍及未經政黨推薦,0,無黨籍及未經政黨推薦,0,無黨籍及未經政黨推薦,0,無黨籍及未經政黨推薦,0,民主進步黨,0,中國國民黨,0,中國國民黨,0,無黨籍及未經政黨推薦,0,民主進步黨,0,無黨籍及未經政黨推薦,3100,96,3196,0,3196,1126,4322,73.95
溪美里,0093,0,民主進步黨,0,中國國民黨,4316,中國國民黨,0,民主進步黨,0,民主進步黨,0,中國國民黨,0,中國國民黨,0,中國國民黨,0,中國國民黨,0,無黨籍及未經政黨推薦,0,中國國民黨,0,無黨籍及未經政黨推薦,0,民主進步黨,0,民主進步黨,304,民主進步黨,0,中國國民黨,0,民主進步黨,0,民主進步黨,0,民主進步黨,0,中國國民黨,0,民主進步黨,0,無黨籍及未經政黨推薦,0,無黨籍及未經政黨推薦,0,無黨籍及未經政黨推薦,0,中國國民黨,0,民主進步黨,6000,中國國民黨,0,中國國民黨,0,無黨籍及未經政黨推薦,0,中國國民黨,0,中國國民黨,0,民主進步黨,0,無黨籍及未經政黨推薦,0,民主進步黨,0,無黨籍及未經政黨推薦,0,無黨籍及未經政黨推薦,0,中國國民黨,0,中國國民黨,172,民主進步黨,0,中國國民黨,0,中國國民黨,0,民主進步黨,0,民主進步黨,0,無黨籍及未經政黨推薦,0,中國國民黨,0,無黨籍及未經政黨推薦,0,無黨籍及未經政黨推薦,0,中國國民黨,0,民主進步黨,0,中國國民黨,0,無黨籍及未經政黨推薦,0,無黨籍及未經政黨推薦,0,無黨籍及未經政黨推薦,0,民主進步黨,0,無黨籍及未經政黨推薦,0,無黨籍及未經政黨推薦,0,民主進步黨,0,中國國民黨,0,無黨籍及未經政黨推薦,0,無黨籍及未經政黨推薦,0,無黨籍及未經政黨推薦,0,無黨籍及未經政黨推薦,0,民主進步黨,0,中國國民黨,0,中國國民黨,0,無黨籍及未經政黨推薦,0,民主進步黨,0,無黨籍及未經政黨推薦,10792,348,11140,0,11140,3804,14944,74.54
福隆里,0094,0,民主進步黨,0,中國國民黨,2090,中國國民黨,0,民主進步黨,0,民主進步黨,0,中國國民黨,0,中國國民黨,0,中國國民黨,0,中國國民黨,0,無黨籍及未經政黨推薦,0,中國國民黨,0,無黨籍及未經政黨推薦,0,民主進步黨,0,民主進步黨,178,民主進步黨,0,中國國民黨,0,民主進步黨,0,民主進步黨,0,民主進步黨,0,中國國民黨,0,民主進步黨,0,無黨籍及未經政黨推薦,0,無黨籍及未經政黨推薦,0,無黨籍及未經政黨推薦,0,中國國民黨,0,民主進步黨,2924,中國國民黨,0,中國國民黨,0,無黨籍及未經政黨推薦,0,中國國民黨,0,中國國民黨,0,民主進步黨,0,無黨籍及未經政黨推薦,0,民主進步黨,0,無黨籍及未經政黨推薦,0,無黨籍及未經政黨推薦,0,中國國民黨,0,中國國民黨,94,民主進步黨,0,中國國民黨,0,中國國民黨,0,民主進步黨,0,民主進步黨,0,無黨籍及未經政黨推薦,0,中國國民黨,0,無黨籍及未經政黨推薦,0,無黨籍及未經政黨推薦,0,中國國民黨,0,民主進步黨,0,中國國民黨,0,無黨籍及未經政黨推薦,0,無黨籍及未經政黨推薦,0,無黨籍及未經政黨推薦,0,民主進步黨,0,無黨籍及未經政黨推薦,0,無黨籍及未經政黨推薦,0,民主進步黨,0,中國國民黨,0,無黨籍及未經政黨推薦,0,無黨籍及未經政黨推薦,0,無黨籍及未經政黨推薦,0,無黨籍及未經政黨推薦,0,民主進步黨,0,中國國民黨,0,中國國民黨,0,無黨籍及未經政黨推薦,0,民主進步黨,0,無黨籍及未經政黨推薦,5286,218,5504,0,5504,1992,7496,73.43
五常里,0095,0,民主進步黨,0,中國國民黨,3204,中國國民黨,0,民主進步黨,0,民主進步黨,0,中國國民黨,0,中國國民黨,0,中國國民黨,0,中國國民黨,0,無黨籍及未經政黨推薦,0,中國國民黨,0,無黨籍及未經政黨推薦,0,民主進步黨,0,民主進步黨,192,民主進步黨,0,中國國民黨,0,民主進步黨,0,民主進步黨,0,民主進步黨,0,中國國民黨,0,民主進步黨,0,無黨籍及未經政黨推薦,0,無黨籍及未經政黨推薦,0,無黨籍及未經政黨推薦,0,中國國民黨,0,民主進步黨,4356,中國國民黨,0,中國國民黨,0,無黨籍及未經政黨推薦,0,中國國民黨,0,中國國民黨,0,民主進步黨,0,無黨籍及未經政黨推薦,0,民主進步黨,0,無黨籍及未經政黨推薦,0,無黨籍及未經政黨推薦,0,中國國民黨,0,中國國民黨,132,民主進步黨,0,中國國民黨,0,中國國民黨,0,民主進步黨,0,民主進步黨,0,無黨籍及未經政黨推薦,0,中國國民黨,0,無黨籍及未經政黨推薦,0,無黨籍及未經政黨推薦,0,中國國民黨,0,民主進步黨,0,中國國民黨,0,無黨籍及未經政黨推薦,0,無黨籍及未經政黨推薦,0,無黨籍及未經政黨推薦,0,民主進步黨,0,無黨籍及未經政黨推薦,0,無黨籍及未經政黨推薦,0,民主進步黨,0,中國國民黨,0,無黨籍及未經政黨推薦,0,無黨籍及未經政黨推薦,0,無黨籍及未經政黨推薦,0,無黨籍及未經政黨推薦,0,民主進步黨,0,中國國民黨,0,中國國民黨,0,無黨籍及未經政黨推薦,0,民主進步黨,0,無黨籍及未經政黨推薦,7884,322,8206,0,8206,2622,10828,75.79
仁忠里,0097,0,民主進步黨,0,中國國民黨,1504,中國國民黨,0,民主進步黨,0,民主進步黨,0,中國國民黨,0,中國國民黨,0,中國國民黨,0,中國國民黨,0,無黨籍及未經政黨推薦,0,中國國民黨,0,無黨籍及未經政黨推薦,0,民主進步黨,0,民主進步黨,98,民主進步黨,0,中國國民黨,0,民主進步黨,0,民主進步黨,0,民主進步黨,0,中國國民黨,0,民主進步黨,0,無黨籍及未經政黨推薦,0,無黨籍及未經政黨推薦,0,無黨籍及未經政黨推薦,0,中國國民黨,0,民主進步黨,1876,中國國民黨,0,中國國民黨,0,無黨籍及未經政黨推薦,0,中國國民黨,0,中國國民黨,0,民主進步黨,0,無黨籍及未經政黨推薦,0,民主進步黨,0,無黨籍及未經政黨推薦,0,無黨籍及未經政黨推薦,0,中國國民黨,0,中國國民黨,68,民主進步黨,0,中國國民黨,0,中國國民黨,0,民主進步黨,0,民主進步黨,0,無黨籍及未經政黨推薦,0,中國國民黨,0,無黨籍及未經政黨推薦,0,無黨籍及未經政黨推薦,0,中國國民黨,0,民主進步黨,0,中國國民黨,0,無黨籍及未經政黨推薦,0,無黨籍及未經政黨推薦,0,無黨籍及未經政黨推薦,0,民主進步黨,0,無黨籍及未經政黨推薦,0,無黨籍及未經政黨推薦,0,民主進步黨,0,中國國民黨,0,無黨籍及未經政黨推薦,0,無黨籍及未經政黨推薦,0,無黨籍及未經政黨推薦,0,無黨籍及未經政黨推薦,0,民主進步黨,0,中國國民黨,0,中國國民黨,0,無黨籍及未經政黨推薦,0,民主進步黨,0,無黨籍及未經政黨推薦,3546,118,3664,0,3664,1758,5422,67.58
五谷里,0109,0,民主進步黨,0,中國國民黨,1170,中國國民黨,0,民主進步黨,0,民主進步黨,0,中國國民黨,0,中國國民黨,0,中國國民黨,0,中國國民黨,0,無黨籍及未經政黨推薦,0,中國國民黨,0,無黨籍及未經政黨推薦,0,民主進步黨,0,民主進步黨,62,民主進步黨,0,中國國民黨,0,民主進步黨,0,民主進步黨,0,民主進步黨,0,中國國民黨,0,民主進步黨,0,無黨籍及未經政黨推薦,0,無黨籍及未經政黨推薦,0,無黨籍及未經政黨推薦,0,中國國民黨,0,民主進步黨,1178,中國國民黨,0,中國國民黨,0,無黨籍及未經政黨推薦,0,中國國民黨,0,中國國民黨,0,民主進步黨,0,無黨籍及未經政黨推薦,0,民主進步黨,0,無黨籍及未經政黨推薦,0,無黨籍及未經政黨推薦,0,中國國民黨,0,中國國民黨,46,民主進步黨,0,中國國民黨,0,中國國民黨,0,民主進步黨,0,民主進步黨,0,無黨籍及未經政黨推薦,0,中國國民黨,0,無黨籍及未經政黨推薦,0,無黨籍及未經政黨推薦,0,中國國民黨,0,民主進步黨,0,中國國民黨,0,無黨籍及未經政黨推薦,0,無黨籍及未經政黨推薦,0,無黨籍及未經政黨推薦,0,民主進步黨,0,無黨籍及未經政黨推薦,0,無黨籍及未經政黨推薦,0,民主進步黨,0,中國國民黨,0,無黨籍及未經政黨推薦,0,無黨籍及未經政黨推薦,0,無黨籍及未經政黨推薦,0,無黨籍及未經政黨推薦,0,民主進步黨,0,中國國民黨,0,中國國民黨,0,無黨籍及未經政黨推薦,0,民主進步黨,0,無黨籍及未經政黨推薦,2456,68,2524,0,2524,798,3322,75.98
博愛里,0110,0,民主進步黨,0,中國國民黨,2802,中國國民黨,0,民主進步黨,0,民主進步黨,0,中國國民黨,0,中國國民黨,0,中國國民黨,0,中國國民黨,0,無黨籍及未經政黨推薦,0,中國國民黨,0,無黨籍及未經政黨推薦,0,民主進步黨,0,民主進步黨,74,民主進步黨,0,中國國民黨,0,民主進步黨,0,民主進步黨,0,民主進步黨,0,中國國民黨,0,民主進步黨,0,無黨籍及未經政黨推薦,0,無黨籍及未經政黨推薦,0,無黨籍及未經政黨推薦,0,中國國民黨,0,民主進步黨,2652,中國國民黨,0,中國國民黨,0,無黨籍及未經政黨推薦,0,中國國民黨,0,中國國民黨,0,民主進步黨,0,無黨籍及未經政黨推薦,0,民主進步黨,0,無黨籍及未經政黨推薦,0,無黨籍及未經政黨推薦,0,中國國民黨,0,中國國民黨,80,民主進步黨,0,中國國民黨,0,中國國民黨,0,民主進步黨,0,民主進步黨,0,無黨籍及未經政黨推薦,0,中國國民黨,0,無黨籍及未經政黨推薦,0,無黨籍及未經政黨推薦,0,中國國民黨,0,民主進步黨,0,中國國民黨,0,無黨籍及未經政黨推薦,0,無黨籍及未經政黨推薦,0,無黨籍及未經政黨推薦,0,民主進步黨,0,無黨籍及未經政黨推薦,0,無黨籍及未經政黨推薦,0,民主進步黨,0,中國國民黨,0,無黨籍及未經政黨推薦,0,無黨籍及未經政黨推薦,0,無黨籍及未經政黨推薦,0,無黨籍及未經政黨推薦,0,民主進步黨,0,中國國民黨,0,中國國民黨,0,無黨籍及未經政黨推薦,0,民主進步黨,0,無黨籍及未經政黨推薦,5608,130,5738,0,5738,2032,7770,73.85
福德里,0111,0,民主進步黨,0,中國國民黨,2160,中國國民黨,0,民主進步黨,0,民主進步黨,0,中國國民黨,0,中國國民黨,0,中國國民黨,0,中國國民黨,0,無黨籍及未經政黨推薦,0,中國國民黨,0,無黨籍及未經政黨推薦,0,民主進步黨,0,民主進步黨,196,民主進步黨,0,中國國民黨,0,民主進步黨,0,民主進步黨,0,民主進步黨,0,中國國民黨,0,民主進步黨,0,無黨籍及未經政黨推薦,0,無黨籍及未經政黨推薦,0,無黨籍及未經政黨推薦,0,中國國民黨,0,民主進步黨,2474,中國國民黨,0,中國國民黨,0,無黨籍及未經政黨推薦,0,中國國民黨,0,中國國民黨,0,民主進步黨,0,無黨籍及未經政黨推薦,0,民主進步黨,0,無黨籍及未經政黨推薦,0,無黨籍及未經政黨推薦,0,中國國民黨,0,中國國民黨,58,民主進步黨,0,中國國民黨,0,中國國民黨,0,民主進步黨,0,民主進步黨,0,無黨籍及未經政黨推薦,0,中國國民黨,0,無黨籍及未經政黨推薦,0,無黨籍及未經政黨推薦,0,中國國民黨,0,民主進步黨,0,中國國民黨,0,無黨籍及未經政黨推薦,0,無黨籍及未經政黨推薦,0,無黨籍及未經政黨推薦,0,民主進步黨,0,無黨籍及未經政黨推薦,0,無黨籍及未經政黨推薦,0,民主進步黨,0,中國國民黨,0,無黨籍及未經政黨推薦,0,無黨籍及未經政黨推薦,0,無黨籍及未經政黨推薦,0,無黨籍及未經政黨推薦,0,民主進步黨,0,中國國民黨,0,中國國民黨,0,無黨籍及未經政黨推薦,0,民主進步黨,0,無黨籍及未經政黨推薦,4888,182,5070,0,5070,1980,7050,71.91
永吉里,0112,0,民主進步黨,0,中國國民黨,1356,中國國民黨,0,民主進步黨,0,民主進步黨,0,中國國民黨,0,中國國民黨,0,中國國民黨,0,中國國民黨,0,無黨籍及未經政黨推薦,0,中國國民黨,0,無黨籍及未經政黨推薦,0,民主進步黨,0,民主進步黨,82,民主進步黨,0,中國國民黨,0,民主進步黨,0,民主進步黨,0,民主進步黨,0,中國國民黨,0,民主進步黨,0,無黨籍及未經政黨推薦,0,無黨籍及未經政黨推薦,0,無黨籍及未經政黨推薦,0,中國國民黨,0,民主進步黨,1888,中國國民黨,0,中國國民黨,0,無黨籍及未經政黨推薦,0,中國國民黨,0,中國國民黨,0,民主進步黨,0,無黨籍及未經政黨推薦,0,民主進步黨,0,無黨籍及未經政黨推薦,0,無黨籍及未經政黨推薦,0,中國國民黨,0,中國國民黨,64,民主進步黨,0,中國國民黨,0,中國國民黨,0,民主進步黨,0,民主進步黨,0,無黨籍及未經政黨推薦,0,中國國民黨,0,無黨籍及未經政黨推薦,0,無黨籍及未經政黨推薦,0,中國國民黨,0,民主進步黨,0,中國國民黨,0,無黨籍及未經政黨推薦,0,無黨籍及未經政黨推薦,0,無黨籍及未經政黨推薦,0,民主進步黨,0,無黨籍及未經政黨推薦,0,無黨籍及未經政黨推薦,0,民主進步黨,0,中國國民黨,0,無黨籍及未經政黨推薦,0,無黨籍及未經政黨推薦,0,無黨籍及未經政黨推薦,0,無黨籍及未經政黨推薦,0,民主進步黨,0,中國國民黨,0,中國國民黨,0,無黨籍及未經政黨推薦,0,民主進步黨,0,無黨籍及未經政黨推薦,3390,128,3518,0,3518,1258,4776,73.66
永發里,0113,0,民主進步黨,0,中國國民黨,2700,中國國民黨,0,民主進步黨,0,民主進步黨,0,中國國民黨,0,中國國民黨,0,中國國民黨,0,中國國民黨,0,無黨籍及未經政黨推薦,0,中國國民黨,0,無黨籍及未經政黨推薦,0,民主進步黨,0,民主進步黨,172,民主進步黨,0,中國國民黨,0,民主進步黨,0,民主進步黨,0,民主進步黨,0,中國國民黨,0,民主進步黨,0,無黨籍及未經政黨推薦,0,無黨籍及未經政黨推薦,0,無黨籍及未經政黨推薦,0,中國國民黨,0,民主進步黨,4230,中國國民黨,0,中國國民黨,0,無黨籍及未經政黨推薦,0,中國國民黨,0,中國國民黨,0,民主進步黨,0,無黨籍及未經政黨推薦,0,民主進步黨,0,無黨籍及未經政黨推薦,0,無黨籍及未經政黨推薦,0,中國國民黨,0,中國國民黨,132,民主進步黨,0,中國國民黨,0,中國國民黨,0,民主進步黨,0,民主進步黨,0,無黨籍及未經政黨推薦,0,中國國民黨,0,無黨籍及未經政黨推薦,0,無黨籍及未經政黨推薦,0,中國國民黨,0,民主進步黨,0,中國國民黨,0,無黨籍及未經政黨推薦,0,無黨籍及未經政黨推薦,0,無黨籍及未經政黨推薦,0,民主進步黨,0,無黨籍及未經政黨推薦,0,無黨籍及未經政黨推薦,0,民主進步黨,0,中國國民黨,0,無黨籍及未經政黨推薦,0,無黨籍及未經政黨推薦,0,無黨籍及未經政黨推薦,0,無黨籍及未經政黨推薦,0,民主進步黨,0,中國國民黨,0,中國國民黨,0,無黨籍及未經政黨推薦,0,民主進步黨,0,無黨籍及未經政黨推薦,7234,244,7478,0,7478,2210,9688,77.19
永豐里,0115,0,民主進步黨,0,中國國民黨,2690,中國國民黨,0,民主進步黨,0,民主進步黨,0,中國國民黨,0,中國國民黨,0,中國國民黨,0,中國國民黨,0,無黨籍及未經政黨推薦,0,中國國民黨,0,無黨籍及未經政黨推薦,0,民主進步黨,0,民主進步黨,182,民主進步黨,0,中國國民黨,0,民主進步黨,0,民主進步黨,0,民主進步黨,0,中國國民黨,0,民主進步黨,0,無黨籍及未經政黨推薦,0,無黨籍及未經政黨推薦,0,無黨籍及未經政黨推薦,0,中國國民黨,0,民主進步黨,3772,中國國民黨,0,中國國民黨,0,無黨籍及未經政黨推薦,0,中國國民黨,0,中國國民黨,0,民主進步黨,0,無黨籍及未經政黨推薦,0,民主進步黨,0,無黨籍及未經政黨推薦,0,無黨籍及未經政黨推薦,0,中國國民黨,0,中國國民黨,118,民主進步黨,0,中國國民黨,0,中國國民黨,0,民主進步黨,0,民主進步黨,0,無黨籍及未經政黨推薦,0,中國國民黨,0,無黨籍及未經政黨推薦,0,無黨籍及未經政黨推薦,0,中國國民黨,0,民主進步黨,0,中國國民黨,0,無黨籍及未經政黨推薦,0,無黨籍及未經政黨推薦,0,無黨籍及未經政黨推薦,0,民主進步黨,0,無黨籍及未經政黨推薦,0,無黨籍及未經政黨推薦,0,民主進步黨,0,中國國民黨,0,無黨籍及未經政黨推薦,0,無黨籍及未經政黨推薦,0,無黨籍及未經政黨推薦,0,無黨籍及未經政黨推薦,0,民主進步黨,0,中國國民黨,0,中國國民黨,0,無黨籍及未經政黨推薦,0,民主進步黨,0,無黨籍及未經政黨推薦,6762,258,7020,0,7020,2574,9594,73.17
立德里,0116,0,民主進步黨,0,中國國民黨,1660,中國國民黨,0,民主進步黨,0,民主進步黨,0,中國國民黨,0,中國國民黨,0,中國國民黨,0,中國國民黨,0,無黨籍及未經政黨推薦,0,中國國民黨,0,無黨籍及未經政黨推薦,0,民主進步黨,0,民主進步黨,98,民主進步黨,0,中國國民黨,0,民主進步黨,0,民主進步黨,0,民主進步黨,0,中國國民黨,0,民主進步黨,0,無黨籍及未經政黨推薦,0,無黨籍及未經政黨推薦,0,無黨籍及未經政黨推薦,0,中國國民黨,0,民主進步黨,2438,中國國民黨,0,中國國民黨,0,無黨籍及未經政黨推薦,0,中國國民黨,0,中國國民黨,0,民主進步黨,0,無黨籍及未經政黨推薦,0,民主進步黨,0,無黨籍及未經政黨推薦,0,無黨籍及未經政黨推薦,0,中國國民黨,0,中國國民黨,40,民主進步黨,0,中國國民黨,0,中國國民黨,0,民主進步黨,0,民主進步黨,0,無黨籍及未經政黨推薦,0,中國國民黨,0,無黨籍及未經政黨推薦,0,無黨籍及未經政黨推薦,0,中國國民黨,0,民主進步黨,0,中國國民黨,0,無黨籍及未經政黨推薦,0,無黨籍及未經政黨推薦,0,無黨籍及未經政黨推薦,0,民主進步黨,0,無黨籍及未經政黨推薦,0,無黨籍及未經政黨推薦,0,民主進步黨,0,中國國民黨,0,無黨籍及未經政黨推薦,0,無黨籍及未經政黨推薦,0,無黨籍及未經政黨推薦,0,無黨籍及未經政黨推薦,0,民主進步黨,0,中國國民黨,0,中國國民黨,0,無黨籍及未經政黨推薦,0,民主進步黨,0,無黨籍及未經政黨推薦,4236,132,4368,0,4368,1396,5764,75.78
福樂里,0117,0,民主進步黨,0,中國國民黨,1700,中國國民黨,0,民主進步黨,0,民主進步黨,0,中國國民黨,0,中國國民黨,0,中國國民黨,0,中國國民黨,0,無黨籍及未經政黨推薦,0,中國國民黨,0,無黨籍及未經政黨推薦,0,民主進步黨,0,民主進步黨,122,民主進步黨,0,中國國民黨,0,民主進步黨,0,民主進步黨,0,民主進步黨,0,中國國民黨,0,民主進步黨,0,無黨籍及未經政黨推薦,0,無黨籍及未經政黨推薦,0,無黨籍及未經政黨推薦,0,中國國民黨,0,民主進步黨,2520,中國國民黨,0,中國國民黨,0,無黨籍及未經政黨推薦,0,中國國民黨,0,中國國民黨,0,民主進步黨,0,無黨籍及未經政黨推薦,0,民主進步黨,0,無黨籍及未經政黨推薦,0,無黨籍及未經政黨推薦,0,中國國民黨,0,中國國民黨,70,民主進步黨,0,中國國民黨,0,中國國民黨,0,民主進步黨,0,民主進步黨,0,無黨籍及未經政黨推薦,0,中國國民黨,0,無黨籍及未經政黨推薦,0,無黨籍及未經政黨推薦,0,中國國民黨,0,民主進步黨,0,中國國民黨,0,無黨籍及未經政黨推薦,0,無黨籍及未經政黨推薦,0,無黨籍及未經政黨推薦,0,民主進步黨,0,無黨籍及未經政黨推薦,0,無黨籍及未經政黨推薦,0,民主進步黨,0,中國國民黨,0,無黨籍及未經政黨推薦,0,無黨籍及未經政黨推薦,0,無黨籍及未經政黨推薦,0,無黨籍及未經政黨推薦,0,民主進步黨,0,中國國民黨,0,中國國民黨,0,無黨籍及未經政黨推薦,0,民主進步黨,0,無黨籍及未經政黨推薦,4412,164,4576,0,4576,1846,6422,71.26
五順里,0119,0,民主進步黨,0,中國國民黨,1750,中國國民黨,0,民主進步黨,0,民主進步黨,0,中國國民黨,0,中國國民黨,0,中國國民黨,0,中國國民黨,0,無黨籍及未經政黨推薦,0,中國國民黨,0,無黨籍及未經政黨推薦,0,民主進步黨,0,民主進步黨,98,民主進步黨,0,中國國民黨,0,民主進步黨,0,民主進步黨,0,民主進步黨,0,中國國民黨,0,民主進步黨,0,無黨籍及未經政黨推薦,0,無黨籍及未經政黨推薦,0,無黨籍及未經政黨推薦,0,中國國民黨,0,民主進步黨,2552,中國國民黨,0,中國國民黨,0,無黨籍及未經政黨推薦,0,中國國民黨,0,中國國民黨,0,民主進步黨,0,無黨籍及未經政黨推薦,0,民主進步黨,0,無黨籍及未經政黨推薦,0,無黨籍及未經政黨推薦,0,中國國民黨,0,中國國民黨,90,民主進步黨,0,中國國民黨,0,中國國民黨,0,民主進步黨,0,民主進步黨,0,無黨籍及未經政黨推薦,0,中國國民黨,0,無黨籍及未經政黨推薦,0,無黨籍及未經政黨推薦,0,中國國民黨,0,民主進步黨,0,中國國民黨,0,無黨籍及未經政黨推薦,0,無黨籍及未經政黨推薦,0,無黨籍及未經政黨推薦,0,民主進步黨,0,無黨籍及未經政黨推薦,0,無黨籍及未經政黨推薦,0,民主進步黨,0,中國國民黨,0,無黨籍及未經政黨推薦,0,無黨籍及未經政黨推薦,0,無黨籍及未經政黨推薦,0,無黨籍及未經政黨推薦,0,民主進步黨,0,中國國民黨,0,中國國民黨,0,無黨籍及未經政黨推薦,0,民主進步黨,0,無黨籍及未經政黨推薦,4490,184,4674,0,4674,2054,6728,69.47
