村里別,投開票所別,陳俊宇,陳俊宇_黨籍,顏寬恒,顏寬恒_黨籍,蔡明堂,蔡明堂_黨籍,林岱樺,林岱樺_黨籍,蘇巧慧,蘇巧慧_黨籍,羅廷瑋,羅廷瑋_黨籍,林家興,林家興_黨籍,江啟臣,江啟臣_黨籍,林德福,林德福_黨籍,孟藹倫,孟藹倫_黨籍,羅明才,羅明才_黨籍,黃瑞傳,黃瑞傳_黨籍,鍾佳濱,鍾佳濱_黨籍,邱志偉,邱志偉_黨籍,陳亭妃,陳亭妃_黨籍,廖偉翔,廖偉翔_黨籍,林俊憲,林俊憲_黨籍,黃捷,黃捷_黨籍,何欣純,何欣純_黨籍,賴士葆,賴士葆_黨籍,莊銘淵,莊銘淵_黨籍,袁興,袁興_黨籍,鄭添泉,鄭添泉_黨籍,楊木火,楊木火_黨籍,牛煦庭,牛煦庭_黨籍,王世堅,王世堅_黨籍,楊瓊瓔,楊瓊瓔_黨籍,萬美玲,萬美玲_黨籍,賴香伶,賴香伶_黨籍,陳美雅,陳美雅_黨籍,鍾易仲,鍾易仲_黨籍,賴瑞隆,賴瑞隆_黨籍,陳愷寧,陳愷寧_黨籍,吳琪銘,吳琪銘_黨籍,魏趨安,魏趨安_黨籍,李佳蒨,李佳蒨_黨籍,洪孟楷,洪孟楷_黨籍,涂權吉,涂權吉_黨籍,李柏毅,李柏毅_黨籍,蔣欣璋,蔣欣璋_黨籍,黃健豪,黃健豪_黨籍,江肇國,江肇國_黨籍,許智傑,許智傑_黨籍,賴宣任,賴宣任_黨籍,林金結,林金結_黨籍,張家榛,張家榛_黨籍,陳長志,陳長志_黨籍,林沛祥,林沛祥_黨籍,陳冠廷,陳冠廷_黨籍,王鴻薇,王鴻薇_黨籍,林秋彤,林秋彤_黨籍,于美人,于美人_黨籍,黃千庭,黃千庭_黨籍,許淑華,許淑華_黨籍,夏萬浪,夏萬浪_黨籍,陳聖,陳聖_黨籍,賴品妤,賴品妤_黨籍,有效票數A,無效票數B,投票數C,已領未投票數D,發出票數E,用餘票數F,選舉人數G,投票率H
南港里,0001,0,民主進步黨,0,中國國民黨,0,中國國民黨,3318,民主進步黨,0,民主進步黨,0,中國國民黨,0,中國國民黨,0,中國國民黨,0,中國國民黨,0,無黨籍及未經政黨推薦,0,中國國民黨,0,無黨籍及未經政黨推薦,0,民主進步黨,0,民主進步黨,0,民主進步黨,814,中國國民黨,0,民主進步黨,0,民主進步黨,0,民主進步黨,0,中國國民黨,0,民主進步黨,0,無黨籍及未經政黨推薦,0,無黨籍及未經政黨推薦,0,無黨籍及未經政黨推薦,0,中國國民黨,0,民主進步黨,0,中國國民黨,2836,中國國民黨,0,無黨籍及未經政黨推薦,0,中國國民黨,0,中國國民黨,0,民主進步黨,0,無黨籍及未經政黨推薦,0,民主進步黨,0,無黨籍及未經政黨推薦,0,無黨籍及未經政黨推薦,0,中國國民黨,0,中國國民黨,0,民主進步黨,8,中國國民黨,0,中國國民黨,0,民主進步黨,0,民主進步黨,0,無黨籍及未經政黨推薦,0,中國國民黨,0,無黨籍及未經政黨推薦,0,無黨籍及未經政黨推薦,0,中國國民黨,0,民主進步黨,0,中國國民黨,68,無黨籍及未經政黨推薦,0,無黨籍及未經政黨推薦,0,無黨籍及未經政黨推薦,0,民主進步黨,0,無黨籍及未經政黨推薦,0,無黨籍及未經政黨推薦,0,民主進步黨,7044,104,7148,0,7148,3422,10570,67.63
中南里,0002,0,民主進步黨,0,中國國民黨,0,中國國民黨,1854,民主進步黨,0,民主進步黨,0,中國國民黨,0,中國國民黨,0,中國國民黨,0,中國國民黨,0,無黨籍及未經政黨推薦,0,中國國民黨,0,無黨籍及未經政黨推薦,0,民主進步黨,0,民主進步黨,0,民主進步黨,450,中國國民黨,0,民主進步黨,0,民主進步黨,0,民主進步黨,0,中國國民黨,0,民主進步黨,0,無黨籍及未經政黨推薦,0,無黨籍及未經政黨推薦,0,無黨籍及未經政黨推薦,0,中國國民黨,0,民主進步黨,0,中國國民黨,1814,中國國民黨,0,無黨籍及未經政黨推薦,0,中國國民黨,0,中國國民黨,0,民主進步黨,0,無黨籍及未經政黨推薦,0,民主進步黨,0,無黨籍及未經政黨推薦,0,無黨籍及未經政黨推薦,0,中國國民黨,0,中國國民黨,0,民主進步黨,14,中國國民黨,0,中國國民黨,0,民主進步黨,0,民主進步黨,0,無黨籍及未經政黨推薦,0,中國國民黨,0,無黨籍及未經政黨推薦,0,無黨籍及未經政黨推薦,0,中國國民黨,0,民主進步黨,0,中國國民黨,24,無黨籍及未經政黨推薦,0,無黨籍及未經政黨推薦,0,無黨籍及未經政黨推薦,0,民主進步黨,0,無黨籍及未經政黨推薦,0,無黨籍及未經政黨推薦,0,民主進步黨,4156,74,4230,0,4230,1522,5752,73.54
新富里,0003,0,民主進步黨,0,中國國民黨,0,中國國民黨,2124,民主進步黨,0,民主進步黨,0,中國國民黨,0,中國國民黨,0,中國國民黨,0,中國國民黨,0,無黨籍及未經政黨推薦,0,中國國民黨,0,無黨籍及未經政黨推薦,0,民主進步黨,0,民主進步黨,0,民主進步黨,506,中國國民黨,0,民主進步黨,0,民主進步黨,0,民主進步黨,0,中國國民黨,0,民主進步黨,0,無黨籍及未經政黨推薦,0,無黨籍及未經政黨推薦,0,無黨籍及未經政黨推薦,0,中國國民黨,0,民主進步黨,0,中國國民黨,1966,中國國民黨,0,無黨籍及未經政黨推薦,0,中國國民黨,0,中國國民黨,0,民主進步黨,0,無黨籍及未經政黨推薦,0,民主進步黨,0,無黨籍及未經政黨推薦,0,無黨籍及未經政黨推薦,0,中國國民黨,0,中國國民黨,0,民主進步黨,4,中國國民黨,0,中國國民黨,0,民主進步黨,0,民主進步黨,0,無黨籍及未經政黨推薦,0,中國國民黨,0,無黨籍及未經政黨推薦,0,無黨籍及未經政黨推薦,0,中國國民黨,0,民主進步黨,0,中國國民黨,44,無黨籍及未經政黨推薦,0,無黨籍及未經政黨推薦,0,無黨籍及未經政黨推薦,0,民主進步黨,0,無黨籍及未經政黨推薦,0,無黨籍及未經政黨推薦,0,民主進步黨,4644,80,4724,0,4724,1524,6248,75.61
三重里,0004,0,民主進步黨,0,中國國民黨,0,中國國民黨,4330,民主進步黨,0,民主進步黨,0,中國國民黨,0,中國國民黨,0,中國國民黨,0,中國國民黨,0,無黨籍及未經政黨推薦,0,中國國民黨,0,無黨籍及未經政黨推薦,0,民主進步黨,0,民主進步黨,0,民主進步黨,996,中國國民黨,0,民主進步黨,0,民主進步黨,0,民主進步黨,0,中國國民黨,0,民主進步黨,0,無黨籍及未經政黨推薦,0,無黨籍及未經政黨推薦,0,無黨籍及未經政黨推薦,0,中國國民黨,0,民主進步黨,0,中國國民黨,3620,中國國民黨,0,無黨籍及未經政黨推薦,0,中國國民黨,0,中國國民黨,0,民主進步黨,0,無黨籍及未經政黨推薦,0,民主進步黨,0,無黨籍及未經政黨推薦,0,無黨籍及未經政黨推薦,0,中國國民黨,0,中國國民黨,0,民主進步黨,18,中國國民黨,0,中國國民黨,0,民主進步黨,0,民主進步黨,0,無黨籍及未經政黨推薦,0,中國國民黨,0,無黨籍及未經政黨推薦,0,無黨籍及未經政黨推薦,0,中國國民黨,0,民主進步黨,0,中國國民黨,82,無黨籍及未經政黨推薦,0,無黨籍及未經政黨推薦,0,無黨籍及未經政黨推薦,0,民主進步黨,0,無黨籍及未經政黨推薦,0,無黨籍及未經政黨推薦,0,民主進步黨,9046,150,9196,0,9196,3224,12420,74.04
東新里,0005,0,民主進步黨,0,中國國民黨,0,中國國民黨,3942,民主進步黨,0,民主進步黨,0,中國國民黨,0,中國國民黨,0,中國國民黨,0,中國國民黨,0,無黨籍及未經政黨推薦,0,中國國民黨,0,無黨籍及未經政黨推薦,0,民主進步黨,0,民主進步黨,0,民主進步黨,838,中國國民黨,0,民主進步黨,0,民主進步黨,0,民主進步黨,0,中國國民黨,0,民主進步黨,0,無黨籍及未經政黨推薦,0,無黨籍及未經政黨推薦,0,無黨籍及未經政黨推薦,0,中國國民黨,0,民主進步黨,0,中國國民黨,3346,中國國民黨,0,無黨籍及未經政黨推薦,0,中國國民黨,0,中國國民黨,0,民主進步黨,0,無黨籍及未經政黨推薦,0,民主進步黨,0,無黨籍及未經政黨推薦,0,無黨籍及未經政黨推薦,0,中國國民黨,0,中國國民黨,0,民主進步黨,2,中國國民黨,0,中國國民黨,0,民主進步黨,0,民主進步黨,0,無黨籍及未經政黨推薦,0,中國國民黨,0,無黨籍及未經政黨推薦,0,無黨籍及未經政黨推薦,0,中國國民黨,0,民主進步黨,0,中國國民黨,68,無黨籍及未經政黨推薦,0,無黨籍及未經政黨推薦,0,無黨籍及未經政黨推薦,0,民主進步黨,0,無黨籍及未經政黨推薦,0,無黨籍及未經政黨推薦,0,民主進步黨,8196,112,8308,0,8308,2786,11094,74.89
新光里,0006,0,民主進步黨,0,中國國民黨,0,中國國民黨,2330,民主進步黨,0,民主進步黨,0,中國國民黨,0,中國國民黨,0,中國國民黨,0,中國國民黨,0,無黨籍及未經政黨推薦,0,中國國民黨,0,無黨籍及未經政黨推薦,0,民主進步黨,0,民主進步黨,0,民主進步黨,464,中國國民黨,0,民主進步黨,0,民主進步黨,0,民主進步黨,0,中國國民黨,0,民主進步黨,0,無黨籍及未經政黨推薦,0,無黨籍及未經政黨推薦,0,無黨籍及未經政黨推薦,0,中國國民黨,0,民主進步黨,0,中國國民黨,1680,中國國民黨,0,無黨籍及未經政黨推薦,0,中國國民黨,0,中國國民黨,0,民主進步黨,0,無黨籍及未經政黨推薦,0,民主進步黨,0,無黨籍及未經政黨推薦,0,無黨籍及未經政黨推薦,0,中國國民黨,0,中國國民黨,0,民主進步黨,6,中國國民黨,0,中國國民黨,0,民主進步黨,0,民主進步黨,0,無黨籍及未經政黨推薦,0,中國國民黨,0,無黨籍及未經政黨推薦,0,無黨籍及未經政黨推薦,0,中國國民黨,0,民主進步黨,0,中國國民黨,52,無黨籍及未經政黨推薦,0,無黨籍及未經政黨推薦,0,無黨籍及未經政黨推薦,0,民主進步黨,0,無黨籍及未經政黨推薦,0,無黨籍及未經政黨推薦,0,民主進步黨,4532,68,4600,0,4600,1548,6148,74.82
東明里,0007,0,民主進步黨,0,中國國民黨,0,中國國民黨,3368,民主進步黨,0,民主進步黨,0,中國國民黨,0,中國國民黨,0,中國國民黨,0,中國國民黨,0,無黨籍及未經政黨推薦,0,中國國民黨,0,無黨籍及未經政黨推薦,0,民主進步黨,0,民主進步黨,0,民主進步黨,726,中國國民黨,0,民主進步黨,0,民主進步黨,0,民主進步黨,0,中國國民黨,0,民主進步黨,0,無黨籍及未經政黨推薦,0,無黨籍及未經政黨推薦,0,無黨籍及未經政黨推薦,0,中國國民黨,0,民主進步黨,0,中國國民黨,2562,中國國民黨,0,無黨籍及未經政黨推薦,0,中國國民黨,0,中國國民黨,0,民主進步黨,0,無黨籍及未經政黨推薦,0,民主進步黨,0,無黨籍及未經政黨推薦,0,無黨籍及未經政黨推薦,0,中國國民黨,0,中國國民黨,0,民主進步黨,24,中國國民黨,0,中國國民黨,0,民主進步黨,0,民主進步黨,0,無黨籍及未經政黨推薦,0,中國國民黨,0,無黨籍及未經政黨推薦,0,無黨籍及未經政黨推薦,0,中國國民黨,0,民主進步黨,0,中國國民黨,64,無黨籍及未經政黨推薦,0,無黨籍及未經政黨推薦,0,無黨籍及未經政黨推薦,0,民主進步黨,0,無黨籍及未經政黨推薦,0,無黨籍及未經政黨推薦,0,民主進步黨,6744,130,6874,0,6874,2232,9106,75.49
西新里,0008,0,民主進步黨,0,中國國民黨,0,中國國民黨,2192,民主進步黨,0,民主進步黨,0,中國國民黨,0,中國國民黨,0,中國國民黨,0,中國國民黨,0,無黨籍及未經政黨推薦,0,中國國民黨,0,無黨籍及未經政黨推薦,0,民主進步黨,0,民主進步黨,0,民主進步黨,626,中國國民黨,0,民主進步黨,0,民主進步黨,0,民主進步黨,0,中國國民黨,0,民主進步黨,0,無黨籍及未經政黨推薦,0,無黨籍及未經政黨推薦,0,無黨籍及未經政黨推薦,0,中國國民黨,0,民主進步黨,0,中國國民黨,2726,中國國民黨,0,無黨籍及未經政黨推薦,0,中國國民黨,0,中國國民黨,0,民主進步黨,0,無黨籍及未經政黨推薦,0,民主進步黨,0,無黨籍及未經政黨推薦,0,無黨籍及未經政黨推薦,0,中國國民黨,0,中國國民黨,0,民主進步黨,4,中國國民黨,0,中國國民黨,0,民主進步黨,0,民主進步黨,0,無黨籍及未經政黨推薦,0,中國國民黨,0,無黨籍及未經政黨推薦,0,無黨籍及未經政黨推薦,0,中國國民黨,0,民主進步黨,0,中國國民黨,40,無黨籍及未經政黨推薦,0,無黨籍及未經政黨推薦,0,無黨籍及未經政黨推薦,0,民主進步黨,0,無黨籍及未經政黨推薦,0,無黨籍及未經政黨推薦,0,民主進步黨,5588,96,5684,0,5684,1714,7398,76.83
玉成里,0009,0,民主進步黨,0,中國國民黨,0,中國國民黨,2598,民主進步黨,0,民主進步黨,0,中國國民黨,0,中國國民黨,0,中國國民黨,0,中國國民黨,0,無黨籍及未經政黨推薦,0,中國國民黨,0,無黨籍及未經政黨推薦,0,民主進步黨,0,民主進步黨,0,民主進步黨,626,中國國民黨,0,民主進步黨,0,民主進步黨,0,民主進步黨,0,中國國民黨,0,民主進步黨,0,無黨籍及未經政黨推薦,0,無黨籍及未經政黨推薦,0,無黨籍及未經政黨推薦,0,中國國民黨,0,民主進步黨,0,中國國民黨,2500,中國國民黨,0,無黨籍及未經政黨推薦,0,中國國民黨,0,中國國民黨,0,民主進步黨,0,無黨籍及未經政黨推薦,0,民主進步黨,0,無黨籍及未經政黨推薦,0,無黨籍及未經政黨推薦,0,中國國民黨,0,中國國民黨,0,民主進步黨,20,中國國民黨,0,中國國民黨,0,民主進步黨,0,民主進步黨,0,無黨籍及未經政黨推薦,0,中國國民黨,0,無黨籍及未經政黨推薦,0,無黨籍及未經政黨推薦,0,中國國民黨,0,民主進步黨,0,中國國民黨,48,無黨籍及未經政黨推薦,0,無黨籍及未經政黨推薦,0,無黨籍及未經政黨推薦,0,民主進步黨,0,無黨籍及未經政黨推薦,0,無黨籍及未經政黨推薦,0,民主進步黨,5792,90,5882,0,5882,1832,7714,76.25
合成里,0010,0,民主進步黨,0,中國國民黨,0,中國國民黨,3732,民主進步黨,0,民主進步黨,0,中國國民黨,0,中國國民黨,0,中國國民黨,0,中國國民黨,0,無黨籍及未經政黨推薦,0,中國國民黨,0,無黨籍及未經政黨推薦,0,民主進步黨,0,民主進步黨,0,民主進步黨,852,中國國民黨,0,民主進步黨,0,民主進步黨,0,民主進步黨,0,中國國民黨,0,民主進步黨,0,無黨籍及未經政黨推薦,0,無黨籍及未經政黨推薦,0,無黨籍及未經政黨推薦,0,中國國民黨,0,民主進步黨,0,中國國民黨,3256,中國國民黨,0,無黨籍及未經政黨推薦,0,中國國民黨,0,中國國民黨,0,民主進步黨,0,無黨籍及未經政黨推薦,0,民主進步黨,0,無黨籍及未經政黨推薦,0,無黨籍及未經政黨推薦,0,中國國民黨,0,中國國民黨,0,民主進步黨,90,中國國民黨,0,中國國民黨,0,民主進步黨,0,民主進步黨,0,無黨籍及未經政黨推薦,0,中國國民黨,0,無黨籍及未經政黨推薦,0,無黨籍及未經政黨推薦,0,中國國民黨,0,民主進步黨,0,中國國民黨,80,無黨籍及未經政黨推薦,0,無黨籍及未經政黨推薦,0,無黨籍及未經政黨推薦,0,民主進步黨,0,無黨籍及未經政黨推薦,0,無黨籍及未經政黨推薦,0,民主進步黨,8010,108,8118,0,8118,2716,10834,74.93
成福里,0011,0,民主進步黨,0,中國國民黨,0,中國國民黨,4926,民主進步黨,0,民主進步黨,0,中國國民黨,0,中國國民黨,0,中國國民黨,0,中國國民黨,0,無黨籍及未經政黨推薦,0,中國國民黨,0,無黨籍及未經政黨推薦,0,民主進步黨,0,民主進步黨,0,民主進步黨,822,中國國民黨,0,民主進步黨,0,民主進步黨,0,民主進步黨,0,中國國民黨,0,民主進步黨,0,無黨籍及未經政黨推薦,0,無黨籍及未經政黨推薦,0,無黨籍及未經政黨推薦,0,中國國民黨,0,民主進步黨,0,中國國民黨,3414,中國國民黨,0,無黨籍及未經政黨推薦,0,中國國民黨,0,中國國民黨,0,民主進步黨,0,無黨籍及未經政黨推薦,0,民主進步黨,0,無黨籍及未經政黨推薦,0,無黨籍及未經政黨推薦,0,中國國民黨,0,中國國民黨,0,民主進步黨,12,中國國民黨,0,中國國民黨,0,民主進步黨,0,民主進步黨,0,無黨籍及未經政黨推薦,0,中國國民黨,0,無黨籍及未經政黨推薦,0,無黨籍及未經政黨推薦,0,中國國民黨,0,民主進步黨,0,中國國民黨,112,無黨籍及未經政黨推薦,0,無黨籍及未經政黨推薦,0,無黨籍及未經政黨推薦,0,民主進步黨,0,無黨籍及未經政黨推薦,0,無黨籍及未經政黨推薦,0,民主進步黨,9286,142,9428,0,9428,2810,12238,77.04
萬福里,0012,0,民主進步黨,0,中國國民黨,0,中國國民黨,2924,民主進步黨,0,民主進步黨,0,中國國民黨,0,中國國民黨,0,中國國民黨,0,中國國民黨,0,無黨籍及未經政黨推薦,0,中國國民黨,0,無黨籍及未經政黨推薦,0,民主進步黨,0,民主進步黨,0,民主進步黨,484,中國國民黨,0,民主進步黨,0,民主進步黨,0,民主進步黨,0,中國國民黨,0,民主進步黨,0,無黨籍及未經政黨推薦,0,無黨籍及未經政黨推薦,0,無黨籍及未經政黨推薦,0,中國國民黨,0,民主進步黨,0,中國國民黨,2072,中國國民黨,0,無黨籍及未經政黨推薦,0,中國國民黨,0,中國國民黨,0,民主進步黨,0,無黨籍及未經政黨推薦,0,民主進步黨,0,無黨籍及未經政黨推薦,0,無黨籍及未經政黨推薦,0,中國國民黨,0,中國國民黨,0,民主進步黨,10,中國國民黨,0,中國國民黨,0,民主進步黨,0,民主進步黨,0,無黨籍及未經政黨推薦,0,中國國民黨,0,無黨籍及未經政黨推薦,0,無黨籍及未經政黨推薦,0,中國國民黨,0,民主進步黨,0,中國國民黨,54,無黨籍及未經政黨推薦,0,無黨籍及未經政黨推薦,0,無黨籍及未經政黨推薦,0,民主進步黨,0,無黨籍及未經政黨推薦,0,無黨籍及未經政黨推薦,0,民主進步黨,5544,76,5620,0,5620,1440,7060,79.6
鴻福里,0013,0,民主進步黨,0,中國國民黨,0,中國國民黨,2736,民主進步黨,0,民主進步黨,0,中國國民黨,0,中國國民黨,0,中國國民黨,0,中國國民黨,0,無黨籍及未經政黨推薦,0,中國國民黨,0,無黨籍及未經政黨推薦,0,民主進步黨,0,民主進步黨,0,民主進步黨,538,中國國民黨,0,民主進步黨,0,民主進步黨,0,民主進步黨,0,中國國民黨,0,民主進步黨,0,無黨籍及未經政黨推薦,0,無黨籍及未經政黨推薦,0,無黨籍及未經政黨推薦,0,中國國民黨,0,民主進步黨,0,中國國民黨,2246,中國國民黨,0,無黨籍及未經政黨推薦,0,中國國民黨,0,中國國民黨,0,民主進步黨,0,無黨籍及未經政黨推薦,0,民主進步黨,0,無黨籍及未經政黨推薦,0,無黨籍及未經政黨推薦,0,中國國民黨,0,中國國民黨,0,民主進步黨,6,中國國民黨,0,中國國民黨,0,民主進步黨,0,民主進步黨,0,無黨籍及未經政黨推薦,0,中國國民黨,0,無黨籍及未經政黨推薦,0,無黨籍及未經政黨推薦,0,中國國民黨,0,民主進步黨,0,中國國民黨,54,無黨籍及未經政黨推薦,0,無黨籍及未經政黨推薦,0,無黨籍及未經政黨推薦,0,民主進步黨,0,無黨籍及未經政黨推薦,0,無黨籍及未經政黨推薦,0,民主進步黨,5580,86,5666,0,5666,1748,7414,76.42
百福里,0014,0,民主進步黨,0,中國國民黨,0,中國國民黨,2982,民主進步黨,0,民主進步黨,0,中國國民黨,0,中國國民黨,0,中國國民黨,0,中國國民黨,0,無黨籍及未經政黨推薦,0,中國國民黨,0,無黨籍及未經政黨推薦,0,民主進步黨,0,民主進步黨,0,民主進步黨,684,中國國民黨,0,民主進步黨,0,民主進步黨,0,民主進步黨,0,中國國民黨,0,民主進步黨,0,無黨籍及未經政黨推薦,0,無黨籍及未經政黨推薦,0,無黨籍及未經政黨推薦,0,中國國民黨,0,民主進步黨,0,中國國民黨,2590,中國國民黨,0,無黨籍及未經政黨推薦,0,中國國民黨,0,中國國民黨,0,民主進步黨,0,無黨籍及未經政黨推薦,0,民主進步黨,0,無黨籍及未經政黨推薦,0,無黨籍及未經政黨推薦,0,中國國民黨,0,中國國民黨,0,民主進步黨,10,中國國民黨,0,中國國民黨,0,民主進步黨,0,民主進步黨,0,無黨籍及未經政黨推薦,0,中國國民黨,0,無黨籍及未經政黨推薦,0,無黨籍及未經政黨推薦,0,中國國民黨,0,民主進步黨,0,中國國民黨,46,無黨籍及未經政黨推薦,0,無黨籍及未經政黨推薦,0,無黨籍及未經政黨推薦,0,民主進步黨,0,無黨籍及未經政黨推薦,0,無黨籍及未經政黨推薦,0,民主進步黨,6312,140,6452,0,6452,2212,8664,74.47
聯成里,0015,0,民主進步黨,0,中國國民黨,0,中國國民黨,2904,民主進步黨,0,民主進步黨,0,中國國民黨,0,中國國民黨,0,中國國民黨,0,中國國民黨,0,無黨籍及未經政黨推薦,0,中國國民黨,0,無黨籍及未經政黨推薦,0,民主進步黨,0,民主進步黨,0,民主進步黨,574,中國國民黨,0,民主進步黨,0,民主進步黨,0,民主進步黨,0,中國國民黨,0,民主進步黨,0,無黨籍及未經政黨推薦,0,無黨籍及未經政黨推薦,0,無黨籍及未經政黨推薦,0,中國國民黨,0,民主進步黨,0,中國國民黨,2338,中國國民黨,0,無黨籍及未經政黨推薦,0,中國國民黨,0,中國國民黨,0,民主進步黨,0,無黨籍及未經政黨推薦,0,民主進步黨,0,無黨籍及未經政黨推薦,0,無黨籍及未經政黨推薦,0,中國國民黨,0,中國國民黨,0,民主進步黨,22,中國國民黨,0,中國國民黨,0,民主進步黨,0,民主進步黨,0,無黨籍及未經政黨推薦,0,中國國民黨,0,無黨籍及未經政黨推薦,0,無黨籍及未經政黨推薦,0,中國國民黨,0,民主進步黨,0,中國國民黨,64,無黨籍及未經政黨推薦,0,無黨籍及未經政黨推薦,0,無黨籍及未經政黨推薦,0,民主進步黨,0,無黨籍及未經政黨推薦,0,無黨籍及未經政黨推薦,0,民主進步黨,5902,82,5984,0,5984,1838,7822,76.5
舊莊里,0016,0,民主進步黨,0,中國國民黨,0,中國國民黨,5048,民主進步黨,0,民主進步黨,0,中國國民黨,0,中國國民黨,0,中國國民黨,0,中國國民黨,0,無黨籍及未經政黨推薦,0,中國國民黨,0,無黨籍及未經政黨推薦,0,民主進步黨,0,民主進步黨,0,民主進步黨,1028,中國國民黨,0,民主進步黨,0,民主進步黨,0,民主進步黨,0,中國國民黨,0,民主進步黨,0,無黨籍及未經政黨推薦,0,無黨籍及未經政黨推薦,0,無黨籍及未經政黨推薦,0,中國國民黨,0,民主進步黨,0,中國國民黨,4146,中國國民黨,0,無黨籍及未經政黨推薦,0,中國國民黨,0,中國國民黨,0,民主進步黨,0,無黨籍及未經政黨推薦,0,民主進步黨,0,無黨籍及未經政黨推薦,0,無黨籍及未經政黨推薦,0,中國國民黨,0,中國國民黨,0,民主進步黨,20,中國國民黨,0,中國國民黨,0,民主進步黨,0,民主進步黨,0,無黨籍及未經政黨推薦,0,中國國民黨,0,無黨籍及未經政黨推薦,0,無黨籍及未經政黨推薦,0,中國國民黨,0,民主進步黨,0,中國國民黨,80,無黨籍及未經政黨推薦,0,無黨籍及未經政黨推薦,0,無黨籍及未經政黨推薦,0,民主進步黨,0,無黨籍及未經政黨推薦,0,無黨籍及未經政黨推薦,0,民主進步黨,10322,178,10500,0,10500,4070,14570,72.07
中研里,0017,0,民主進步黨,0,中國國民黨,0,中國國民黨,5248,民主進步黨,0,民主進步黨,0,中國國民黨,0,中國國民黨,0,中國國民黨,0,中國國民黨,0,無黨籍及未經政黨推薦,0,中國國民黨,0,無黨籍及未經政黨推薦,0,民主進步黨,0,民主進步黨,0,民主進步黨,1164,中國國民黨,0,民主進步黨,0,民主進步黨,0,民主進步黨,0,中國國民黨,0,民主進步黨,0,無黨籍及未經政黨推薦,0,無黨籍及未經政黨推薦,0,無黨籍及未經政黨推薦,0,中國國民黨,0,民主進步黨,0,中國國民黨,4576,中國國民黨,0,無黨籍及未經政黨推薦,0,中國國民黨,0,中國國民黨,0,民主進步黨,0,無黨籍及未經政黨推薦,0,民主進步黨,0,無黨籍及未經政黨推薦,0,無黨籍及未經政黨推薦,0,中國國民黨,0,中國國民黨,0,民主進步黨,32,中國國民黨,0,中國國民黨,0,民主進步黨,0,民主進步黨,0,無黨籍及未經政黨推薦,0,中國國民黨,0,無黨籍及未經政黨推薦,0,無黨籍及未經政黨推薦,0,中國國民黨,0,民主進步黨,0,中國國民黨,96,無黨籍及未經政黨推薦,0,無黨籍及未經政黨推薦,0,無黨籍及未經政黨推薦,0,民主進步黨,0,無黨籍及未經政黨推薦,0,無黨籍及未經政黨推薦,0,民主進步黨,11116,190,11306,0,11306,3514,14820,76.29
九如里,0018,0,民主進步黨,0,中國國民黨,0,中國國民黨,4144,民主進步黨,0,民主進步黨,0,中國國民黨,0,中國國民黨,0,中國國民黨,0,中國國民黨,0,無黨籍及未經政黨推薦,0,中國國民黨,0,無黨籍及未經政黨推薦,0,民主進步黨,0,民主進步黨,0,民主進步黨,700,中國國民黨,0,民主進步黨,0,民主進步黨,0,民主進步黨,0,中國國民黨,0,民主進步黨,0,無黨籍及未經政黨推薦,0,無黨籍及未經政黨推薦,0,無黨籍及未經政黨推薦,0,中國國民黨,0,民主進步黨,0,中國國民黨,2650,中國國民黨,0,無黨籍及未經政黨推薦,0,中國國民黨,0,中國國民黨,0,民主進步黨,0,無黨籍及未經政黨推薦,0,民主進步黨,0,無黨籍及未經政黨推薦,0,無黨籍及未經政黨推薦,0,中國國民黨,0,中國國民黨,0,民主進步黨,10,中國國民黨,0,中國國民黨,0,民主進步黨,0,民主進步黨,0,無黨籍及未經政黨推薦,0,中國國民黨,0,無黨籍及未經政黨推薦,0,無黨籍及未經政黨推薦,0,中國國民黨,0,民主進步黨,0,中國國民黨,62,無黨籍及未經政黨推薦,0,無黨籍及未經政黨推薦,0,無黨籍及未經政黨推薦,0,民主進步黨,0,無黨籍及未經政黨推薦,0,無黨籍及未經政黨推薦,0,民主進步黨,7566,122,7688,0,7688,2592,10280,74.79
仁福里,0019,0,民主進步黨,0,中國國民黨,0,中國國民黨,3846,民主進步黨,0,民主進步黨,0,中國國民黨,0,中國國民黨,0,中國國民黨,0,中國國民黨,0,無黨籍及未經政黨推薦,0,中國國民黨,0,無黨籍及未經政黨推薦,0,民主進步黨,0,民主進步黨,0,民主進步黨,720,中國國民黨,0,民主進步黨,0,民主進步黨,0,民主進步黨,0,中國國民黨,0,民主進步黨,0,無黨籍及未經政黨推薦,0,無黨籍及未經政黨推薦,0,無黨籍及未經政黨推薦,0,中國國民黨,0,民主進步黨,0,中國國民黨,2342,中國國民黨,0,無黨籍及未經政黨推薦,0,中國國民黨,0,中國國民黨,0,民主進步黨,0,無黨籍及未經政黨推薦,0,民主進步黨,0,無黨籍及未經政黨推薦,0,無黨籍及未經政黨推薦,0,中國國民黨,0,中國國民黨,0,民主進步黨,8,中國國民黨,0,中國國民黨,0,民主進步黨,0,民主進步黨,0,無黨籍及未經政黨推薦,0,中國國民黨,0,無黨籍及未經政黨推薦,0,無黨籍及未經政黨推薦,0,中國國民黨,0,民主進步黨,0,中國國民黨,70,無黨籍及未經政黨推薦,0,無黨籍及未經政黨推薦,0,無黨籍及未經政黨推薦,0,民主進步黨,0,無黨籍及未經政黨推薦,0,無黨籍及未經政黨推薦,0,民主進步黨,6986,112,7098,0,7098,2050,9148,77.59
重陽里,0020,0,民主進步黨,0,中國國民黨,0,中國國民黨,3622,民主進步黨,0,民主進步黨,0,中國國民黨,0,中國國民黨,0,中國國民黨,0,中國國民黨,0,無黨籍及未經政黨推薦,0,中國國民黨,0,無黨籍及未經政黨推薦,0,民主進步黨,0,民主進步黨,0,民主進步黨,828,中國國民黨,0,民主進步黨,0,民主進步黨,0,民主進步黨,0,中國國民黨,0,民主進步黨,0,無黨籍及未經政黨推薦,0,無黨籍及未經政黨推薦,0,無黨籍及未經政黨推薦,0,中國國民黨,0,民主進步黨,0,中國國民黨,2800,中國國民黨,0,無黨籍及未經政黨推薦,0,中國國民黨,0,中國國民黨,0,民主進步黨,0,無黨籍及未經政黨推薦,0,民主進步黨,0,無黨籍及未經政黨推薦,0,無黨籍及未經政黨推薦,0,中國國民黨,0,中國國民黨,0,民主進步黨,4,中國國民黨,0,中國國民黨,0,民主進步黨,0,民主進步黨,0,無黨籍及未經政黨推薦,0,中國國民黨,0,無黨籍及未經政黨推薦,0,無黨籍及未經政黨推薦,0,中國國民黨,0,民主進步黨,0,中國國民黨,76,無黨籍及未經政黨推薦,0,無黨籍及未經政黨推薦,0,無黨籍及未經政黨推薦,0,民主進步黨,0,無黨籍及未經政黨推薦,0,無黨籍及未經政黨推薦,0,民主進步黨,7330,160,7490,0,7490,2212,9702,77.2
西湖里,0001,0,民主進步黨,0,中國國民黨,0,中國國民黨,3902,民主進步黨,0,民主進步黨,0,中國國民黨,0,中國國民黨,0,中國國民黨,0,中國國民黨,0,無黨籍及未經政黨推薦,0,中國國民黨,0,無黨籍及未經政黨推薦,0,民主進步黨,0,民主進步黨,0,民主進步黨,1120,中國國民黨,0,民主進步黨,0,民主進步黨,0,民主進步黨,0,中國國民黨,0,民主進步黨,0,無黨籍及未經政黨推薦,0,無黨籍及未經政黨推薦,0,無黨籍及未經政黨推薦,0,中國國民黨,0,民主進步黨,0,中國國民黨,3850,中國國民黨,0,無黨籍及未經政黨推薦,0,中國國民黨,0,中國國民黨,0,民主進步黨,0,無黨籍及未經政黨推薦,0,民主進步黨,0,無黨籍及未經政黨推薦,0,無黨籍及未經政黨推薦,0,中國國民黨,0,中國國民黨,0,民主進步黨,2,中國國民黨,0,中國國民黨,0,民主進步黨,0,民主進步黨,0,無黨籍及未經政黨推薦,0,中國國民黨,0,無黨籍及未經政黨推薦,0,無黨籍及未經政黨推薦,0,中國國民黨,0,民主進步黨,0,中國國民黨,54,無黨籍及未經政黨推薦,0,無黨籍及未經政黨推薦,0,無黨籍及未經政黨推薦,0,民主進步黨,0,無黨籍及未經政黨推薦,0,無黨籍及未經政黨推薦,0,民主進步黨,8928,126,9054,0,9054,2592,11646,77.74
西康里,0002,0,民主進步黨,0,中國國民黨,0,中國國民黨,5808,民主進步黨,0,民主進步黨,0,中國國民黨,0,中國國民黨,0,中國國民黨,0,中國國民黨,0,無黨籍及未經政黨推薦,0,中國國民黨,0,無黨籍及未經政黨推薦,0,民主進步黨,0,民主進步黨,0,民主進步黨,1292,中國國民黨,0,民主進步黨,0,民主進步黨,0,民主進步黨,0,中國國民黨,0,民主進步黨,0,無黨籍及未經政黨推薦,0,無黨籍及未經政黨推薦,0,無黨籍及未經政黨推薦,0,中國國民黨,0,民主進步黨,0,中國國民黨,4634,中國國民黨,0,無黨籍及未經政黨推薦,0,中國國民黨,0,中國國民黨,0,民主進步黨,0,無黨籍及未經政黨推薦,0,民主進步黨,0,無黨籍及未經政黨推薦,0,無黨籍及未經政黨推薦,0,中國國民黨,0,中國國民黨,0,民主進步黨,22,中國國民黨,0,中國國民黨,0,民主進步黨,0,民主進步黨,0,無黨籍及未經政黨推薦,0,中國國民黨,0,無黨籍及未經政黨推薦,0,無黨籍及未經政黨推薦,0,中國國民黨,0,民主進步黨,0,中國國民黨,108,無黨籍及未經政黨推薦,0,無黨籍及未經政黨推薦,0,無黨籍及未經政黨推薦,0,民主進步黨,0,無黨籍及未經政黨推薦,0,無黨籍及未經政黨推薦,0,民主進步黨,11864,198,12062,0,12062,3864,15926,75.74
西安里,0003,0,民主進步黨,0,中國國民黨,0,中國國民黨,4062,民主進步黨,0,民主進步黨,0,中國國民黨,0,中國國民黨,0,中國國民黨,0,中國國民黨,0,無黨籍及未經政黨推薦,0,中國國民黨,0,無黨籍及未經政黨推薦,0,民主進步黨,0,民主進步黨,0,民主進步黨,960,中國國民黨,0,民主進步黨,0,民主進步黨,0,民主進步黨,0,中國國民黨,0,民主進步黨,0,無黨籍及未經政黨推薦,0,無黨籍及未經政黨推薦,0,無黨籍及未經政黨推薦,0,中國國民黨,0,民主進步黨,0,中國國民黨,3206,中國國民黨,0,無黨籍及未經政黨推薦,0,中國國民黨,0,中國國民黨,0,民主進步黨,0,無黨籍及未經政黨推薦,0,民主進步黨,0,無黨籍及未經政黨推薦,0,無黨籍及未經政黨推薦,0,中國國民黨,0,中國國民黨,0,民主進步黨,24,中國國民黨,0,中國國民黨,0,民主進步黨,0,民主進步黨,0,無黨籍及未經政黨推薦,0,中國國民黨,0,無黨籍及未經政黨推薦,0,無黨籍及未經政黨推薦,0,中國國民黨,0,民主進步黨,0,中國國民黨,54,無黨籍及未經政黨推薦,0,無黨籍及未經政黨推薦,0,無黨籍及未經政黨推薦,0,民主進步黨,0,無黨籍及未經政黨推薦,0,無黨籍及未經政黨推薦,0,民主進步黨,8306,126,8432,0,8432,2364,10796,78.1
港墘里,0005,0,民主進步黨,0,中國國民黨,0,中國國民黨,3354,民主進步黨,0,民主進步黨,0,中國國民黨,0,中國國民黨,0,中國國民黨,0,中國國民黨,0,無黨籍及未經政黨推薦,0,中國國民黨,0,無黨籍及未經政黨推薦,0,民主進步黨,0,民主進步黨,0,民主進步黨,854,中國國民黨,0,民主進步黨,0,民主進步黨,0,民主進步黨,0,中國國民黨,0,民主進步黨,0,無黨籍及未經政黨推薦,0,無黨籍及未經政黨推薦,0,無黨籍及未經政黨推薦,0,中國國民黨,0,民主進步黨,0,中國國民黨,3156,中國國民黨,0,無黨籍及未經政黨推薦,0,中國國民黨,0,中國國民黨,0,民主進步黨,0,無黨籍及未經政黨推薦,0,民主進步黨,0,無黨籍及未經政黨推薦,0,無黨籍及未經政黨推薦,0,中國國民黨,0,中國國民黨,0,民主進步黨,8,中國國民黨,0,中國國民黨,0,民主進步黨,0,民主進步黨,0,無黨籍及未經政黨推薦,0,中國國民黨,0,無黨籍及未經政黨推薦,0,無黨籍及未經政黨推薦,0,中國國民黨,0,民主進步黨,0,中國國民黨,58,無黨籍及未經政黨推薦,0,無黨籍及未經政黨推薦,0,無黨籍及未經政黨推薦,0,民主進步黨,0,無黨籍及未經政黨推薦,0,無黨籍及未經政黨推薦,0,民主進步黨,7430,116,7546,0,7546,2162,9708,77.73
港都里,0006,0,民主進步黨,0,中國國民黨,0,中國國民黨,2816,民主進步黨,0,民主進步黨,0,中國國民黨,0,中國國民黨,0,中國國民黨,0,中國國民黨,0,無黨籍及未經政黨推薦,0,中國國民黨,0,無黨籍及未經政黨推薦,0,民主進步黨,0,民主進步黨,0,民主進步黨,810,中國國民黨,0,民主進步黨,0,民主進步黨,0,民主進步黨,0,中國國民黨,0,民主進步黨,0,無黨籍及未經政黨推薦,0,無黨籍及未經政黨推薦,0,無黨籍及未經政黨推薦,0,中國國民黨,0,民主進步黨,0,中國國民黨,2936,中國國民黨,0,無黨籍及未經政黨推薦,0,中國國民黨,0,中國國民黨,0,民主進步黨,0,無黨籍及未經政黨推薦,0,民主進步黨,0,無黨籍及未經政黨推薦,0,無黨籍及未經政黨推薦,0,中國國民黨,0,中國國民黨,0,民主進步黨,6,中國國民黨,0,中國國民黨,0,民主進步黨,0,民主進步黨,0,無黨籍及未經政黨推薦,0,中國國民黨,0,無黨籍及未經政黨推薦,0,無黨籍及未經政黨推薦,0,中國國民黨,0,民主進步黨,0,中國國民黨,68,無黨籍及未經政黨推薦,0,無黨籍及未經政黨推薦,0,無黨籍及未經政黨推薦,0,民主進步黨,0,無黨籍及未經政黨推薦,0,無黨籍及未經政黨推薦,0,民主進步黨,6636,106,6742,0,6742,1948,8690,77.58
港富里,0007,0,民主進步黨,0,中國國民黨,0,中國國民黨,5060,民主進步黨,0,民主進步黨,0,中國國民黨,0,中國國民黨,0,中國國民黨,0,中國國民黨,0,無黨籍及未經政黨推薦,0,中國國民黨,0,無黨籍及未經政黨推薦,0,民主進步黨,0,民主進步黨,0,民主進步黨,1416,中國國民黨,0,民主進步黨,0,民主進步黨,0,民主進步黨,0,中國國民黨,0,民主進步黨,0,無黨籍及未經政黨推薦,0,無黨籍及未經政黨推薦,0,無黨籍及未經政黨推薦,0,中國國民黨,0,民主進步黨,0,中國國民黨,4974,中國國民黨,0,無黨籍及未經政黨推薦,0,中國國民黨,0,中國國民黨,0,民主進步黨,0,無黨籍及未經政黨推薦,0,民主進步黨,0,無黨籍及未經政黨推薦,0,無黨籍及未經政黨推薦,0,中國國民黨,0,中國國民黨,0,民主進步黨,22,中國國民黨,0,中國國民黨,0,民主進步黨,0,民主進步黨,0,無黨籍及未經政黨推薦,0,中國國民黨,0,無黨籍及未經政黨推薦,0,無黨籍及未經政黨推薦,0,中國國民黨,0,民主進步黨,0,中國國民黨,80,無黨籍及未經政黨推薦,0,無黨籍及未經政黨推薦,0,無黨籍及未經政黨推薦,0,民主進步黨,0,無黨籍及未經政黨推薦,0,無黨籍及未經政黨推薦,0,民主進步黨,11552,178,11730,0,11730,3622,15352,76.41
港華里,0008,0,民主進步黨,0,中國國民黨,0,中國國民黨,4882,民主進步黨,0,民主進步黨,0,中國國民黨,0,中國國民黨,0,中國國民黨,0,中國國民黨,0,無黨籍及未經政黨推薦,0,中國國民黨,0,無黨籍及未經政黨推薦,0,民主進步黨,0,民主進步黨,0,民主進步黨,1304,中國國民黨,0,民主進步黨,0,民主進步黨,0,民主進步黨,0,中國國民黨,0,民主進步黨,0,無黨籍及未經政黨推薦,0,無黨籍及未經政黨推薦,0,無黨籍及未經政黨推薦,0,中國國民黨,0,民主進步黨,0,中國國民黨,4750,中國國民黨,0,無黨籍及未經政黨推薦,0,中國國民黨,0,中國國民黨,0,民主進步黨,0,無黨籍及未經政黨推薦,0,民主進步黨,0,無黨籍及未經政黨推薦,0,無黨籍及未經政黨推薦,0,中國國民黨,0,中國國民黨,0,民主進步黨,16,中國國民黨,0,中國國民黨,0,民主進步黨,0,民主進步黨,0,無黨籍及未經政黨推薦,0,中國國民黨,0,無黨籍及未經政黨推薦,0,無黨籍及未經政黨推薦,0,中國國民黨,0,民主進步黨,0,中國國民黨,82,無黨籍及未經政黨推薦,0,無黨籍及未經政黨推薦,0,無黨籍及未經政黨推薦,0,民主進步黨,0,無黨籍及未經政黨推薦,0,無黨籍及未經政黨推薦,0,民主進步黨,11034,150,11184,0,11184,3316,14500,77.13
內湖里,0009,0,民主進步黨,0,中國國民黨,0,中國國民黨,3972,民主進步黨,0,民主進步黨,0,中國國民黨,0,中國國民黨,0,中國國民黨,0,中國國民黨,0,無黨籍及未經政黨推薦,0,中國國民黨,0,無黨籍及未經政黨推薦,0,民主進步黨,0,民主進步黨,0,民主進步黨,928,中國國民黨,0,民主進步黨,0,民主進步黨,0,民主進步黨,0,中國國民黨,0,民主進步黨,0,無黨籍及未經政黨推薦,0,無黨籍及未經政黨推薦,0,無黨籍及未經政黨推薦,0,中國國民黨,0,民主進步黨,0,中國國民黨,3038,中國國民黨,0,無黨籍及未經政黨推薦,0,中國國民黨,0,中國國民黨,0,民主進步黨,0,無黨籍及未經政黨推薦,0,民主進步黨,0,無黨籍及未經政黨推薦,0,無黨籍及未經政黨推薦,0,中國國民黨,0,中國國民黨,0,民主進步黨,16,中國國民黨,0,中國國民黨,0,民主進步黨,0,民主進步黨,0,無黨籍及未經政黨推薦,0,中國國民黨,0,無黨籍及未經政黨推薦,0,無黨籍及未經政黨推薦,0,中國國民黨,0,民主進步黨,0,中國國民黨,56,無黨籍及未經政黨推薦,0,無黨籍及未經政黨推薦,0,無黨籍及未經政黨推薦,0,民主進步黨,0,無黨籍及未經政黨推薦,0,無黨籍及未經政黨推薦,0,民主進步黨,8010,116,8126,0,8126,2814,10940,74.28
湖濱里,0010,0,民主進步黨,0,中國國民黨,0,中國國民黨,5390,民主進步黨,0,民主進步黨,0,中國國民黨,0,中國國民黨,0,中國國民黨,0,中國國民黨,0,無黨籍及未經政黨推薦,0,中國國民黨,0,無黨籍及未經政黨推薦,0,民主進步黨,0,民主進步黨,0,民主進步黨,1144,中國國民黨,0,民主進步黨,0,民主進步黨,0,民主進步黨,0,中國國民黨,0,民主進步黨,0,無黨籍及未經政黨推薦,0,無黨籍及未經政黨推薦,0,無黨籍及未經政黨推薦,0,中國國民黨,0,民主進步黨,0,中國國民黨,3894,中國國民黨,0,無黨籍及未經政黨推薦,0,中國國民黨,0,中國國民黨,0,民主進步黨,0,無黨籍及未經政黨推薦,0,民主進步黨,0,無黨籍及未經政黨推薦,0,無黨籍及未經政黨推薦,0,中國國民黨,0,中國國民黨,0,民主進步黨,10,中國國民黨,0,中國國民黨,0,民主進步黨,0,民主進步黨,0,無黨籍及未經政黨推薦,0,中國國民黨,0,無黨籍及未經政黨推薦,0,無黨籍及未經政黨推薦,0,中國國民黨,0,民主進步黨,0,中國國民黨,96,無黨籍及未經政黨推薦,0,無黨籍及未經政黨推薦,0,無黨籍及未經政黨推薦,0,民主進步黨,0,無黨籍及未經政黨推薦,0,無黨籍及未經政黨推薦,0,民主進步黨,10534,162,10696,0,10696,3076,13772,77.66
紫星里,0011,0,民主進步黨,0,中國國民黨,0,中國國民黨,4458,民主進步黨,0,民主進步黨,0,中國國民黨,0,中國國民黨,0,中國國民黨,0,中國國民黨,0,無黨籍及未經政黨推薦,0,中國國民黨,0,無黨籍及未經政黨推薦,0,民主進步黨,0,民主進步黨,0,民主進步黨,1282,中國國民黨,0,民主進步黨,0,民主進步黨,0,民主進步黨,0,中國國民黨,0,民主進步黨,0,無黨籍及未經政黨推薦,0,無黨籍及未經政黨推薦,0,無黨籍及未經政黨推薦,0,中國國民黨,0,民主進步黨,0,中國國民黨,4140,中國國民黨,0,無黨籍及未經政黨推薦,0,中國國民黨,0,中國國民黨,0,民主進步黨,0,無黨籍及未經政黨推薦,0,民主進步黨,0,無黨籍及未經政黨推薦,0,無黨籍及未經政黨推薦,0,中國國民黨,0,中國國民黨,0,民主進步黨,8,中國國民黨,0,中國國民黨,0,民主進步黨,0,民主進步黨,0,無黨籍及未經政黨推薦,0,中國國民黨,0,無黨籍及未經政黨推薦,0,無黨籍及未經政黨推薦,0,中國國民黨,0,民主進步黨,0,中國國民黨,82,無黨籍及未經政黨推薦,0,無黨籍及未經政黨推薦,0,無黨籍及未經政黨推薦,0,民主進步黨,0,無黨籍及未經政黨推薦,0,無黨籍及未經政黨推薦,0,民主進步黨,9970,146,10116,0,10116,2978,13094,77.26
大湖里,0012,0,民主進步黨,0,中國國民黨,0,中國國民黨,3262,民主進步黨,0,民主進步黨,0,中國國民黨,0,中國國民黨,0,中國國民黨,0,中國國民黨,0,無黨籍及未經政黨推薦,0,中國國民黨,0,無黨籍及未經政黨推薦,0,民主進步黨,0,民主進步黨,0,民主進步黨,764,中國國民黨,0,民主進步黨,0,民主進步黨,0,民主進步黨,0,中國國民黨,0,民主進步黨,0,無黨籍及未經政黨推薦,0,無黨籍及未經政黨推薦,0,無黨籍及未經政黨推薦,0,中國國民黨,0,民主進步黨,0,中國國民黨,2506,中國國民黨,0,無黨籍及未經政黨推薦,0,中國國民黨,0,中國國民黨,0,民主進步黨,0,無黨籍及未經政黨推薦,0,民主進步黨,0,無黨籍及未經政黨推薦,0,無黨籍及未經政黨推薦,0,中國國民黨,0,中國國民黨,0,民主進步黨,4,中國國民黨,0,中國國民黨,0,民主進步黨,0,民主進步黨,0,無黨籍及未經政黨推薦,0,中國國民黨,0,無黨籍及未經政黨推薦,0,無黨籍及未經政黨推薦,0,中國國民黨,0,民主進步黨,0,中國國民黨,54,無黨籍及未經政黨推薦,0,無黨籍及未經政黨推薦,0,無黨籍及未經政黨推薦,0,民主進步黨,0,無黨籍及未經政黨推薦,0,無黨籍及未經政黨推薦,0,民主進步黨,6590,120,6710,0,6710,2128,8838,75.92
金龍里,0013,0,民主進步黨,0,中國國民黨,0,中國國民黨,3166,民主進步黨,0,民主進步黨,0,中國國民黨,0,中國國民黨,0,中國國民黨,0,中國國民黨,0,無黨籍及未經政黨推薦,0,中國國民黨,0,無黨籍及未經政黨推薦,0,民主進步黨,0,民主進步黨,0,民主進步黨,766,中國國民黨,0,民主進步黨,0,民主進步黨,0,民主進步黨,0,中國國民黨,0,民主進步黨,0,無黨籍及未經政黨推薦,0,無黨籍及未經政黨推薦,0,無黨籍及未經政黨推薦,0,中國國民黨,0,民主進步黨,0,中國國民黨,2670,中國國民黨,0,無黨籍及未經政黨推薦,0,中國國民黨,0,中國國民黨,0,民主進步黨,0,無黨籍及未經政黨推薦,0,民主進步黨,0,無黨籍及未經政黨推薦,0,無黨籍及未經政黨推薦,0,中國國民黨,0,中國國民黨,0,民主進步黨,8,中國國民黨,0,中國國民黨,0,民主進步黨,0,民主進步黨,0,無黨籍及未經政黨推薦,0,中國國民黨,0,無黨籍及未經政黨推薦,0,無黨籍及未經政黨推薦,0,中國國民黨,0,民主進步黨,0,中國國民黨,58,無黨籍及未經政黨推薦,0,無黨籍及未經政黨推薦,0,無黨籍及未經政黨推薦,0,民主進步黨,0,無黨籍及未經政黨推薦,0,無黨籍及未經政黨推薦,0,民主進步黨,6668,104,6772,0,6772,2130,8902,76.07
金瑞里,0014,0,民主進步黨,0,中國國民黨,0,中國國民黨,3826,民主進步黨,0,民主進步黨,0,中國國民黨,0,中國國民黨,0,中國國民黨,0,中國國民黨,0,無黨籍及未經政黨推薦,0,中國國民黨,0,無黨籍及未經政黨推薦,0,民主進步黨,0,民主進步黨,0,民主進步黨,962,中國國民黨,0,民主進步黨,0,民主進步黨,0,民主進步黨,0,中國國民黨,0,民主進步黨,0,無黨籍及未經政黨推薦,0,無黨籍及未經政黨推薦,0,無黨籍及未經政黨推薦,0,中國國民黨,0,民主進步黨,0,中國國民黨,3486,中國國民黨,0,無黨籍及未經政黨推薦,0,中國國民黨,0,中國國民黨,0,民主進步黨,0,無黨籍及未經政黨推薦,0,民主進步黨,0,無黨籍及未經政黨推薦,0,無黨籍及未經政黨推薦,0,中國國民黨,0,中國國民黨,0,民主進步黨,10,中國國民黨,0,中國國民黨,0,民主進步黨,0,民主進步黨,0,無黨籍及未經政黨推薦,0,中國國民黨,0,無黨籍及未經政黨推薦,0,無黨籍及未經政黨推薦,0,中國國民黨,0,民主進步黨,0,中國國民黨,64,無黨籍及未經政黨推薦,0,無黨籍及未經政黨推薦,0,無黨籍及未經政黨推薦,0,民主進步黨,0,無黨籍及未經政黨推薦,0,無黨籍及未經政黨推薦,0,民主進步黨,8348,124,8472,0,8472,2566,11038,76.75
碧山里,0015,0,民主進步黨,0,中國國民黨,0,中國國民黨,4170,民主進步黨,0,民主進步黨,0,中國國民黨,0,中國國民黨,0,中國國民黨,0,中國國民黨,0,無黨籍及未經政黨推薦,0,中國國民黨,0,無黨籍及未經政黨推薦,0,民主進步黨,0,民主進步黨,0,民主進步黨,1034,中國國民黨,0,民主進步黨,0,民主進步黨,0,民主進步黨,0,中國國民黨,0,民主進步黨,0,無黨籍及未經政黨推薦,0,無黨籍及未經政黨推薦,0,無黨籍及未經政黨推薦,0,中國國民黨,0,民主進步黨,0,中國國民黨,3404,中國國民黨,0,無黨籍及未經政黨推薦,0,中國國民黨,0,中國國民黨,0,民主進步黨,0,無黨籍及未經政黨推薦,0,民主進步黨,0,無黨籍及未經政黨推薦,0,無黨籍及未經政黨推薦,0,中國國民黨,0,中國國民黨,0,民主進步黨,20,中國國民黨,0,中國國民黨,0,民主進步黨,0,民主進步黨,0,無黨籍及未經政黨推薦,0,中國國民黨,0,無黨籍及未經政黨推薦,0,無黨籍及未經政黨推薦,0,中國國民黨,0,民主進步黨,0,中國國民黨,48,無黨籍及未經政黨推薦,0,無黨籍及未經政黨推薦,0,無黨籍及未經政黨推薦,0,民主進步黨,0,無黨籍及未經政黨推薦,0,無黨籍及未經政黨推薦,0,民主進步黨,8676,168,8844,0,8844,2810,11654,75.89
紫雲里,0016,0,民主進步黨,0,中國國民黨,0,中國國民黨,3636,民主進步黨,0,民主進步黨,0,中國國民黨,0,中國國民黨,0,中國國民黨,0,中國國民黨,0,無黨籍及未經政黨推薦,0,中國國民黨,0,無黨籍及未經政黨推薦,0,民主進步黨,0,民主進步黨,0,民主進步黨,766,中國國民黨,0,民主進步黨,0,民主進步黨,0,民主進步黨,0,中國國民黨,0,民主進步黨,0,無黨籍及未經政黨推薦,0,無黨籍及未經政黨推薦,0,無黨籍及未經政黨推薦,0,中國國民黨,0,民主進步黨,0,中國國民黨,2474,中國國民黨,0,無黨籍及未經政黨推薦,0,中國國民黨,0,中國國民黨,0,民主進步黨,0,無黨籍及未經政黨推薦,0,民主進步黨,0,無黨籍及未經政黨推薦,0,無黨籍及未經政黨推薦,0,中國國民黨,0,中國國民黨,0,民主進步黨,6,中國國民黨,0,中國國民黨,0,民主進步黨,0,民主進步黨,0,無黨籍及未經政黨推薦,0,中國國民黨,0,無黨籍及未經政黨推薦,0,無黨籍及未經政黨推薦,0,中國國民黨,0,民主進步黨,0,中國國民黨,56,無黨籍及未經政黨推薦,0,無黨籍及未經政黨推薦,0,無黨籍及未經政黨推薦,0,民主進步黨,0,無黨籍及未經政黨推薦,0,無黨籍及未經政黨推薦,0,民主進步黨,6938,88,7026,0,7026,2260,9286,75.66
清白里,0017,0,民主進步黨,0,中國國民黨,0,中國國民黨,5262,民主進步黨,0,民主進步黨,0,中國國民黨,0,中國國民黨,0,中國國民黨,0,中國國民黨,0,無黨籍及未經政黨推薦,0,中國國民黨,0,無黨籍及未經政黨推薦,0,民主進步黨,0,民主進步黨,0,民主進步黨,1242,中國國民黨,0,民主進步黨,0,民主進步黨,0,民主進步黨,0,中國國民黨,0,民主進步黨,0,無黨籍及未經政黨推薦,0,無黨籍及未經政黨推薦,0,無黨籍及未經政黨推薦,0,中國國民黨,0,民主進步黨,0,中國國民黨,4056,中國國民黨,0,無黨籍及未經政黨推薦,0,中國國民黨,0,中國國民黨,0,民主進步黨,0,無黨籍及未經政黨推薦,0,民主進步黨,0,無黨籍及未經政黨推薦,0,無黨籍及未經政黨推薦,0,中國國民黨,0,中國國民黨,0,民主進步黨,26,中國國民黨,0,中國國民黨,0,民主進步黨,0,民主進步黨,0,無黨籍及未經政黨推薦,0,中國國民黨,0,無黨籍及未經政黨推薦,0,無黨籍及未經政黨推薦,0,中國國民黨,0,民主進步黨,0,中國國民黨,84,無黨籍及未經政黨推薦,0,無黨籍及未經政黨推薦,0,無黨籍及未經政黨推薦,0,民主進步黨,0,無黨籍及未經政黨推薦,0,無黨籍及未經政黨推薦,0,民主進步黨,10670,150,10820,0,10820,3350,14170,76.36
葫洲里,0018,0,民主進步黨,0,中國國民黨,0,中國國民黨,4284,民主進步黨,0,民主進步黨,0,中國國民黨,0,中國國民黨,0,中國國民黨,0,中國國民黨,0,無黨籍及未經政黨推薦,0,中國國民黨,0,無黨籍及未經政黨推薦,0,民主進步黨,0,民主進步黨,0,民主進步黨,868,中國國民黨,0,民主進步黨,0,民主進步黨,0,民主進步黨,0,中國國民黨,0,民主進步黨,0,無黨籍及未經政黨推薦,0,無黨籍及未經政黨推薦,0,無黨籍及未經政黨推薦,0,中國國民黨,0,民主進步黨,0,中國國民黨,3340,中國國民黨,0,無黨籍及未經政黨推薦,0,中國國民黨,0,中國國民黨,0,民主進步黨,0,無黨籍及未經政黨推薦,0,民主進步黨,0,無黨籍及未經政黨推薦,0,無黨籍及未經政黨推薦,0,中國國民黨,0,中國國民黨,0,民主進步黨,14,中國國民黨,0,中國國民黨,0,民主進步黨,0,民主進步黨,0,無黨籍及未經政黨推薦,0,中國國民黨,0,無黨籍及未經政黨推薦,0,無黨籍及未經政黨推薦,0,中國國民黨,0,民主進步黨,0,中國國民黨,82,無黨籍及未經政黨推薦,0,無黨籍及未經政黨推薦,0,無黨籍及未經政黨推薦,0,民主進步黨,0,無黨籍及未經政黨推薦,0,無黨籍及未經政黨推薦,0,民主進步黨,8588,152,8740,0,8740,2772,11512,75.92
紫陽里,0019,0,民主進步黨,0,中國國民黨,0,中國國民黨,4938,民主進步黨,0,民主進步黨,0,中國國民黨,0,中國國民黨,0,中國國民黨,0,中國國民黨,0,無黨籍及未經政黨推薦,0,中國國民黨,0,無黨籍及未經政黨推薦,0,民主進步黨,0,民主進步黨,0,民主進步黨,1226,中國國民黨,0,民主進步黨,0,民主進步黨,0,民主進步黨,0,中國國民黨,0,民主進步黨,0,無黨籍及未經政黨推薦,0,無黨籍及未經政黨推薦,0,無黨籍及未經政黨推薦,0,中國國民黨,0,民主進步黨,0,中國國民黨,4216,中國國民黨,0,無黨籍及未經政黨推薦,0,中國國民黨,0,中國國民黨,0,民主進步黨,0,無黨籍及未經政黨推薦,0,民主進步黨,0,無黨籍及未經政黨推薦,0,無黨籍及未經政黨推薦,0,中國國民黨,0,中國國民黨,0,民主進步黨,14,中國國民黨,0,中國國民黨,0,民主進步黨,0,民主進步黨,0,無黨籍及未經政黨推薦,0,中國國民黨,0,無黨籍及未經政黨推薦,0,無黨籍及未經政黨推薦,0,中國國民黨,0,民主進步黨,0,中國國民黨,84,無黨籍及未經政黨推薦,0,無黨籍及未經政黨推薦,0,無黨籍及未經政黨推薦,0,民主進步黨,0,無黨籍及未經政黨推薦,0,無黨籍及未經政黨推薦,0,民主進步黨,10478,190,10668,0,10668,3252,13920,76.64
瑞陽里,0020,0,民主進步黨,0,中國國民黨,0,中國國民黨,5416,民主進步黨,0,民主進步黨,0,中國國民黨,0,中國國民黨,0,中國國民黨,0,中國國民黨,0,無黨籍及未經政黨推薦,0,中國國民黨,0,無黨籍及未經政黨推薦,0,民主進步黨,0,民主進步黨,0,民主進步黨,916,中國國民黨,0,民主進步黨,0,民主進步黨,0,民主進步黨,0,中國國民黨,0,民主進步黨,0,無黨籍及未經政黨推薦,0,無黨籍及未經政黨推薦,0,無黨籍及未經政黨推薦,0,中國國民黨,0,民主進步黨,0,中國國民黨,3378,中國國民黨,0,無黨籍及未經政黨推薦,0,中國國民黨,0,中國國民黨,0,民主進步黨,0,無黨籍及未經政黨推薦,0,民主進步黨,0,無黨籍及未經政黨推薦,0,無黨籍及未經政黨推薦,0,中國國民黨,0,中國國民黨,0,民主進步黨,16,中國國民黨,0,中國國民黨,0,民主進步黨,0,民主進步黨,0,無黨籍及未經政黨推薦,0,中國國民黨,0,無黨籍及未經政黨推薦,0,無黨籍及未經政黨推薦,0,中國國民黨,0,民主進步黨,0,中國國民黨,60,無黨籍及未經政黨推薦,0,無黨籍及未經政黨推薦,0,無黨籍及未經政黨推薦,0,民主進步黨,0,無黨籍及未經政黨推薦,0,無黨籍及未經政黨推薦,0,民主進步黨,9786,168,9954,0,9954,2762,12716,78.28
瑞光里,0021,0,民主進步黨,0,中國國民黨,0,中國國民黨,2972,民主進步黨,0,民主進步黨,0,中國國民黨,0,中國國民黨,0,中國國民黨,0,中國國民黨,0,無黨籍及未經政黨推薦,0,中國國民黨,0,無黨籍及未經政黨推薦,0,民主進步黨,0,民主進步黨,0,民主進步黨,600,中國國民黨,0,民主進步黨,0,民主進步黨,0,民主進步黨,0,中國國民黨,0,民主進步黨,0,無黨籍及未經政黨推薦,0,無黨籍及未經政黨推薦,0,無黨籍及未經政黨推薦,0,中國國民黨,0,民主進步黨,0,中國國民黨,1992,中國國民黨,0,無黨籍及未經政黨推薦,0,中國國民黨,0,中國國民黨,0,民主進步黨,0,無黨籍及未經政黨推薦,0,民主進步黨,0,無黨籍及未經政黨推薦,0,無黨籍及未經政黨推薦,0,中國國民黨,0,中國國民黨,0,民主進步黨,20,中國國民黨,0,中國國民黨,0,民主進步黨,0,民主進步黨,0,無黨籍及未經政黨推薦,0,中國國民黨,0,無黨籍及未經政黨推薦,0,無黨籍及未經政黨推薦,0,中國國民黨,0,民主進步黨,0,中國國民黨,22,無黨籍及未經政黨推薦,0,無黨籍及未經政黨推薦,0,無黨籍及未經政黨推薦,0,民主進步黨,0,無黨籍及未經政黨推薦,0,無黨籍及未經政黨推薦,0,民主進步黨,5606,88,5694,0,5694,1660,7354,77.43
五分里,0022,0,民主進步黨,0,中國國民黨,0,中國國民黨,5280,民主進步黨,0,民主進步黨,0,中國國民黨,0,中國國民黨,0,中國國民黨,0,中國國民黨,0,無黨籍及未經政黨推薦,0,中國國民黨,0,無黨籍及未經政黨推薦,0,民主進步黨,0,民主進步黨,0,民主進步黨,1422,中國國民黨,0,民主進步黨,0,民主進步黨,0,民主進步黨,0,中國國民黨,0,民主進步黨,0,無黨籍及未經政黨推薦,0,無黨籍及未經政黨推薦,0,無黨籍及未經政黨推薦,0,中國國民黨,0,民主進步黨,0,中國國民黨,5312,中國國民黨,0,無黨籍及未經政黨推薦,0,中國國民黨,0,中國國民黨,0,民主進步黨,0,無黨籍及未經政黨推薦,0,民主進步黨,0,無黨籍及未經政黨推薦,0,無黨籍及未經政黨推薦,0,中國國民黨,0,中國國民黨,0,民主進步黨,20,中國國民黨,0,中國國民黨,0,民主進步黨,0,民主進步黨,0,無黨籍及未經政黨推薦,0,中國國民黨,0,無黨籍及未經政黨推薦,0,無黨籍及未經政黨推薦,0,中國國民黨,0,民主進步黨,0,中國國民黨,82,無黨籍及未經政黨推薦,0,無黨籍及未經政黨推薦,0,無黨籍及未經政黨推薦,0,民主進步黨,0,無黨籍及未經政黨推薦,0,無黨籍及未經政黨推薦,0,民主進步黨,12116,208,12324,0,12324,4128,16452,74.91
東湖里,0023,0,民主進步黨,0,中國國民黨,0,中國國民黨,4294,民主進步黨,0,民主進步黨,0,中國國民黨,0,中國國民黨,0,中國國民黨,0,中國國民黨,0,無黨籍及未經政黨推薦,0,中國國民黨,0,無黨籍及未經政黨推薦,0,民主進步黨,0,民主進步黨,0,民主進步黨,1106,中國國民黨,0,民主進步黨,0,民主進步黨,0,民主進步黨,0,中國國民黨,0,民主進步黨,0,無黨籍及未經政黨推薦,0,無黨籍及未經政黨推薦,0,無黨籍及未經政黨推薦,0,中國國民黨,0,民主進步黨,0,中國國民黨,4374,中國國民黨,0,無黨籍及未經政黨推薦,0,中國國民黨,0,中國國民黨,0,民主進步黨,0,無黨籍及未經政黨推薦,0,民主進步黨,0,無黨籍及未經政黨推薦,0,無黨籍及未經政黨推薦,0,中國國民黨,0,中國國民黨,0,民主進步黨,16,中國國民黨,0,中國國民黨,0,民主進步黨,0,民主進步黨,0,無黨籍及未經政黨推薦,0,中國國民黨,0,無黨籍及未經政黨推薦,0,無黨籍及未經政黨推薦,0,中國國民黨,0,民主進步黨,0,中國國民黨,72,無黨籍及未經政黨推薦,0,無黨籍及未經政黨推薦,0,無黨籍及未經政黨推薦,0,民主進步黨,0,無黨籍及未經政黨推薦,0,無黨籍及未經政黨推薦,0,民主進步黨,9862,174,10036,0,10036,3040,13076,76.75
樂康里,0024,0,民主進步黨,0,中國國民黨,0,中國國民黨,3966,民主進步黨,0,民主進步黨,0,中國國民黨,0,中國國民黨,0,中國國民黨,0,中國國民黨,0,無黨籍及未經政黨推薦,0,中國國民黨,0,無黨籍及未經政黨推薦,0,民主進步黨,0,民主進步黨,0,民主進步黨,1072,中國國民黨,0,民主進步黨,0,民主進步黨,0,民主進步黨,0,中國國民黨,0,民主進步黨,0,無黨籍及未經政黨推薦,0,無黨籍及未經政黨推薦,0,無黨籍及未經政黨推薦,0,中國國民黨,0,民主進步黨,0,中國國民黨,4052,中國國民黨,0,無黨籍及未經政黨推薦,0,中國國民黨,0,中國國民黨,0,民主進步黨,0,無黨籍及未經政黨推薦,0,民主進步黨,0,無黨籍及未經政黨推薦,0,無黨籍及未經政黨推薦,0,中國國民黨,0,中國國民黨,0,民主進步黨,8,中國國民黨,0,中國國民黨,0,民主進步黨,0,民主進步黨,0,無黨籍及未經政黨推薦,0,中國國民黨,0,無黨籍及未經政黨推薦,0,無黨籍及未經政黨推薦,0,中國國民黨,0,民主進步黨,0,中國國民黨,74,無黨籍及未經政黨推薦,0,無黨籍及未經政黨推薦,0,無黨籍及未經政黨推薦,0,民主進步黨,0,無黨籍及未經政黨推薦,0,無黨籍及未經政黨推薦,0,民主進步黨,9172,150,9322,0,9322,3136,12458,74.83
內溝里,0025,0,民主進步黨,0,中國國民黨,0,中國國民黨,2606,民主進步黨,0,民主進步黨,0,中國國民黨,0,中國國民黨,0,中國國民黨,0,中國國民黨,0,無黨籍及未經政黨推薦,0,中國國民黨,0,無黨籍及未經政黨推薦,0,民主進步黨,0,民主進步黨,0,民主進步黨,616,中國國民黨,0,民主進步黨,0,民主進步黨,0,民主進步黨,0,中國國民黨,0,民主進步黨,0,無黨籍及未經政黨推薦,0,無黨籍及未經政黨推薦,0,無黨籍及未經政黨推薦,0,中國國民黨,0,民主進步黨,0,中國國民黨,2462,中國國民黨,0,無黨籍及未經政黨推薦,0,中國國民黨,0,中國國民黨,0,民主進步黨,0,無黨籍及未經政黨推薦,0,民主進步黨,0,無黨籍及未經政黨推薦,0,無黨籍及未經政黨推薦,0,中國國民黨,0,中國國民黨,0,民主進步黨,8,中國國民黨,0,中國國民黨,0,民主進步黨,0,民主進步黨,0,無黨籍及未經政黨推薦,0,中國國民黨,0,無黨籍及未經政黨推薦,0,無黨籍及未經政黨推薦,0,中國國民黨,0,民主進步黨,0,中國國民黨,54,無黨籍及未經政黨推薦,0,無黨籍及未經政黨推薦,0,無黨籍及未經政黨推薦,0,民主進步黨,0,無黨籍及未經政黨推薦,0,無黨籍及未經政黨推薦,0,民主進步黨,5746,94,5840,0,5840,1788,7628,76.56
週美里,0026,0,民主進步黨,0,中國國民黨,0,中國國民黨,5214,民主進步黨,0,民主進步黨,0,中國國民黨,0,中國國民黨,0,中國國民黨,0,中國國民黨,0,無黨籍及未經政黨推薦,0,中國國民黨,0,無黨籍及未經政黨推薦,0,民主進步黨,0,民主進步黨,0,民主進步黨,1212,中國國民黨,0,民主進步黨,0,民主進步黨,0,民主進步黨,0,中國國民黨,0,民主進步黨,0,無黨籍及未經政黨推薦,0,無黨籍及未經政黨推薦,0,無黨籍及未經政黨推薦,0,中國國民黨,0,民主進步黨,0,中國國民黨,4628,中國國民黨,0,無黨籍及未經政黨推薦,0,中國國民黨,0,中國國民黨,0,民主進步黨,0,無黨籍及未經政黨推薦,0,民主進步黨,0,無黨籍及未經政黨推薦,0,無黨籍及未經政黨推薦,0,中國國民黨,0,中國國民黨,0,民主進步黨,12,中國國民黨,0,中國國民黨,0,民主進步黨,0,民主進步黨,0,無黨籍及未經政黨推薦,0,中國國民黨,0,無黨籍及未經政黨推薦,0,無黨籍及未經政黨推薦,0,中國國民黨,0,民主進步黨,0,中國國民黨,62,無黨籍及未經政黨推薦,0,無黨籍及未經政黨推薦,0,無黨籍及未經政黨推薦,0,民主進步黨,0,無黨籍及未經政黨推薦,0,無黨籍及未經政黨推薦,0,民主進步黨,11128,230,11358,0,11358,3578,14936,76.04
行善里,0027,0,民主進步黨,0,中國國民黨,0,中國國民黨,4016,民主進步黨,0,民主進步黨,0,中國國民黨,0,中國國民黨,0,中國國民黨,0,中國國民黨,0,無黨籍及未經政黨推薦,0,中國國民黨,0,無黨籍及未經政黨推薦,0,民主進步黨,0,民主進步黨,0,民主進步黨,1024,中國國民黨,0,民主進步黨,0,民主進步黨,0,民主進步黨,0,中國國民黨,0,民主進步黨,0,無黨籍及未經政黨推薦,0,無黨籍及未經政黨推薦,0,無黨籍及未經政黨推薦,0,中國國民黨,0,民主進步黨,0,中國國民黨,3760,中國國民黨,0,無黨籍及未經政黨推薦,0,中國國民黨,0,中國國民黨,0,民主進步黨,0,無黨籍及未經政黨推薦,0,民主進步黨,0,無黨籍及未經政黨推薦,0,無黨籍及未經政黨推薦,0,中國國民黨,0,中國國民黨,0,民主進步黨,18,中國國民黨,0,中國國民黨,0,民主進步黨,0,民主進步黨,0,無黨籍及未經政黨推薦,0,中國國民黨,0,無黨籍及未經政黨推薦,0,無黨籍及未經政黨推薦,0,中國國民黨,0,民主進步黨,0,中國國民黨,74,無黨籍及未經政黨推薦,0,無黨籍及未經政黨推薦,0,無黨籍及未經政黨推薦,0,民主進步黨,0,無黨籍及未經政黨推薦,0,無黨籍及未經政黨推薦,0,民主進步黨,8892,144,9036,0,9036,2812,11848,76.27
石潭里,0028,0,民主進步黨,0,中國國民黨,0,中國國民黨,2384,民主進步黨,0,民主進步黨,0,中國國民黨,0,中國國民黨,0,中國國民黨,0,中國國民黨,0,無黨籍及未經政黨推薦,0,中國國民黨,0,無黨籍及未經政黨推薦,0,民主進步黨,0,民主進步黨,0,民主進步黨,574,中國國民黨,0,民主進步黨,0,民主進步黨,0,民主進步黨,0,中國國民黨,0,民主進步黨,0,無黨籍及未經政黨推薦,0,無黨籍及未經政黨推薦,0,無黨籍及未經政黨推薦,0,中國國民黨,0,民主進步黨,0,中國國民黨,1906,中國國民黨,0,無黨籍及未經政黨推薦,0,中國國民黨,0,中國國民黨,0,民主進步黨,0,無黨籍及未經政黨推薦,0,民主進步黨,0,無黨籍及未經政黨推薦,0,無黨籍及未經政黨推薦,0,中國國民黨,0,中國國民黨,0,民主進步黨,18,中國國民黨,0,中國國民黨,0,民主進步黨,0,民主進步黨,0,無黨籍及未經政黨推薦,0,中國國民黨,0,無黨籍及未經政黨推薦,0,無黨籍及未經政黨推薦,0,中國國民黨,0,民主進步黨,0,中國國民黨,36,無黨籍及未經政黨推薦,0,無黨籍及未經政黨推薦,0,無黨籍及未經政黨推薦,0,民主進步黨,0,無黨籍及未經政黨推薦,0,無黨籍及未經政黨推薦,0,民主進步黨,4918,84,5002,0,5002,1802,6804,73.52
湖興里,0029,0,民主進步黨,0,中國國民黨,0,中國國民黨,4170,民主進步黨,0,民主進步黨,0,中國國民黨,0,中國國民黨,0,中國國民黨,0,中國國民黨,0,無黨籍及未經政黨推薦,0,中國國民黨,0,無黨籍及未經政黨推薦,0,民主進步黨,0,民主進步黨,0,民主進步黨,1114,中國國民黨,0,民主進步黨,0,民主進步黨,0,民主進步黨,0,中國國民黨,0,民主進步黨,0,無黨籍及未經政黨推薦,0,無黨籍及未經政黨推薦,0,無黨籍及未經政黨推薦,0,中國國民黨,0,民主進步黨,0,中國國民黨,3648,中國國民黨,0,無黨籍及未經政黨推薦,0,中國國民黨,0,中國國民黨,0,民主進步黨,0,無黨籍及未經政黨推薦,0,民主進步黨,0,無黨籍及未經政黨推薦,0,無黨籍及未經政黨推薦,0,中國國民黨,0,中國國民黨,0,民主進步黨,14,中國國民黨,0,中國國民黨,0,民主進步黨,0,民主進步黨,0,無黨籍及未經政黨推薦,0,中國國民黨,0,無黨籍及未經政黨推薦,0,無黨籍及未經政黨推薦,0,中國國民黨,0,民主進步黨,0,中國國民黨,58,無黨籍及未經政黨推薦,0,無黨籍及未經政黨推薦,0,無黨籍及未經政黨推薦,0,民主進步黨,0,無黨籍及未經政黨推薦,0,無黨籍及未經政黨推薦,0,民主進步黨,9004,150,9154,0,9154,5308,14462,63.3
湖元里,0030,0,民主進步黨,0,中國國民黨,0,中國國民黨,3308,民主進步黨,0,民主進步黨,0,中國國民黨,0,中國國民黨,0,中國國民黨,0,中國國民黨,0,無黨籍及未經政黨推薦,0,中國國民黨,0,無黨籍及未經政黨推薦,0,民主進步黨,0,民主進步黨,0,民主進步黨,948,中國國民黨,0,民主進步黨,0,民主進步黨,0,民主進步黨,0,中國國民黨,0,民主進步黨,0,無黨籍及未經政黨推薦,0,無黨籍及未經政黨推薦,0,無黨籍及未經政黨推薦,0,中國國民黨,0,民主進步黨,0,中國國民黨,3416,中國國民黨,0,無黨籍及未經政黨推薦,0,中國國民黨,0,中國國民黨,0,民主進步黨,0,無黨籍及未經政黨推薦,0,民主進步黨,0,無黨籍及未經政黨推薦,0,無黨籍及未經政黨推薦,0,中國國民黨,0,中國國民黨,0,民主進步黨,16,中國國民黨,0,中國國民黨,0,民主進步黨,0,民主進步黨,0,無黨籍及未經政黨推薦,0,中國國民黨,0,無黨籍及未經政黨推薦,0,無黨籍及未經政黨推薦,0,中國國民黨,0,民主進步黨,0,中國國民黨,54,無黨籍及未經政黨推薦,0,無黨籍及未經政黨推薦,0,無黨籍及未經政黨推薦,0,民主進步黨,0,無黨籍及未經政黨推薦,0,無黨籍及未經政黨推薦,0,民主進步黨,7742,146,7888,0,7888,2670,10558,74.71
安湖里,0031,0,民主進步黨,0,中國國民黨,0,中國國民黨,3978,民主進步黨,0,民主進步黨,0,中國國民黨,0,中國國民黨,0,中國國民黨,0,中國國民黨,0,無黨籍及未經政黨推薦,0,中國國民黨,0,無黨籍及未經政黨推薦,0,民主進步黨,0,民主進步黨,0,民主進步黨,1094,中國國民黨,0,民主進步黨,0,民主進步黨,0,民主進步黨,0,中國國民黨,0,民主進步黨,0,無黨籍及未經政黨推薦,0,無黨籍及未經政黨推薦,0,無黨籍及未經政黨推薦,0,中國國民黨,0,民主進步黨,0,中國國民黨,3968,中國國民黨,0,無黨籍及未經政黨推薦,0,中國國民黨,0,中國國民黨,0,民主進步黨,0,無黨籍及未經政黨推薦,0,民主進步黨,0,無黨籍及未經政黨推薦,0,無黨籍及未經政黨推薦,0,中國國民黨,0,中國國民黨,0,民主進步黨,18,中國國民黨,0,中國國民黨,0,民主進步黨,0,民主進步黨,0,無黨籍及未經政黨推薦,0,中國國民黨,0,無黨籍及未經政黨推薦,0,無黨籍及未經政黨推薦,0,中國國民黨,0,民主進步黨,0,中國國民黨,64,無黨籍及未經政黨推薦,0,無黨籍及未經政黨推薦,0,無黨籍及未經政黨推薦,0,民主進步黨,0,無黨籍及未經政黨推薦,0,無黨籍及未經政黨推薦,0,民主進步黨,9122,142,9264,0,9264,2846,12110,76.5
秀湖里,0032,0,民主進步黨,0,中國國民黨,0,中國國民黨,4016,民主進步黨,0,民主進步黨,0,中國國民黨,0,中國國民黨,0,中國國民黨,0,中國國民黨,0,無黨籍及未經政黨推薦,0,中國國民黨,0,無黨籍及未經政黨推薦,0,民主進步黨,0,民主進步黨,0,民主進步黨,824,中國國民黨,0,民主進步黨,0,民主進步黨,0,民主進步黨,0,中國國民黨,0,民主進步黨,0,無黨籍及未經政黨推薦,0,無黨籍及未經政黨推薦,0,無黨籍及未經政黨推薦,0,中國國民黨,0,民主進步黨,0,中國國民黨,2766,中國國民黨,0,無黨籍及未經政黨推薦,0,中國國民黨,0,中國國民黨,0,民主進步黨,0,無黨籍及未經政黨推薦,0,民主進步黨,0,無黨籍及未經政黨推薦,0,無黨籍及未經政黨推薦,0,中國國民黨,0,中國國民黨,0,民主進步黨,4,中國國民黨,0,中國國民黨,0,民主進步黨,0,民主進步黨,0,無黨籍及未經政黨推薦,0,中國國民黨,0,無黨籍及未經政黨推薦,0,無黨籍及未經政黨推薦,0,中國國民黨,0,民主進步黨,0,中國國民黨,70,無黨籍及未經政黨推薦,0,無黨籍及未經政黨推薦,0,無黨籍及未經政黨推薦,0,民主進步黨,0,無黨籍及未經政黨推薦,0,無黨籍及未經政黨推薦,0,民主進步黨,7680,112,7792,0,7792,2506,10298,75.67
安泰里,0033,0,民主進步黨,0,中國國民黨,0,中國國民黨,3056,民主進步黨,0,民主進步黨,0,中國國民黨,0,中國國民黨,0,中國國民黨,0,中國國民黨,0,無黨籍及未經政黨推薦,0,中國國民黨,0,無黨籍及未經政黨推薦,0,民主進步黨,0,民主進步黨,0,民主進步黨,686,中國國民黨,0,民主進步黨,0,民主進步黨,0,民主進步黨,0,中國國民黨,0,民主進步黨,0,無黨籍及未經政黨推薦,0,無黨籍及未經政黨推薦,0,無黨籍及未經政黨推薦,0,中國國民黨,0,民主進步黨,0,中國國民黨,2630,中國國民黨,0,無黨籍及未經政黨推薦,0,中國國民黨,0,中國國民黨,0,民主進步黨,0,無黨籍及未經政黨推薦,0,民主進步黨,0,無黨籍及未經政黨推薦,0,無黨籍及未經政黨推薦,0,中國國民黨,0,中國國民黨,0,民主進步黨,24,中國國民黨,0,中國國民黨,0,民主進步黨,0,民主進步黨,0,無黨籍及未經政黨推薦,0,中國國民黨,0,無黨籍及未經政黨推薦,0,無黨籍及未經政黨推薦,0,中國國民黨,0,民主進步黨,0,中國國民黨,38,無黨籍及未經政黨推薦,0,無黨籍及未經政黨推薦,0,無黨籍及未經政黨推薦,0,民主進步黨,0,無黨籍及未經政黨推薦,0,無黨籍及未經政黨推薦,0,民主進步黨,6434,120,6554,0,6554,2148,8702,75.32
金湖里,0034,0,民主進步黨,0,中國國民黨,0,中國國民黨,5936,民主進步黨,0,民主進步黨,0,中國國民黨,0,中國國民黨,0,中國國民黨,0,中國國民黨,0,無黨籍及未經政黨推薦,0,中國國民黨,0,無黨籍及未經政黨推薦,0,民主進步黨,0,民主進步黨,0,民主進步黨,1328,中國國民黨,0,民主進步黨,0,民主進步黨,0,民主進步黨,0,中國國民黨,0,民主進步黨,0,無黨籍及未經政黨推薦,0,無黨籍及未經政黨推薦,0,無黨籍及未經政黨推薦,0,中國國民黨,0,民主進步黨,0,中國國民黨,4444,中國國民黨,0,無黨籍及未經政黨推薦,0,中國國民黨,0,中國國民黨,0,民主進步黨,0,無黨籍及未經政黨推薦,0,民主進步黨,0,無黨籍及未經政黨推薦,0,無黨籍及未經政黨推薦,0,中國國民黨,0,中國國民黨,0,民主進步黨,14,中國國民黨,0,中國國民黨,0,民主進步黨,0,民主進步黨,0,無黨籍及未經政黨推薦,0,中國國民黨,0,無黨籍及未經政黨推薦,0,無黨籍及未經政黨推薦,0,中國國民黨,0,民主進步黨,0,中國國民黨,90,無黨籍及未經政黨推薦,0,無黨籍及未經政黨推薦,0,無黨籍及未經政黨推薦,0,民主進步黨,0,無黨籍及未經政黨推薦,0,無黨籍及未經政黨推薦,0,民主進步黨,11812,186,11998,0,11998,3746,15744,76.21
康寧里,0035,0,民主進步黨,0,中國國民黨,0,中國國民黨,4736,民主進步黨,0,民主進步黨,0,中國國民黨,0,中國國民黨,0,中國國民黨,0,中國國民黨,0,無黨籍及未經政黨推薦,0,中國國民黨,0,無黨籍及未經政黨推薦,0,民主進步黨,0,民主進步黨,0,民主進步黨,1216,中國國民黨,0,民主進步黨,0,民主進步黨,0,民主進步黨,0,中國國民黨,0,民主進步黨,0,無黨籍及未經政黨推薦,0,無黨籍及未經政黨推薦,0,無黨籍及未經政黨推薦,0,中國國民黨,0,民主進步黨,0,中國國民黨,3986,中國國民黨,0,無黨籍及未經政黨推薦,0,中國國民黨,0,中國國民黨,0,民主進步黨,0,無黨籍及未經政黨推薦,0,民主進步黨,0,無黨籍及未經政黨推薦,0,無黨籍及未經政黨推薦,0,中國國民黨,0,中國國民黨,0,民主進步黨,14,中國國民黨,0,中國國民黨,0,民主進步黨,0,民主進步黨,0,無黨籍及未經政黨推薦,0,中國國民黨,0,無黨籍及未經政黨推薦,0,無黨籍及未經政黨推薦,0,中國國民黨,0,民主進步黨,0,中國國民黨,66,無黨籍及未經政黨推薦,0,無黨籍及未經政黨推薦,0,無黨籍及未經政黨推薦,0,民主進步黨,0,無黨籍及未經政黨推薦,0,無黨籍及未經政黨推薦,0,民主進步黨,10018,160,10178,0,10178,3298,13476,75.53
明湖里,0036,0,民主進步黨,0,中國國民黨,0,中國國民黨,2800,民主進步黨,0,民主進步黨,0,中國國民黨,0,中國國民黨,0,中國國民黨,0,中國國民黨,0,無黨籍及未經政黨推薦,0,中國國民黨,0,無黨籍及未經政黨推薦,0,民主進步黨,0,民主進步黨,0,民主進步黨,754,中國國民黨,0,民主進步黨,0,民主進步黨,0,民主進步黨,0,中國國民黨,0,民主進步黨,0,無黨籍及未經政黨推薦,0,無黨籍及未經政黨推薦,0,無黨籍及未經政黨推薦,0,中國國民黨,0,民主進步黨,0,中國國民黨,2744,中國國民黨,0,無黨籍及未經政黨推薦,0,中國國民黨,0,中國國民黨,0,民主進步黨,0,無黨籍及未經政黨推薦,0,民主進步黨,0,無黨籍及未經政黨推薦,0,無黨籍及未經政黨推薦,0,中國國民黨,0,中國國民黨,0,民主進步黨,6,中國國民黨,0,中國國民黨,0,民主進步黨,0,民主進步黨,0,無黨籍及未經政黨推薦,0,中國國民黨,0,無黨籍及未經政黨推薦,0,無黨籍及未經政黨推薦,0,中國國民黨,0,民主進步黨,0,中國國民黨,36,無黨籍及未經政黨推薦,0,無黨籍及未經政黨推薦,0,無黨籍及未經政黨推薦,0,民主進步黨,0,無黨籍及未經政黨推薦,0,無黨籍及未經政黨推薦,0,民主進步黨,6340,140,6480,0,6480,1902,8382,77.31
蘆洲里,0037,0,民主進步黨,0,中國國民黨,0,中國國民黨,650,民主進步黨,0,民主進步黨,0,中國國民黨,0,中國國民黨,0,中國國民黨,0,中國國民黨,0,無黨籍及未經政黨推薦,0,中國國民黨,0,無黨籍及未經政黨推薦,0,民主進步黨,0,民主進步黨,0,民主進步黨,146,中國國民黨,0,民主進步黨,0,民主進步黨,0,民主進步黨,0,中國國民黨,0,民主進步黨,0,無黨籍及未經政黨推薦,0,無黨籍及未經政黨推薦,0,無黨籍及未經政黨推薦,0,中國國民黨,0,民主進步黨,0,中國國民黨,556,中國國民黨,0,無黨籍及未經政黨推薦,0,中國國民黨,0,中國國民黨,0,民主進步黨,0,無黨籍及未經政黨推薦,0,民主進步黨,0,無黨籍及未經政黨推薦,0,無黨籍及未經政黨推薦,0,中國國民黨,0,中國國民黨,0,民主進步黨,4,中國國民黨,0,中國國民黨,0,民主進步黨,0,民主進步黨,0,無黨籍及未經政黨推薦,0,中國國民黨,0,無黨籍及未經政黨推薦,0,無黨籍及未經政黨推薦,0,中國國民黨,0,民主進步黨,0,中國國民黨,14,無黨籍及未經政黨推薦,0,無黨籍及未經政黨推薦,0,無黨籍及未經政黨推薦,0,民主進步黨,0,無黨籍及未經政黨推薦,0,無黨籍及未經政黨推薦,0,民主進步黨,1370,26,1396,0,1396,612,2008,69.52
麗山里,0038,0,民主進步黨,0,中國國民黨,0,中國國民黨,3016,民主進步黨,0,民主進步黨,0,中國國民黨,0,中國國民黨,0,中國國民黨,0,中國國民黨,0,無黨籍及未經政黨推薦,0,中國國民黨,0,無黨籍及未經政黨推薦,0,民主進步黨,0,民主進步黨,0,民主進步黨,896,中國國民黨,0,民主進步黨,0,民主進步黨,0,民主進步黨,0,中國國民黨,0,民主進步黨,0,無黨籍及未經政黨推薦,0,無黨籍及未經政黨推薦,0,無黨籍及未經政黨推薦,0,中國國民黨,0,民主進步黨,0,中國國民黨,3240,中國國民黨,0,無黨籍及未經政黨推薦,0,中國國民黨,0,中國國民黨,0,民主進步黨,0,無黨籍及未經政黨推薦,0,民主進步黨,0,無黨籍及未經政黨推薦,0,無黨籍及未經政黨推薦,0,中國國民黨,0,中國國民黨,0,民主進步黨,10,中國國民黨,0,中國國民黨,0,民主進步黨,0,民主進步黨,0,無黨籍及未經政黨推薦,0,中國國民黨,0,無黨籍及未經政黨推薦,0,無黨籍及未經政黨推薦,0,中國國民黨,0,民主進步黨,0,中國國民黨,36,無黨籍及未經政黨推薦,0,無黨籍及未經政黨推薦,0,無黨籍及未經政黨推薦,0,民主進步黨,0,無黨籍及未經政黨推薦,0,無黨籍及未經政黨推薦,0,民主進步黨,7198,138,7336,0,7336,2302,9638,76.12
寶湖里,0039,0,民主進步黨,0,中國國民黨,0,中國國民黨,5990,民主進步黨,0,民主進步黨,0,中國國民黨,0,中國國民黨,0,中國國民黨,0,中國國民黨,0,無黨籍及未經政黨推薦,0,中國國民黨,0,無黨籍及未經政黨推薦,0,民主進步黨,0,民主進步黨,0,民主進步黨,1324,中國國民黨,0,民主進步黨,0,民主進步黨,0,民主進步黨,0,中國國民黨,0,民主進步黨,0,無黨籍及未經政黨推薦,0,無黨籍及未經政黨推薦,0,無黨籍及未經政黨推薦,0,中國國民黨,0,民主進步黨,0,中國國民黨,4324,中國國民黨,0,無黨籍及未經政黨推薦,0,中國國民黨,0,中國國民黨,0,民主進步黨,0,無黨籍及未經政黨推薦,0,民主進步黨,0,無黨籍及未經政黨推薦,0,無黨籍及未經政黨推薦,0,中國國民黨,0,中國國民黨,0,民主進步黨,20,中國國民黨,0,中國國民黨,0,民主進步黨,0,民主進步黨,0,無黨籍及未經政黨推薦,0,中國國民黨,0,無黨籍及未經政黨推薦,0,無黨籍及未經政黨推薦,0,中國國民黨,0,民主進步黨,0,中國國民黨,102,無黨籍及未經政黨推薦,0,無黨籍及未經政黨推薦,0,無黨籍及未經政黨推薦,0,民主進步黨,0,無黨籍及未經政黨推薦,0,無黨籍及未經政黨推薦,0,民主進步黨,11760,200,11960,0,11960,3852,15812,75.64
南湖里,0040,0,民主進步黨,0,中國國民黨,0,中國國民黨,3266,民主進步黨,0,民主進步黨,0,中國國民黨,0,中國國民黨,0,中國國民黨,0,中國國民黨,0,無黨籍及未經政黨推薦,0,中國國民黨,0,無黨籍及未經政黨推薦,0,民主進步黨,0,民主進步黨,0,民主進步黨,714,中國國民黨,0,民主進步黨,0,民主進步黨,0,民主進步黨,0,中國國民黨,0,民主進步黨,0,無黨籍及未經政黨推薦,0,無黨籍及未經政黨推薦,0,無黨籍及未經政黨推薦,0,中國國民黨,0,民主進步黨,0,中國國民黨,2686,中國國民黨,0,無黨籍及未經政黨推薦,0,中國國民黨,0,中國國民黨,0,民主進步黨,0,無黨籍及未經政黨推薦,0,民主進步黨,0,無黨籍及未經政黨推薦,0,無黨籍及未經政黨推薦,0,中國國民黨,0,中國國民黨,0,民主進步黨,4,中國國民黨,0,中國國民黨,0,民主進步黨,0,民主進步黨,0,無黨籍及未經政黨推薦,0,中國國民黨,0,無黨籍及未經政黨推薦,0,無黨籍及未經政黨推薦,0,中國國民黨,0,民主進步黨,0,中國國民黨,46,無黨籍及未經政黨推薦,0,無黨籍及未經政黨推薦,0,無黨籍及未經政黨推薦,0,民主進步黨,0,無黨籍及未經政黨推薦,0,無黨籍及未經政黨推薦,0,民主進步黨,6716,108,6824,0,6824,2138,8962,76.14
