村里別,投開票所別,蔡其昌,蔡其昌_黨籍,林淑芬,林淑芬_黨籍,謝衣鳯,謝衣鳯_黨籍,林岱樺,林岱樺_黨籍,蘇巧慧,蘇巧慧_黨籍,張宏陸,張宏陸_黨籍,何欣純,何欣純_黨籍,邱烽堯,邱烽堯_黨籍,陳愷寧,陳愷寧_黨籍,林金結,林金結_黨籍,廖再興,廖再興_黨籍,賴嘉倫,賴嘉倫_黨籍,陳歐珀,陳歐珀_黨籍,邱志偉,邱志偉_黨籍,魯明哲,魯明哲_黨籍,李彥秀,李彥秀_黨籍,莊競程,莊競程_黨籍,趙正宇,趙正宇_黨籍,柯志恩,柯志恩_黨籍,江啟臣,江啟臣_黨籍,林聲洲,林聲洲_黨籍,吳琪銘,吳琪銘_黨籍,臧汝興,臧汝興_黨籍,張志偉,張志偉_黨籍,賴惠員,賴惠員_黨籍,郭國文,郭國文_黨籍,陳亭妃,陳亭妃_黨籍,吳秉叡,吳秉叡_黨籍,李昆澤,李昆澤_黨籍,林奕華,林奕華_黨籍,許智傑,許智傑_黨籍,賴瑞隆,賴瑞隆_黨籍,蔡沐霖,蔡沐霖_黨籍,李縉穎,李縉穎_黨籍,羅明才,羅明才_黨籍,周武榮,周武榮_黨籍,蔡易餘,蔡易餘_黨籍,謝淑亞,謝淑亞_黨籍,蔣萬安,蔣萬安_黨籍,陳素月,陳素月_黨籍,蔡淑惠,蔡淑惠_黨籍,王定宇,王定宇_黨籍,莊子富,莊子富_黨籍,柯士翎,柯士翎_黨籍,林德福,林德福_黨籍,劉瑞娜,劉瑞娜_黨籍,李欣翰,李欣翰_黨籍,李永萍,李永萍_黨籍,呂國華,呂國華_黨籍,吳志揚,吳志揚_黨籍,林佳瑋,林佳瑋_黨籍,高嘉瑜,高嘉瑜_黨籍,蔣絜安,蔣絜安_黨籍,李中,李中_黨籍,吳達偉,吳達偉_黨籍,江永昌,江永昌_黨籍,楊智淵,楊智淵_黨籍,曾怡晴,曾怡晴_黨籍,胡大剛,胡大剛_黨籍,張依維,張依維_黨籍,呂孫綾,呂孫綾_黨籍,徐志榮,徐志榮_黨籍,楊瓊瓔,楊瓊瓔_黨籍,張廖萬堅,張廖萬堅_黨籍,林昶佐,林昶佐_黨籍,謝佩芬,謝佩芬_黨籍,林杰正,林杰正_黨籍,賴士葆,賴士葆_黨籍,詹宇賢,詹宇賢_黨籍,廖麗娟,廖麗娟_黨籍,賴品妤,賴品妤_黨籍,洪孟楷,洪孟楷_黨籍,邱靖雅,邱靖雅_黨籍,郭新政,郭新政_黨籍,陳明義,陳明義_黨籍,顧吉熙,顧吉熙_黨籍,劉哲嘉,劉哲嘉_黨籍,羅致政,羅致政_黨籍,顏銘緯,顏銘緯_黨籍,張銘祐,張銘祐_黨籍,孫繼正,孫繼正_黨籍,有效票數A,無效票數B,投票數C,已領未投票數D,發出票數E,用餘票數F,選舉人數G,投票率H
國豐里,0001,0,民主進步黨,0,民主進步黨,0,中國國民黨,0,民主進步黨,0,民主進步黨,0,民主進步黨,0,民主進步黨,0,中國國民黨,0,無黨籍及未經政黨推薦,0,中國國民黨,88,無黨籍及未經政黨推薦,0,無黨籍及未經政黨推薦,0,民主進步黨,0,民主進步黨,0,中國國民黨,0,中國國民黨,0,民主進步黨,0,無黨籍及未經政黨推薦,0,中國國民黨,0,中國國民黨,0,台澎黨,0,民主進步黨,32,台澎黨,0,無黨籍及未經政黨推薦,0,民主進步黨,0,民主進步黨,0,民主進步黨,0,民主進步黨,0,民主進步黨,0,中國國民黨,0,民主進步黨,0,民主進步黨,0,民主進步黨,0,無黨籍及未經政黨推薦,2668,中國國民黨,0,無黨籍及未經政黨推薦,0,民主進步黨,0,中國國民黨,0,中國國民黨,0,民主進步黨,0,中國國民黨,0,民主進步黨,0,中國國民黨,0,無黨籍及未經政黨推薦,0,中國國民黨,0,無黨籍及未經政黨推薦,194,無黨籍及未經政黨推薦,0,中國國民黨,0,中國國民黨,0,中國國民黨,0,無黨籍及未經政黨推薦,0,民主進步黨,0,民主進步黨,0,中國國民黨,0,無黨籍及未經政黨推薦,0,民主進步黨,0,無黨籍及未經政黨推薦,0,無黨籍及未經政黨推薦,6,無黨籍及未經政黨推薦,0,無黨籍及未經政黨推薦,0,民主進步黨,0,中國國民黨,0,中國國民黨,0,民主進步黨,0,無黨籍及未經政黨推薦,0,民主進步黨,0,無黨籍及未經政黨推薦,0,中國國民黨,0,無黨籍及未經政黨推薦,66,無黨籍及未經政黨推薦,0,民主進步黨,0,中國國民黨,0,無黨籍及未經政黨推薦,0,無黨籍及未經政黨推薦,0,中國國民黨,0,無黨籍及未經政黨推薦,0,無黨籍及未經政黨推薦,0,民主進步黨,0,無黨籍及未經政黨推薦,1216,民主進步黨,0,無黨籍及未經政黨推薦,4270,124,4394,0,4394,1342,5736,76.6
明德里,0002,0,民主進步黨,0,民主進步黨,0,中國國民黨,0,民主進步黨,0,民主進步黨,0,民主進步黨,0,民主進步黨,0,中國國民黨,0,無黨籍及未經政黨推薦,0,中國國民黨,104,無黨籍及未經政黨推薦,0,無黨籍及未經政黨推薦,0,民主進步黨,0,民主進步黨,0,中國國民黨,0,中國國民黨,0,民主進步黨,0,無黨籍及未經政黨推薦,0,中國國民黨,0,中國國民黨,0,台澎黨,0,民主進步黨,48,台澎黨,0,無黨籍及未經政黨推薦,0,民主進步黨,0,民主進步黨,0,民主進步黨,0,民主進步黨,0,民主進步黨,0,中國國民黨,0,民主進步黨,0,民主進步黨,0,民主進步黨,0,無黨籍及未經政黨推薦,3166,中國國民黨,0,無黨籍及未經政黨推薦,0,民主進步黨,0,中國國民黨,0,中國國民黨,0,民主進步黨,0,中國國民黨,0,民主進步黨,0,中國國民黨,0,無黨籍及未經政黨推薦,0,中國國民黨,0,無黨籍及未經政黨推薦,182,無黨籍及未經政黨推薦,0,中國國民黨,0,中國國民黨,0,中國國民黨,0,無黨籍及未經政黨推薦,0,民主進步黨,0,民主進步黨,0,中國國民黨,0,無黨籍及未經政黨推薦,0,民主進步黨,0,無黨籍及未經政黨推薦,0,無黨籍及未經政黨推薦,16,無黨籍及未經政黨推薦,0,無黨籍及未經政黨推薦,0,民主進步黨,0,中國國民黨,0,中國國民黨,0,民主進步黨,0,無黨籍及未經政黨推薦,0,民主進步黨,0,無黨籍及未經政黨推薦,0,中國國民黨,0,無黨籍及未經政黨推薦,50,無黨籍及未經政黨推薦,0,民主進步黨,0,中國國民黨,0,無黨籍及未經政黨推薦,0,無黨籍及未經政黨推薦,0,中國國民黨,0,無黨籍及未經政黨推薦,0,無黨籍及未經政黨推薦,0,民主進步黨,0,無黨籍及未經政黨推薦,1652,民主進步黨,0,無黨籍及未經政黨推薦,5218,140,5358,0,5358,1616,6974,76.83
大豐里,0003,0,民主進步黨,0,民主進步黨,0,中國國民黨,0,民主進步黨,0,民主進步黨,0,民主進步黨,0,民主進步黨,0,中國國民黨,0,無黨籍及未經政黨推薦,0,中國國民黨,58,無黨籍及未經政黨推薦,0,無黨籍及未經政黨推薦,0,民主進步黨,0,民主進步黨,0,中國國民黨,0,中國國民黨,0,民主進步黨,0,無黨籍及未經政黨推薦,0,中國國民黨,0,中國國民黨,0,台澎黨,0,民主進步黨,24,台澎黨,0,無黨籍及未經政黨推薦,0,民主進步黨,0,民主進步黨,0,民主進步黨,0,民主進步黨,0,民主進步黨,0,中國國民黨,0,民主進步黨,0,民主進步黨,0,民主進步黨,0,無黨籍及未經政黨推薦,2908,中國國民黨,0,無黨籍及未經政黨推薦,0,民主進步黨,0,中國國民黨,0,中國國民黨,0,民主進步黨,0,中國國民黨,0,民主進步黨,0,中國國民黨,0,無黨籍及未經政黨推薦,0,中國國民黨,0,無黨籍及未經政黨推薦,188,無黨籍及未經政黨推薦,0,中國國民黨,0,中國國民黨,0,中國國民黨,0,無黨籍及未經政黨推薦,0,民主進步黨,0,民主進步黨,0,中國國民黨,0,無黨籍及未經政黨推薦,0,民主進步黨,0,無黨籍及未經政黨推薦,0,無黨籍及未經政黨推薦,14,無黨籍及未經政黨推薦,0,無黨籍及未經政黨推薦,0,民主進步黨,0,中國國民黨,0,中國國民黨,0,民主進步黨,0,無黨籍及未經政黨推薦,0,民主進步黨,0,無黨籍及未經政黨推薦,0,中國國民黨,0,無黨籍及未經政黨推薦,52,無黨籍及未經政黨推薦,0,民主進步黨,0,中國國民黨,0,無黨籍及未經政黨推薦,0,無黨籍及未經政黨推薦,0,中國國民黨,0,無黨籍及未經政黨推薦,0,無黨籍及未經政黨推薦,0,民主進步黨,0,無黨籍及未經政黨推薦,1720,民主進步黨,0,無黨籍及未經政黨推薦,4964,148,5112,0,5112,1502,6614,77.29
大同里,0004,0,民主進步黨,0,民主進步黨,0,中國國民黨,0,民主進步黨,0,民主進步黨,0,民主進步黨,0,民主進步黨,0,中國國民黨,0,無黨籍及未經政黨推薦,0,中國國民黨,86,無黨籍及未經政黨推薦,0,無黨籍及未經政黨推薦,0,民主進步黨,0,民主進步黨,0,中國國民黨,0,中國國民黨,0,民主進步黨,0,無黨籍及未經政黨推薦,0,中國國民黨,0,中國國民黨,0,台澎黨,0,民主進步黨,28,台澎黨,0,無黨籍及未經政黨推薦,0,民主進步黨,0,民主進步黨,0,民主進步黨,0,民主進步黨,0,民主進步黨,0,中國國民黨,0,民主進步黨,0,民主進步黨,0,民主進步黨,0,無黨籍及未經政黨推薦,3192,中國國民黨,0,無黨籍及未經政黨推薦,0,民主進步黨,0,中國國民黨,0,中國國民黨,0,民主進步黨,0,中國國民黨,0,民主進步黨,0,中國國民黨,0,無黨籍及未經政黨推薦,0,中國國民黨,0,無黨籍及未經政黨推薦,214,無黨籍及未經政黨推薦,0,中國國民黨,0,中國國民黨,0,中國國民黨,0,無黨籍及未經政黨推薦,0,民主進步黨,0,民主進步黨,0,中國國民黨,0,無黨籍及未經政黨推薦,0,民主進步黨,0,無黨籍及未經政黨推薦,0,無黨籍及未經政黨推薦,6,無黨籍及未經政黨推薦,0,無黨籍及未經政黨推薦,0,民主進步黨,0,中國國民黨,0,中國國民黨,0,民主進步黨,0,無黨籍及未經政黨推薦,0,民主進步黨,0,無黨籍及未經政黨推薦,0,中國國民黨,0,無黨籍及未經政黨推薦,80,無黨籍及未經政黨推薦,0,民主進步黨,0,中國國民黨,0,無黨籍及未經政黨推薦,0,無黨籍及未經政黨推薦,0,中國國民黨,0,無黨籍及未經政黨推薦,0,無黨籍及未經政黨推薦,0,民主進步黨,0,無黨籍及未經政黨推薦,1842,民主進步黨,0,無黨籍及未經政黨推薦,5448,110,5558,0,5558,1400,6958,79.88
江陵里,0005,0,民主進步黨,0,民主進步黨,0,中國國民黨,0,民主進步黨,0,民主進步黨,0,民主進步黨,0,民主進步黨,0,中國國民黨,0,無黨籍及未經政黨推薦,0,中國國民黨,94,無黨籍及未經政黨推薦,0,無黨籍及未經政黨推薦,0,民主進步黨,0,民主進步黨,0,中國國民黨,0,中國國民黨,0,民主進步黨,0,無黨籍及未經政黨推薦,0,中國國民黨,0,中國國民黨,0,台澎黨,0,民主進步黨,66,台澎黨,0,無黨籍及未經政黨推薦,0,民主進步黨,0,民主進步黨,0,民主進步黨,0,民主進步黨,0,民主進步黨,0,中國國民黨,0,民主進步黨,0,民主進步黨,0,民主進步黨,0,無黨籍及未經政黨推薦,4370,中國國民黨,0,無黨籍及未經政黨推薦,0,民主進步黨,0,中國國民黨,0,中國國民黨,0,民主進步黨,0,中國國民黨,0,民主進步黨,0,中國國民黨,0,無黨籍及未經政黨推薦,0,中國國民黨,0,無黨籍及未經政黨推薦,258,無黨籍及未經政黨推薦,0,中國國民黨,0,中國國民黨,0,中國國民黨,0,無黨籍及未經政黨推薦,0,民主進步黨,0,民主進步黨,0,中國國民黨,0,無黨籍及未經政黨推薦,0,民主進步黨,0,無黨籍及未經政黨推薦,0,無黨籍及未經政黨推薦,14,無黨籍及未經政黨推薦,0,無黨籍及未經政黨推薦,0,民主進步黨,0,中國國民黨,0,中國國民黨,0,民主進步黨,0,無黨籍及未經政黨推薦,0,民主進步黨,0,無黨籍及未經政黨推薦,0,中國國民黨,0,無黨籍及未經政黨推薦,100,無黨籍及未經政黨推薦,0,民主進步黨,0,中國國民黨,0,無黨籍及未經政黨推薦,0,無黨籍及未經政黨推薦,0,中國國民黨,0,無黨籍及未經政黨推薦,0,無黨籍及未經政黨推薦,0,民主進步黨,0,無黨籍及未經政黨推薦,2364,民主進步黨,0,無黨籍及未經政黨推薦,7266,170,7436,0,7436,2222,9658,76.99
寶興里,0006,0,民主進步黨,0,民主進步黨,0,中國國民黨,0,民主進步黨,0,民主進步黨,0,民主進步黨,0,民主進步黨,0,中國國民黨,0,無黨籍及未經政黨推薦,0,中國國民黨,84,無黨籍及未經政黨推薦,0,無黨籍及未經政黨推薦,0,民主進步黨,0,民主進步黨,0,中國國民黨,0,中國國民黨,0,民主進步黨,0,無黨籍及未經政黨推薦,0,中國國民黨,0,中國國民黨,0,台澎黨,0,民主進步黨,60,台澎黨,0,無黨籍及未經政黨推薦,0,民主進步黨,0,民主進步黨,0,民主進步黨,0,民主進步黨,0,民主進步黨,0,中國國民黨,0,民主進步黨,0,民主進步黨,0,民主進步黨,0,無黨籍及未經政黨推薦,4214,中國國民黨,0,無黨籍及未經政黨推薦,0,民主進步黨,0,中國國民黨,0,中國國民黨,0,民主進步黨,0,中國國民黨,0,民主進步黨,0,中國國民黨,0,無黨籍及未經政黨推薦,0,中國國民黨,0,無黨籍及未經政黨推薦,256,無黨籍及未經政黨推薦,0,中國國民黨,0,中國國民黨,0,中國國民黨,0,無黨籍及未經政黨推薦,0,民主進步黨,0,民主進步黨,0,中國國民黨,0,無黨籍及未經政黨推薦,0,民主進步黨,0,無黨籍及未經政黨推薦,0,無黨籍及未經政黨推薦,18,無黨籍及未經政黨推薦,0,無黨籍及未經政黨推薦,0,民主進步黨,0,中國國民黨,0,中國國民黨,0,民主進步黨,0,無黨籍及未經政黨推薦,0,民主進步黨,0,無黨籍及未經政黨推薦,0,中國國民黨,0,無黨籍及未經政黨推薦,106,無黨籍及未經政黨推薦,0,民主進步黨,0,中國國民黨,0,無黨籍及未經政黨推薦,0,無黨籍及未經政黨推薦,0,中國國民黨,0,無黨籍及未經政黨推薦,0,無黨籍及未經政黨推薦,0,民主進步黨,0,無黨籍及未經政黨推薦,2380,民主進步黨,0,無黨籍及未經政黨推薦,7118,192,7310,0,7310,2126,9436,77.47
寶安里,0007,0,民主進步黨,0,民主進步黨,0,中國國民黨,0,民主進步黨,0,民主進步黨,0,民主進步黨,0,民主進步黨,0,中國國民黨,0,無黨籍及未經政黨推薦,0,中國國民黨,76,無黨籍及未經政黨推薦,0,無黨籍及未經政黨推薦,0,民主進步黨,0,民主進步黨,0,中國國民黨,0,中國國民黨,0,民主進步黨,0,無黨籍及未經政黨推薦,0,中國國民黨,0,中國國民黨,0,台澎黨,0,民主進步黨,60,台澎黨,0,無黨籍及未經政黨推薦,0,民主進步黨,0,民主進步黨,0,民主進步黨,0,民主進步黨,0,民主進步黨,0,中國國民黨,0,民主進步黨,0,民主進步黨,0,民主進步黨,0,無黨籍及未經政黨推薦,4476,中國國民黨,0,無黨籍及未經政黨推薦,0,民主進步黨,0,中國國民黨,0,中國國民黨,0,民主進步黨,0,中國國民黨,0,民主進步黨,0,中國國民黨,0,無黨籍及未經政黨推薦,0,中國國民黨,0,無黨籍及未經政黨推薦,240,無黨籍及未經政黨推薦,0,中國國民黨,0,中國國民黨,0,中國國民黨,0,無黨籍及未經政黨推薦,0,民主進步黨,0,民主進步黨,0,中國國民黨,0,無黨籍及未經政黨推薦,0,民主進步黨,0,無黨籍及未經政黨推薦,0,無黨籍及未經政黨推薦,12,無黨籍及未經政黨推薦,0,無黨籍及未經政黨推薦,0,民主進步黨,0,中國國民黨,0,中國國民黨,0,民主進步黨,0,無黨籍及未經政黨推薦,0,民主進步黨,0,無黨籍及未經政黨推薦,0,中國國民黨,0,無黨籍及未經政黨推薦,90,無黨籍及未經政黨推薦,0,民主進步黨,0,中國國民黨,0,無黨籍及未經政黨推薦,0,無黨籍及未經政黨推薦,0,中國國民黨,0,無黨籍及未經政黨推薦,0,無黨籍及未經政黨推薦,0,民主進步黨,0,無黨籍及未經政黨推薦,2298,民主進步黨,0,無黨籍及未經政黨推薦,7252,156,7408,0,7408,2332,9740,76.06
信義里,0008,0,民主進步黨,0,民主進步黨,0,中國國民黨,0,民主進步黨,0,民主進步黨,0,民主進步黨,0,民主進步黨,0,中國國民黨,0,無黨籍及未經政黨推薦,0,中國國民黨,102,無黨籍及未經政黨推薦,0,無黨籍及未經政黨推薦,0,民主進步黨,0,民主進步黨,0,中國國民黨,0,中國國民黨,0,民主進步黨,0,無黨籍及未經政黨推薦,0,中國國民黨,0,中國國民黨,0,台澎黨,0,民主進步黨,38,台澎黨,0,無黨籍及未經政黨推薦,0,民主進步黨,0,民主進步黨,0,民主進步黨,0,民主進步黨,0,民主進步黨,0,中國國民黨,0,民主進步黨,0,民主進步黨,0,民主進步黨,0,無黨籍及未經政黨推薦,4894,中國國民黨,0,無黨籍及未經政黨推薦,0,民主進步黨,0,中國國民黨,0,中國國民黨,0,民主進步黨,0,中國國民黨,0,民主進步黨,0,中國國民黨,0,無黨籍及未經政黨推薦,0,中國國民黨,0,無黨籍及未經政黨推薦,368,無黨籍及未經政黨推薦,0,中國國民黨,0,中國國民黨,0,中國國民黨,0,無黨籍及未經政黨推薦,0,民主進步黨,0,民主進步黨,0,中國國民黨,0,無黨籍及未經政黨推薦,0,民主進步黨,0,無黨籍及未經政黨推薦,0,無黨籍及未經政黨推薦,26,無黨籍及未經政黨推薦,0,無黨籍及未經政黨推薦,0,民主進步黨,0,中國國民黨,0,中國國民黨,0,民主進步黨,0,無黨籍及未經政黨推薦,0,民主進步黨,0,無黨籍及未經政黨推薦,0,中國國民黨,0,無黨籍及未經政黨推薦,132,無黨籍及未經政黨推薦,0,民主進步黨,0,中國國民黨,0,無黨籍及未經政黨推薦,0,無黨籍及未經政黨推薦,0,中國國民黨,0,無黨籍及未經政黨推薦,0,無黨籍及未經政黨推薦,0,民主進步黨,0,無黨籍及未經政黨推薦,3328,民主進步黨,0,無黨籍及未經政黨推薦,8888,272,9160,0,9160,2692,11852,77.29
忠孝里,0009,0,民主進步黨,0,民主進步黨,0,中國國民黨,0,民主進步黨,0,民主進步黨,0,民主進步黨,0,民主進步黨,0,中國國民黨,0,無黨籍及未經政黨推薦,0,中國國民黨,34,無黨籍及未經政黨推薦,0,無黨籍及未經政黨推薦,0,民主進步黨,0,民主進步黨,0,中國國民黨,0,中國國民黨,0,民主進步黨,0,無黨籍及未經政黨推薦,0,中國國民黨,0,中國國民黨,0,台澎黨,0,民主進步黨,26,台澎黨,0,無黨籍及未經政黨推薦,0,民主進步黨,0,民主進步黨,0,民主進步黨,0,民主進步黨,0,民主進步黨,0,中國國民黨,0,民主進步黨,0,民主進步黨,0,民主進步黨,0,無黨籍及未經政黨推薦,2334,中國國民黨,0,無黨籍及未經政黨推薦,0,民主進步黨,0,中國國民黨,0,中國國民黨,0,民主進步黨,0,中國國民黨,0,民主進步黨,0,中國國民黨,0,無黨籍及未經政黨推薦,0,中國國民黨,0,無黨籍及未經政黨推薦,78,無黨籍及未經政黨推薦,0,中國國民黨,0,中國國民黨,0,中國國民黨,0,無黨籍及未經政黨推薦,0,民主進步黨,0,民主進步黨,0,中國國民黨,0,無黨籍及未經政黨推薦,0,民主進步黨,0,無黨籍及未經政黨推薦,0,無黨籍及未經政黨推薦,8,無黨籍及未經政黨推薦,0,無黨籍及未經政黨推薦,0,民主進步黨,0,中國國民黨,0,中國國民黨,0,民主進步黨,0,無黨籍及未經政黨推薦,0,民主進步黨,0,無黨籍及未經政黨推薦,0,中國國民黨,0,無黨籍及未經政黨推薦,62,無黨籍及未經政黨推薦,0,民主進步黨,0,中國國民黨,0,無黨籍及未經政黨推薦,0,無黨籍及未經政黨推薦,0,中國國民黨,0,無黨籍及未經政黨推薦,0,無黨籍及未經政黨推薦,0,民主進步黨,0,無黨籍及未經政黨推薦,982,民主進步黨,0,無黨籍及未經政黨推薦,3524,92,3616,0,3616,1236,4852,74.53
大鵬里,0010,0,民主進步黨,0,民主進步黨,0,中國國民黨,0,民主進步黨,0,民主進步黨,0,民主進步黨,0,民主進步黨,0,中國國民黨,0,無黨籍及未經政黨推薦,0,中國國民黨,22,無黨籍及未經政黨推薦,0,無黨籍及未經政黨推薦,0,民主進步黨,0,民主進步黨,0,中國國民黨,0,中國國民黨,0,民主進步黨,0,無黨籍及未經政黨推薦,0,中國國民黨,0,中國國民黨,0,台澎黨,0,民主進步黨,18,台澎黨,0,無黨籍及未經政黨推薦,0,民主進步黨,0,民主進步黨,0,民主進步黨,0,民主進步黨,0,民主進步黨,0,中國國民黨,0,民主進步黨,0,民主進步黨,0,民主進步黨,0,無黨籍及未經政黨推薦,3046,中國國民黨,0,無黨籍及未經政黨推薦,0,民主進步黨,0,中國國民黨,0,中國國民黨,0,民主進步黨,0,中國國民黨,0,民主進步黨,0,中國國民黨,0,無黨籍及未經政黨推薦,0,中國國民黨,0,無黨籍及未經政黨推薦,100,無黨籍及未經政黨推薦,0,中國國民黨,0,中國國民黨,0,中國國民黨,0,無黨籍及未經政黨推薦,0,民主進步黨,0,民主進步黨,0,中國國民黨,0,無黨籍及未經政黨推薦,0,民主進步黨,0,無黨籍及未經政黨推薦,0,無黨籍及未經政黨推薦,6,無黨籍及未經政黨推薦,0,無黨籍及未經政黨推薦,0,民主進步黨,0,中國國民黨,0,中國國民黨,0,民主進步黨,0,無黨籍及未經政黨推薦,0,民主進步黨,0,無黨籍及未經政黨推薦,0,中國國民黨,0,無黨籍及未經政黨推薦,36,無黨籍及未經政黨推薦,0,民主進步黨,0,中國國民黨,0,無黨籍及未經政黨推薦,0,無黨籍及未經政黨推薦,0,中國國民黨,0,無黨籍及未經政黨推薦,0,無黨籍及未經政黨推薦,0,民主進步黨,0,無黨籍及未經政黨推薦,570,民主進步黨,0,無黨籍及未經政黨推薦,3798,56,3854,0,3854,954,4808,80.16
太平里,0011,0,民主進步黨,0,民主進步黨,0,中國國民黨,0,民主進步黨,0,民主進步黨,0,民主進步黨,0,民主進步黨,0,中國國民黨,0,無黨籍及未經政黨推薦,0,中國國民黨,96,無黨籍及未經政黨推薦,0,無黨籍及未經政黨推薦,0,民主進步黨,0,民主進步黨,0,中國國民黨,0,中國國民黨,0,民主進步黨,0,無黨籍及未經政黨推薦,0,中國國民黨,0,中國國民黨,0,台澎黨,0,民主進步黨,24,台澎黨,0,無黨籍及未經政黨推薦,0,民主進步黨,0,民主進步黨,0,民主進步黨,0,民主進步黨,0,民主進步黨,0,中國國民黨,0,民主進步黨,0,民主進步黨,0,民主進步黨,0,無黨籍及未經政黨推薦,2356,中國國民黨,0,無黨籍及未經政黨推薦,0,民主進步黨,0,中國國民黨,0,中國國民黨,0,民主進步黨,0,中國國民黨,0,民主進步黨,0,中國國民黨,0,無黨籍及未經政黨推薦,0,中國國民黨,0,無黨籍及未經政黨推薦,152,無黨籍及未經政黨推薦,0,中國國民黨,0,中國國民黨,0,中國國民黨,0,無黨籍及未經政黨推薦,0,民主進步黨,0,民主進步黨,0,中國國民黨,0,無黨籍及未經政黨推薦,0,民主進步黨,0,無黨籍及未經政黨推薦,0,無黨籍及未經政黨推薦,4,無黨籍及未經政黨推薦,0,無黨籍及未經政黨推薦,0,民主進步黨,0,中國國民黨,0,中國國民黨,0,民主進步黨,0,無黨籍及未經政黨推薦,0,民主進步黨,0,無黨籍及未經政黨推薦,0,中國國民黨,0,無黨籍及未經政黨推薦,66,無黨籍及未經政黨推薦,0,民主進步黨,0,中國國民黨,0,無黨籍及未經政黨推薦,0,無黨籍及未經政黨推薦,0,中國國民黨,0,無黨籍及未經政黨推薦,0,無黨籍及未經政黨推薦,0,民主進步黨,0,無黨籍及未經政黨推薦,1266,民主進步黨,0,無黨籍及未經政黨推薦,3964,78,4042,0,4042,1362,5404,74.8
頂城里,0012,0,民主進步黨,0,民主進步黨,0,中國國民黨,0,民主進步黨,0,民主進步黨,0,民主進步黨,0,民主進步黨,0,中國國民黨,0,無黨籍及未經政黨推薦,0,中國國民黨,58,無黨籍及未經政黨推薦,0,無黨籍及未經政黨推薦,0,民主進步黨,0,民主進步黨,0,中國國民黨,0,中國國民黨,0,民主進步黨,0,無黨籍及未經政黨推薦,0,中國國民黨,0,中國國民黨,0,台澎黨,0,民主進步黨,12,台澎黨,0,無黨籍及未經政黨推薦,0,民主進步黨,0,民主進步黨,0,民主進步黨,0,民主進步黨,0,民主進步黨,0,中國國民黨,0,民主進步黨,0,民主進步黨,0,民主進步黨,0,無黨籍及未經政黨推薦,1030,中國國民黨,0,無黨籍及未經政黨推薦,0,民主進步黨,0,中國國民黨,0,中國國民黨,0,民主進步黨,0,中國國民黨,0,民主進步黨,0,中國國民黨,0,無黨籍及未經政黨推薦,0,中國國民黨,0,無黨籍及未經政黨推薦,52,無黨籍及未經政黨推薦,0,中國國民黨,0,中國國民黨,0,中國國民黨,0,無黨籍及未經政黨推薦,0,民主進步黨,0,民主進步黨,0,中國國民黨,0,無黨籍及未經政黨推薦,0,民主進步黨,0,無黨籍及未經政黨推薦,0,無黨籍及未經政黨推薦,4,無黨籍及未經政黨推薦,0,無黨籍及未經政黨推薦,0,民主進步黨,0,中國國民黨,0,中國國民黨,0,民主進步黨,0,無黨籍及未經政黨推薦,0,民主進步黨,0,無黨籍及未經政黨推薦,0,中國國民黨,0,無黨籍及未經政黨推薦,28,無黨籍及未經政黨推薦,0,民主進步黨,0,中國國民黨,0,無黨籍及未經政黨推薦,0,無黨籍及未經政黨推薦,0,中國國民黨,0,無黨籍及未經政黨推薦,0,無黨籍及未經政黨推薦,0,民主進步黨,0,無黨籍及未經政黨推薦,644,民主進步黨,0,無黨籍及未經政黨推薦,1828,48,1876,0,1876,882,2758,68.02
下城里,0013,0,民主進步黨,0,民主進步黨,0,中國國民黨,0,民主進步黨,0,民主進步黨,0,民主進步黨,0,民主進步黨,0,中國國民黨,0,無黨籍及未經政黨推薦,0,中國國民黨,48,無黨籍及未經政黨推薦,0,無黨籍及未經政黨推薦,0,民主進步黨,0,民主進步黨,0,中國國民黨,0,中國國民黨,0,民主進步黨,0,無黨籍及未經政黨推薦,0,中國國民黨,0,中國國民黨,0,台澎黨,0,民主進步黨,10,台澎黨,0,無黨籍及未經政黨推薦,0,民主進步黨,0,民主進步黨,0,民主進步黨,0,民主進步黨,0,民主進步黨,0,中國國民黨,0,民主進步黨,0,民主進步黨,0,民主進步黨,0,無黨籍及未經政黨推薦,2168,中國國民黨,0,無黨籍及未經政黨推薦,0,民主進步黨,0,中國國民黨,0,中國國民黨,0,民主進步黨,0,中國國民黨,0,民主進步黨,0,中國國民黨,0,無黨籍及未經政黨推薦,0,中國國民黨,0,無黨籍及未經政黨推薦,96,無黨籍及未經政黨推薦,0,中國國民黨,0,中國國民黨,0,中國國民黨,0,無黨籍及未經政黨推薦,0,民主進步黨,0,民主進步黨,0,中國國民黨,0,無黨籍及未經政黨推薦,0,民主進步黨,0,無黨籍及未經政黨推薦,0,無黨籍及未經政黨推薦,10,無黨籍及未經政黨推薦,0,無黨籍及未經政黨推薦,0,民主進步黨,0,中國國民黨,0,中國國民黨,0,民主進步黨,0,無黨籍及未經政黨推薦,0,民主進步黨,0,無黨籍及未經政黨推薦,0,中國國民黨,0,無黨籍及未經政黨推薦,56,無黨籍及未經政黨推薦,0,民主進步黨,0,中國國民黨,0,無黨籍及未經政黨推薦,0,無黨籍及未經政黨推薦,0,中國國民黨,0,無黨籍及未經政黨推薦,0,無黨籍及未經政黨推薦,0,民主進步黨,0,無黨籍及未經政黨推薦,1720,民主進步黨,0,無黨籍及未經政黨推薦,4108,84,4192,0,4192,1530,5722,73.26
柴埕里,0014,0,民主進步黨,0,民主進步黨,0,中國國民黨,0,民主進步黨,0,民主進步黨,0,民主進步黨,0,民主進步黨,0,中國國民黨,0,無黨籍及未經政黨推薦,0,中國國民黨,138,無黨籍及未經政黨推薦,0,無黨籍及未經政黨推薦,0,民主進步黨,0,民主進步黨,0,中國國民黨,0,中國國民黨,0,民主進步黨,0,無黨籍及未經政黨推薦,0,中國國民黨,0,中國國民黨,0,台澎黨,0,民主進步黨,72,台澎黨,0,無黨籍及未經政黨推薦,0,民主進步黨,0,民主進步黨,0,民主進步黨,0,民主進步黨,0,民主進步黨,0,中國國民黨,0,民主進步黨,0,民主進步黨,0,民主進步黨,0,無黨籍及未經政黨推薦,6610,中國國民黨,0,無黨籍及未經政黨推薦,0,民主進步黨,0,中國國民黨,0,中國國民黨,0,民主進步黨,0,中國國民黨,0,民主進步黨,0,中國國民黨,0,無黨籍及未經政黨推薦,0,中國國民黨,0,無黨籍及未經政黨推薦,426,無黨籍及未經政黨推薦,0,中國國民黨,0,中國國民黨,0,中國國民黨,0,無黨籍及未經政黨推薦,0,民主進步黨,0,民主進步黨,0,中國國民黨,0,無黨籍及未經政黨推薦,0,民主進步黨,0,無黨籍及未經政黨推薦,0,無黨籍及未經政黨推薦,10,無黨籍及未經政黨推薦,0,無黨籍及未經政黨推薦,0,民主進步黨,0,中國國民黨,0,中國國民黨,0,民主進步黨,0,無黨籍及未經政黨推薦,0,民主進步黨,0,無黨籍及未經政黨推薦,0,中國國民黨,0,無黨籍及未經政黨推薦,152,無黨籍及未經政黨推薦,0,民主進步黨,0,中國國民黨,0,無黨籍及未經政黨推薦,0,無黨籍及未經政黨推薦,0,中國國民黨,0,無黨籍及未經政黨推薦,0,無黨籍及未經政黨推薦,0,民主進步黨,0,無黨籍及未經政黨推薦,3960,民主進步黨,0,無黨籍及未經政黨推薦,11368,268,11636,0,11636,3748,15384,75.64
永安里,0015,0,民主進步黨,0,民主進步黨,0,中國國民黨,0,民主進步黨,0,民主進步黨,0,民主進步黨,0,民主進步黨,0,中國國民黨,0,無黨籍及未經政黨推薦,0,中國國民黨,64,無黨籍及未經政黨推薦,0,無黨籍及未經政黨推薦,0,民主進步黨,0,民主進步黨,0,中國國民黨,0,中國國民黨,0,民主進步黨,0,無黨籍及未經政黨推薦,0,中國國民黨,0,中國國民黨,0,台澎黨,0,民主進步黨,46,台澎黨,0,無黨籍及未經政黨推薦,0,民主進步黨,0,民主進步黨,0,民主進步黨,0,民主進步黨,0,民主進步黨,0,中國國民黨,0,民主進步黨,0,民主進步黨,0,民主進步黨,0,無黨籍及未經政黨推薦,3576,中國國民黨,0,無黨籍及未經政黨推薦,0,民主進步黨,0,中國國民黨,0,中國國民黨,0,民主進步黨,0,中國國民黨,0,民主進步黨,0,中國國民黨,0,無黨籍及未經政黨推薦,0,中國國民黨,0,無黨籍及未經政黨推薦,254,無黨籍及未經政黨推薦,0,中國國民黨,0,中國國民黨,0,中國國民黨,0,無黨籍及未經政黨推薦,0,民主進步黨,0,民主進步黨,0,中國國民黨,0,無黨籍及未經政黨推薦,0,民主進步黨,0,無黨籍及未經政黨推薦,0,無黨籍及未經政黨推薦,20,無黨籍及未經政黨推薦,0,無黨籍及未經政黨推薦,0,民主進步黨,0,中國國民黨,0,中國國民黨,0,民主進步黨,0,無黨籍及未經政黨推薦,0,民主進步黨,0,無黨籍及未經政黨推薦,0,中國國民黨,0,無黨籍及未經政黨推薦,102,無黨籍及未經政黨推薦,0,民主進步黨,0,中國國民黨,0,無黨籍及未經政黨推薦,0,無黨籍及未經政黨推薦,0,中國國民黨,0,無黨籍及未經政黨推薦,0,無黨籍及未經政黨推薦,0,民主進步黨,0,無黨籍及未經政黨推薦,2318,民主進步黨,0,無黨籍及未經政黨推薦,6380,178,6558,0,6558,2284,8842,74.17
公崙里,0016,0,民主進步黨,0,民主進步黨,0,中國國民黨,0,民主進步黨,0,民主進步黨,0,民主進步黨,0,民主進步黨,0,中國國民黨,0,無黨籍及未經政黨推薦,0,中國國民黨,262,無黨籍及未經政黨推薦,0,無黨籍及未經政黨推薦,0,民主進步黨,0,民主進步黨,0,中國國民黨,0,中國國民黨,0,民主進步黨,0,無黨籍及未經政黨推薦,0,中國國民黨,0,中國國民黨,0,台澎黨,0,民主進步黨,78,台澎黨,0,無黨籍及未經政黨推薦,0,民主進步黨,0,民主進步黨,0,民主進步黨,0,民主進步黨,0,民主進步黨,0,中國國民黨,0,民主進步黨,0,民主進步黨,0,民主進步黨,0,無黨籍及未經政黨推薦,9368,中國國民黨,0,無黨籍及未經政黨推薦,0,民主進步黨,0,中國國民黨,0,中國國民黨,0,民主進步黨,0,中國國民黨,0,民主進步黨,0,中國國民黨,0,無黨籍及未經政黨推薦,0,中國國民黨,0,無黨籍及未經政黨推薦,564,無黨籍及未經政黨推薦,0,中國國民黨,0,中國國民黨,0,中國國民黨,0,無黨籍及未經政黨推薦,0,民主進步黨,0,民主進步黨,0,中國國民黨,0,無黨籍及未經政黨推薦,0,民主進步黨,0,無黨籍及未經政黨推薦,0,無黨籍及未經政黨推薦,18,無黨籍及未經政黨推薦,0,無黨籍及未經政黨推薦,0,民主進步黨,0,中國國民黨,0,中國國民黨,0,民主進步黨,0,無黨籍及未經政黨推薦,0,民主進步黨,0,無黨籍及未經政黨推薦,0,中國國民黨,0,無黨籍及未經政黨推薦,178,無黨籍及未經政黨推薦,0,民主進步黨,0,中國國民黨,0,無黨籍及未經政黨推薦,0,無黨籍及未經政黨推薦,0,中國國民黨,0,無黨籍及未經政黨推薦,0,無黨籍及未經政黨推薦,0,民主進步黨,0,無黨籍及未經政黨推薦,5234,民主進步黨,0,無黨籍及未經政黨推薦,15702,320,16022,0,16022,5192,21214,75.53
德安里,0017,0,民主進步黨,0,民主進步黨,0,中國國民黨,0,民主進步黨,0,民主進步黨,0,民主進步黨,0,民主進步黨,0,中國國民黨,0,無黨籍及未經政黨推薦,0,中國國民黨,144,無黨籍及未經政黨推薦,0,無黨籍及未經政黨推薦,0,民主進步黨,0,民主進步黨,0,中國國民黨,0,中國國民黨,0,民主進步黨,0,無黨籍及未經政黨推薦,0,中國國民黨,0,中國國民黨,0,台澎黨,0,民主進步黨,38,台澎黨,0,無黨籍及未經政黨推薦,0,民主進步黨,0,民主進步黨,0,民主進步黨,0,民主進步黨,0,民主進步黨,0,中國國民黨,0,民主進步黨,0,民主進步黨,0,民主進步黨,0,無黨籍及未經政黨推薦,4362,中國國民黨,0,無黨籍及未經政黨推薦,0,民主進步黨,0,中國國民黨,0,中國國民黨,0,民主進步黨,0,中國國民黨,0,民主進步黨,0,中國國民黨,0,無黨籍及未經政黨推薦,0,中國國民黨,0,無黨籍及未經政黨推薦,272,無黨籍及未經政黨推薦,0,中國國民黨,0,中國國民黨,0,中國國民黨,0,無黨籍及未經政黨推薦,0,民主進步黨,0,民主進步黨,0,中國國民黨,0,無黨籍及未經政黨推薦,0,民主進步黨,0,無黨籍及未經政黨推薦,0,無黨籍及未經政黨推薦,20,無黨籍及未經政黨推薦,0,無黨籍及未經政黨推薦,0,民主進步黨,0,中國國民黨,0,中國國民黨,0,民主進步黨,0,無黨籍及未經政黨推薦,0,民主進步黨,0,無黨籍及未經政黨推薦,0,中國國民黨,0,無黨籍及未經政黨推薦,90,無黨籍及未經政黨推薦,0,民主進步黨,0,中國國民黨,0,無黨籍及未經政黨推薦,0,無黨籍及未經政黨推薦,0,中國國民黨,0,無黨籍及未經政黨推薦,0,無黨籍及未經政黨推薦,0,民主進步黨,0,無黨籍及未經政黨推薦,2694,民主進步黨,0,無黨籍及未經政黨推薦,7620,182,7802,0,7802,2798,10600,73.6
雙城里,0018,0,民主進步黨,0,民主進步黨,0,中國國民黨,0,民主進步黨,0,民主進步黨,0,民主進步黨,0,民主進步黨,0,中國國民黨,0,無黨籍及未經政黨推薦,0,中國國民黨,88,無黨籍及未經政黨推薦,0,無黨籍及未經政黨推薦,0,民主進步黨,0,民主進步黨,0,中國國民黨,0,中國國民黨,0,民主進步黨,0,無黨籍及未經政黨推薦,0,中國國民黨,0,中國國民黨,0,台澎黨,0,民主進步黨,40,台澎黨,0,無黨籍及未經政黨推薦,0,民主進步黨,0,民主進步黨,0,民主進步黨,0,民主進步黨,0,民主進步黨,0,中國國民黨,0,民主進步黨,0,民主進步黨,0,民主進步黨,0,無黨籍及未經政黨推薦,4084,中國國民黨,0,無黨籍及未經政黨推薦,0,民主進步黨,0,中國國民黨,0,中國國民黨,0,民主進步黨,0,中國國民黨,0,民主進步黨,0,中國國民黨,0,無黨籍及未經政黨推薦,0,中國國民黨,0,無黨籍及未經政黨推薦,214,無黨籍及未經政黨推薦,0,中國國民黨,0,中國國民黨,0,中國國民黨,0,無黨籍及未經政黨推薦,0,民主進步黨,0,民主進步黨,0,中國國民黨,0,無黨籍及未經政黨推薦,0,民主進步黨,0,無黨籍及未經政黨推薦,0,無黨籍及未經政黨推薦,10,無黨籍及未經政黨推薦,0,無黨籍及未經政黨推薦,0,民主進步黨,0,中國國民黨,0,中國國民黨,0,民主進步黨,0,無黨籍及未經政黨推薦,0,民主進步黨,0,無黨籍及未經政黨推薦,0,中國國民黨,0,無黨籍及未經政黨推薦,80,無黨籍及未經政黨推薦,0,民主進步黨,0,中國國民黨,0,無黨籍及未經政黨推薦,0,無黨籍及未經政黨推薦,0,中國國民黨,0,無黨籍及未經政黨推薦,0,無黨籍及未經政黨推薦,0,民主進步黨,0,無黨籍及未經政黨推薦,2704,民主進步黨,0,無黨籍及未經政黨推薦,7220,112,7332,0,7332,2628,9960,73.61
日興里,0019,0,民主進步黨,0,民主進步黨,0,中國國民黨,0,民主進步黨,0,民主進步黨,0,民主進步黨,0,民主進步黨,0,中國國民黨,0,無黨籍及未經政黨推薦,0,中國國民黨,86,無黨籍及未經政黨推薦,0,無黨籍及未經政黨推薦,0,民主進步黨,0,民主進步黨,0,中國國民黨,0,中國國民黨,0,民主進步黨,0,無黨籍及未經政黨推薦,0,中國國民黨,0,中國國民黨,0,台澎黨,0,民主進步黨,42,台澎黨,0,無黨籍及未經政黨推薦,0,民主進步黨,0,民主進步黨,0,民主進步黨,0,民主進步黨,0,民主進步黨,0,中國國民黨,0,民主進步黨,0,民主進步黨,0,民主進步黨,0,無黨籍及未經政黨推薦,3900,中國國民黨,0,無黨籍及未經政黨推薦,0,民主進步黨,0,中國國民黨,0,中國國民黨,0,民主進步黨,0,中國國民黨,0,民主進步黨,0,中國國民黨,0,無黨籍及未經政黨推薦,0,中國國民黨,0,無黨籍及未經政黨推薦,206,無黨籍及未經政黨推薦,0,中國國民黨,0,中國國民黨,0,中國國民黨,0,無黨籍及未經政黨推薦,0,民主進步黨,0,民主進步黨,0,中國國民黨,0,無黨籍及未經政黨推薦,0,民主進步黨,0,無黨籍及未經政黨推薦,0,無黨籍及未經政黨推薦,12,無黨籍及未經政黨推薦,0,無黨籍及未經政黨推薦,0,民主進步黨,0,中國國民黨,0,中國國民黨,0,民主進步黨,0,無黨籍及未經政黨推薦,0,民主進步黨,0,無黨籍及未經政黨推薦,0,中國國民黨,0,無黨籍及未經政黨推薦,114,無黨籍及未經政黨推薦,0,民主進步黨,0,中國國民黨,0,無黨籍及未經政黨推薦,0,無黨籍及未經政黨推薦,0,中國國民黨,0,無黨籍及未經政黨推薦,0,無黨籍及未經政黨推薦,0,民主進步黨,0,無黨籍及未經政黨推薦,2700,民主進步黨,0,無黨籍及未經政黨推薦,7060,172,7232,0,7232,2830,10062,71.87
玫瑰里,0020,0,民主進步黨,0,民主進步黨,0,中國國民黨,0,民主進步黨,0,民主進步黨,0,民主進步黨,0,民主進步黨,0,中國國民黨,0,無黨籍及未經政黨推薦,0,中國國民黨,102,無黨籍及未經政黨推薦,0,無黨籍及未經政黨推薦,0,民主進步黨,0,民主進步黨,0,中國國民黨,0,中國國民黨,0,民主進步黨,0,無黨籍及未經政黨推薦,0,中國國民黨,0,中國國民黨,0,台澎黨,0,民主進步黨,50,台澎黨,0,無黨籍及未經政黨推薦,0,民主進步黨,0,民主進步黨,0,民主進步黨,0,民主進步黨,0,民主進步黨,0,中國國民黨,0,民主進步黨,0,民主進步黨,0,民主進步黨,0,無黨籍及未經政黨推薦,4848,中國國民黨,0,無黨籍及未經政黨推薦,0,民主進步黨,0,中國國民黨,0,中國國民黨,0,民主進步黨,0,中國國民黨,0,民主進步黨,0,中國國民黨,0,無黨籍及未經政黨推薦,0,中國國民黨,0,無黨籍及未經政黨推薦,184,無黨籍及未經政黨推薦,0,中國國民黨,0,中國國民黨,0,中國國民黨,0,無黨籍及未經政黨推薦,0,民主進步黨,0,民主進步黨,0,中國國民黨,0,無黨籍及未經政黨推薦,0,民主進步黨,0,無黨籍及未經政黨推薦,0,無黨籍及未經政黨推薦,12,無黨籍及未經政黨推薦,0,無黨籍及未經政黨推薦,0,民主進步黨,0,中國國民黨,0,中國國民黨,0,民主進步黨,0,無黨籍及未經政黨推薦,0,民主進步黨,0,無黨籍及未經政黨推薦,0,中國國民黨,0,無黨籍及未經政黨推薦,104,無黨籍及未經政黨推薦,0,民主進步黨,0,中國國民黨,0,無黨籍及未經政黨推薦,0,無黨籍及未經政黨推薦,0,中國國民黨,0,無黨籍及未經政黨推薦,0,無黨籍及未經政黨推薦,0,民主進步黨,0,無黨籍及未經政黨推薦,2296,民主進步黨,0,無黨籍及未經政黨推薦,7596,142,7738,0,7738,2586,10324,74.95
塗潭里,0021,0,民主進步黨,0,民主進步黨,0,中國國民黨,0,民主進步黨,0,民主進步黨,0,民主進步黨,0,民主進步黨,0,中國國民黨,0,無黨籍及未經政黨推薦,0,中國國民黨,36,無黨籍及未經政黨推薦,0,無黨籍及未經政黨推薦,0,民主進步黨,0,民主進步黨,0,中國國民黨,0,中國國民黨,0,民主進步黨,0,無黨籍及未經政黨推薦,0,中國國民黨,0,中國國民黨,0,台澎黨,0,民主進步黨,14,台澎黨,0,無黨籍及未經政黨推薦,0,民主進步黨,0,民主進步黨,0,民主進步黨,0,民主進步黨,0,民主進步黨,0,中國國民黨,0,民主進步黨,0,民主進步黨,0,民主進步黨,0,無黨籍及未經政黨推薦,466,中國國民黨,0,無黨籍及未經政黨推薦,0,民主進步黨,0,中國國民黨,0,中國國民黨,0,民主進步黨,0,中國國民黨,0,民主進步黨,0,中國國民黨,0,無黨籍及未經政黨推薦,0,中國國民黨,0,無黨籍及未經政黨推薦,22,無黨籍及未經政黨推薦,0,中國國民黨,0,中國國民黨,0,中國國民黨,0,無黨籍及未經政黨推薦,0,民主進步黨,0,民主進步黨,0,中國國民黨,0,無黨籍及未經政黨推薦,0,民主進步黨,0,無黨籍及未經政黨推薦,0,無黨籍及未經政黨推薦,10,無黨籍及未經政黨推薦,0,無黨籍及未經政黨推薦,0,民主進步黨,0,中國國民黨,0,中國國民黨,0,民主進步黨,0,無黨籍及未經政黨推薦,0,民主進步黨,0,無黨籍及未經政黨推薦,0,中國國民黨,0,無黨籍及未經政黨推薦,10,無黨籍及未經政黨推薦,0,民主進步黨,0,中國國民黨,0,無黨籍及未經政黨推薦,0,無黨籍及未經政黨推薦,0,中國國民黨,0,無黨籍及未經政黨推薦,0,無黨籍及未經政黨推薦,0,民主進步黨,0,無黨籍及未經政黨推薦,746,民主進步黨,0,無黨籍及未經政黨推薦,1304,20,1324,0,1324,498,1822,72.67
美潭里,0022,0,民主進步黨,0,民主進步黨,0,中國國民黨,0,民主進步黨,0,民主進步黨,0,民主進步黨,0,民主進步黨,0,中國國民黨,0,無黨籍及未經政黨推薦,0,中國國民黨,114,無黨籍及未經政黨推薦,0,無黨籍及未經政黨推薦,0,民主進步黨,0,民主進步黨,0,中國國民黨,0,中國國民黨,0,民主進步黨,0,無黨籍及未經政黨推薦,0,中國國民黨,0,中國國民黨,0,台澎黨,0,民主進步黨,34,台澎黨,0,無黨籍及未經政黨推薦,0,民主進步黨,0,民主進步黨,0,民主進步黨,0,民主進步黨,0,民主進步黨,0,中國國民黨,0,民主進步黨,0,民主進步黨,0,民主進步黨,0,無黨籍及未經政黨推薦,3906,中國國民黨,0,無黨籍及未經政黨推薦,0,民主進步黨,0,中國國民黨,0,中國國民黨,0,民主進步黨,0,中國國民黨,0,民主進步黨,0,中國國民黨,0,無黨籍及未經政黨推薦,0,中國國民黨,0,無黨籍及未經政黨推薦,164,無黨籍及未經政黨推薦,0,中國國民黨,0,中國國民黨,0,中國國民黨,0,無黨籍及未經政黨推薦,0,民主進步黨,0,民主進步黨,0,中國國民黨,0,無黨籍及未經政黨推薦,0,民主進步黨,0,無黨籍及未經政黨推薦,0,無黨籍及未經政黨推薦,18,無黨籍及未經政黨推薦,0,無黨籍及未經政黨推薦,0,民主進步黨,0,中國國民黨,0,中國國民黨,0,民主進步黨,0,無黨籍及未經政黨推薦,0,民主進步黨,0,無黨籍及未經政黨推薦,0,中國國民黨,0,無黨籍及未經政黨推薦,88,無黨籍及未經政黨推薦,0,民主進步黨,0,中國國民黨,0,無黨籍及未經政黨推薦,0,無黨籍及未經政黨推薦,0,中國國民黨,0,無黨籍及未經政黨推薦,0,無黨籍及未經政黨推薦,0,民主進步黨,0,無黨籍及未經政黨推薦,2328,民主進步黨,0,無黨籍及未經政黨推薦,6652,142,6794,0,6794,2324,9118,74.51
員潭里,0023,0,民主進步黨,0,民主進步黨,0,中國國民黨,0,民主進步黨,0,民主進步黨,0,民主進步黨,0,民主進步黨,0,中國國民黨,0,無黨籍及未經政黨推薦,0,中國國民黨,168,無黨籍及未經政黨推薦,0,無黨籍及未經政黨推薦,0,民主進步黨,0,民主進步黨,0,中國國民黨,0,中國國民黨,0,民主進步黨,0,無黨籍及未經政黨推薦,0,中國國民黨,0,中國國民黨,0,台澎黨,0,民主進步黨,38,台澎黨,0,無黨籍及未經政黨推薦,0,民主進步黨,0,民主進步黨,0,民主進步黨,0,民主進步黨,0,民主進步黨,0,中國國民黨,0,民主進步黨,0,民主進步黨,0,民主進步黨,0,無黨籍及未經政黨推薦,3748,中國國民黨,0,無黨籍及未經政黨推薦,0,民主進步黨,0,中國國民黨,0,中國國民黨,0,民主進步黨,0,中國國民黨,0,民主進步黨,0,中國國民黨,0,無黨籍及未經政黨推薦,0,中國國民黨,0,無黨籍及未經政黨推薦,174,無黨籍及未經政黨推薦,0,中國國民黨,0,中國國民黨,0,中國國民黨,0,無黨籍及未經政黨推薦,0,民主進步黨,0,民主進步黨,0,中國國民黨,0,無黨籍及未經政黨推薦,0,民主進步黨,0,無黨籍及未經政黨推薦,0,無黨籍及未經政黨推薦,8,無黨籍及未經政黨推薦,0,無黨籍及未經政黨推薦,0,民主進步黨,0,中國國民黨,0,中國國民黨,0,民主進步黨,0,無黨籍及未經政黨推薦,0,民主進步黨,0,無黨籍及未經政黨推薦,0,中國國民黨,0,無黨籍及未經政黨推薦,82,無黨籍及未經政黨推薦,0,民主進步黨,0,中國國民黨,0,無黨籍及未經政黨推薦,0,無黨籍及未經政黨推薦,0,中國國民黨,0,無黨籍及未經政黨推薦,0,無黨籍及未經政黨推薦,0,民主進步黨,0,無黨籍及未經政黨推薦,2176,民主進步黨,0,無黨籍及未經政黨推薦,6394,154,6548,0,6548,2358,8906,73.52
雙坑里,0024,0,民主進步黨,0,民主進步黨,0,中國國民黨,0,民主進步黨,0,民主進步黨,0,民主進步黨,0,民主進步黨,0,中國國民黨,0,無黨籍及未經政黨推薦,0,中國國民黨,40,無黨籍及未經政黨推薦,0,無黨籍及未經政黨推薦,0,民主進步黨,0,民主進步黨,0,中國國民黨,0,中國國民黨,0,民主進步黨,0,無黨籍及未經政黨推薦,0,中國國民黨,0,中國國民黨,0,台澎黨,0,民主進步黨,4,台澎黨,0,無黨籍及未經政黨推薦,0,民主進步黨,0,民主進步黨,0,民主進步黨,0,民主進步黨,0,民主進步黨,0,中國國民黨,0,民主進步黨,0,民主進步黨,0,民主進步黨,0,無黨籍及未經政黨推薦,466,中國國民黨,0,無黨籍及未經政黨推薦,0,民主進步黨,0,中國國民黨,0,中國國民黨,0,民主進步黨,0,中國國民黨,0,民主進步黨,0,中國國民黨,0,無黨籍及未經政黨推薦,0,中國國民黨,0,無黨籍及未經政黨推薦,16,無黨籍及未經政黨推薦,0,中國國民黨,0,中國國民黨,0,中國國民黨,0,無黨籍及未經政黨推薦,0,民主進步黨,0,民主進步黨,0,中國國民黨,0,無黨籍及未經政黨推薦,0,民主進步黨,0,無黨籍及未經政黨推薦,0,無黨籍及未經政黨推薦,2,無黨籍及未經政黨推薦,0,無黨籍及未經政黨推薦,0,民主進步黨,0,中國國民黨,0,中國國民黨,0,民主進步黨,0,無黨籍及未經政黨推薦,0,民主進步黨,0,無黨籍及未經政黨推薦,0,中國國民黨,0,無黨籍及未經政黨推薦,8,無黨籍及未經政黨推薦,0,民主進步黨,0,中國國民黨,0,無黨籍及未經政黨推薦,0,無黨籍及未經政黨推薦,0,中國國民黨,0,無黨籍及未經政黨推薦,0,無黨籍及未經政黨推薦,0,民主進步黨,0,無黨籍及未經政黨推薦,446,民主進步黨,0,無黨籍及未經政黨推薦,982,16,998,0,998,448,1446,69.02
粗坑里,0025,0,民主進步黨,0,民主進步黨,0,中國國民黨,0,民主進步黨,0,民主進步黨,0,民主進步黨,0,民主進步黨,0,中國國民黨,0,無黨籍及未經政黨推薦,0,中國國民黨,66,無黨籍及未經政黨推薦,0,無黨籍及未經政黨推薦,0,民主進步黨,0,民主進步黨,0,中國國民黨,0,中國國民黨,0,民主進步黨,0,無黨籍及未經政黨推薦,0,中國國民黨,0,中國國民黨,0,台澎黨,0,民主進步黨,40,台澎黨,0,無黨籍及未經政黨推薦,0,民主進步黨,0,民主進步黨,0,民主進步黨,0,民主進步黨,0,民主進步黨,0,中國國民黨,0,民主進步黨,0,民主進步黨,0,民主進步黨,0,無黨籍及未經政黨推薦,1988,中國國民黨,0,無黨籍及未經政黨推薦,0,民主進步黨,0,中國國民黨,0,中國國民黨,0,民主進步黨,0,中國國民黨,0,民主進步黨,0,中國國民黨,0,無黨籍及未經政黨推薦,0,中國國民黨,0,無黨籍及未經政黨推薦,170,無黨籍及未經政黨推薦,0,中國國民黨,0,中國國民黨,0,中國國民黨,0,無黨籍及未經政黨推薦,0,民主進步黨,0,民主進步黨,0,中國國民黨,0,無黨籍及未經政黨推薦,0,民主進步黨,0,無黨籍及未經政黨推薦,0,無黨籍及未經政黨推薦,4,無黨籍及未經政黨推薦,0,無黨籍及未經政黨推薦,0,民主進步黨,0,中國國民黨,0,中國國民黨,0,民主進步黨,0,無黨籍及未經政黨推薦,0,民主進步黨,0,無黨籍及未經政黨推薦,0,中國國民黨,0,無黨籍及未經政黨推薦,42,無黨籍及未經政黨推薦,0,民主進步黨,0,中國國民黨,0,無黨籍及未經政黨推薦,0,無黨籍及未經政黨推薦,0,中國國民黨,0,無黨籍及未經政黨推薦,0,無黨籍及未經政黨推薦,0,民主進步黨,0,無黨籍及未經政黨推薦,1706,民主進步黨,0,無黨籍及未經政黨推薦,4016,64,4080,0,4080,1306,5386,75.75
屈尺里,0026,0,民主進步黨,0,民主進步黨,0,中國國民黨,0,民主進步黨,0,民主進步黨,0,民主進步黨,0,民主進步黨,0,中國國民黨,0,無黨籍及未經政黨推薦,0,中國國民黨,48,無黨籍及未經政黨推薦,0,無黨籍及未經政黨推薦,0,民主進步黨,0,民主進步黨,0,中國國民黨,0,中國國民黨,0,民主進步黨,0,無黨籍及未經政黨推薦,0,中國國民黨,0,中國國民黨,0,台澎黨,0,民主進步黨,28,台澎黨,0,無黨籍及未經政黨推薦,0,民主進步黨,0,民主進步黨,0,民主進步黨,0,民主進步黨,0,民主進步黨,0,中國國民黨,0,民主進步黨,0,民主進步黨,0,民主進步黨,0,無黨籍及未經政黨推薦,1556,中國國民黨,0,無黨籍及未經政黨推薦,0,民主進步黨,0,中國國民黨,0,中國國民黨,0,民主進步黨,0,中國國民黨,0,民主進步黨,0,中國國民黨,0,無黨籍及未經政黨推薦,0,中國國民黨,0,無黨籍及未經政黨推薦,56,無黨籍及未經政黨推薦,0,中國國民黨,0,中國國民黨,0,中國國民黨,0,無黨籍及未經政黨推薦,0,民主進步黨,0,民主進步黨,0,中國國民黨,0,無黨籍及未經政黨推薦,0,民主進步黨,0,無黨籍及未經政黨推薦,0,無黨籍及未經政黨推薦,10,無黨籍及未經政黨推薦,0,無黨籍及未經政黨推薦,0,民主進步黨,0,中國國民黨,0,中國國民黨,0,民主進步黨,0,無黨籍及未經政黨推薦,0,民主進步黨,0,無黨籍及未經政黨推薦,0,中國國民黨,0,無黨籍及未經政黨推薦,38,無黨籍及未經政黨推薦,0,民主進步黨,0,中國國民黨,0,無黨籍及未經政黨推薦,0,無黨籍及未經政黨推薦,0,中國國民黨,0,無黨籍及未經政黨推薦,0,無黨籍及未經政黨推薦,0,民主進步黨,0,無黨籍及未經政黨推薦,1354,民主進步黨,0,無黨籍及未經政黨推薦,3090,74,3164,0,3164,1178,4342,72.87
龜山里,0027,0,民主進步黨,0,民主進步黨,0,中國國民黨,0,民主進步黨,0,民主進步黨,0,民主進步黨,0,民主進步黨,0,中國國民黨,0,無黨籍及未經政黨推薦,0,中國國民黨,22,無黨籍及未經政黨推薦,0,無黨籍及未經政黨推薦,0,民主進步黨,0,民主進步黨,0,中國國民黨,0,中國國民黨,0,民主進步黨,0,無黨籍及未經政黨推薦,0,中國國民黨,0,中國國民黨,0,台澎黨,0,民主進步黨,10,台澎黨,0,無黨籍及未經政黨推薦,0,民主進步黨,0,民主進步黨,0,民主進步黨,0,民主進步黨,0,民主進步黨,0,中國國民黨,0,民主進步黨,0,民主進步黨,0,民主進步黨,0,無黨籍及未經政黨推薦,1018,中國國民黨,0,無黨籍及未經政黨推薦,0,民主進步黨,0,中國國民黨,0,中國國民黨,0,民主進步黨,0,中國國民黨,0,民主進步黨,0,中國國民黨,0,無黨籍及未經政黨推薦,0,中國國民黨,0,無黨籍及未經政黨推薦,48,無黨籍及未經政黨推薦,0,中國國民黨,0,中國國民黨,0,中國國民黨,0,無黨籍及未經政黨推薦,0,民主進步黨,0,民主進步黨,0,中國國民黨,0,無黨籍及未經政黨推薦,0,民主進步黨,0,無黨籍及未經政黨推薦,0,無黨籍及未經政黨推薦,4,無黨籍及未經政黨推薦,0,無黨籍及未經政黨推薦,0,民主進步黨,0,中國國民黨,0,中國國民黨,0,民主進步黨,0,無黨籍及未經政黨推薦,0,民主進步黨,0,無黨籍及未經政黨推薦,0,中國國民黨,0,無黨籍及未經政黨推薦,22,無黨籍及未經政黨推薦,0,民主進步黨,0,中國國民黨,0,無黨籍及未經政黨推薦,0,無黨籍及未經政黨推薦,0,中國國民黨,0,無黨籍及未經政黨推薦,0,無黨籍及未經政黨推薦,0,民主進步黨,0,無黨籍及未經政黨推薦,1012,民主進步黨,0,無黨籍及未經政黨推薦,2136,44,2180,0,2180,928,3108,70.14
廣興里,0028,0,民主進步黨,0,民主進步黨,0,中國國民黨,0,民主進步黨,0,民主進步黨,0,民主進步黨,0,民主進步黨,0,中國國民黨,0,無黨籍及未經政黨推薦,0,中國國民黨,40,無黨籍及未經政黨推薦,0,無黨籍及未經政黨推薦,0,民主進步黨,0,民主進步黨,0,中國國民黨,0,中國國民黨,0,民主進步黨,0,無黨籍及未經政黨推薦,0,中國國民黨,0,中國國民黨,0,台澎黨,0,民主進步黨,8,台澎黨,0,無黨籍及未經政黨推薦,0,民主進步黨,0,民主進步黨,0,民主進步黨,0,民主進步黨,0,民主進步黨,0,中國國民黨,0,民主進步黨,0,民主進步黨,0,民主進步黨,0,無黨籍及未經政黨推薦,770,中國國民黨,0,無黨籍及未經政黨推薦,0,民主進步黨,0,中國國民黨,0,中國國民黨,0,民主進步黨,0,中國國民黨,0,民主進步黨,0,中國國民黨,0,無黨籍及未經政黨推薦,0,中國國民黨,0,無黨籍及未經政黨推薦,30,無黨籍及未經政黨推薦,0,中國國民黨,0,中國國民黨,0,中國國民黨,0,無黨籍及未經政黨推薦,0,民主進步黨,0,民主進步黨,0,中國國民黨,0,無黨籍及未經政黨推薦,0,民主進步黨,0,無黨籍及未經政黨推薦,0,無黨籍及未經政黨推薦,2,無黨籍及未經政黨推薦,0,無黨籍及未經政黨推薦,0,民主進步黨,0,中國國民黨,0,中國國民黨,0,民主進步黨,0,無黨籍及未經政黨推薦,0,民主進步黨,0,無黨籍及未經政黨推薦,0,中國國民黨,0,無黨籍及未經政黨推薦,16,無黨籍及未經政黨推薦,0,民主進步黨,0,中國國民黨,0,無黨籍及未經政黨推薦,0,無黨籍及未經政黨推薦,0,中國國民黨,0,無黨籍及未經政黨推薦,0,無黨籍及未經政黨推薦,0,民主進步黨,0,無黨籍及未經政黨推薦,890,民主進步黨,0,無黨籍及未經政黨推薦,1756,44,1800,0,1800,704,2504,71.88
直潭里,0029,0,民主進步黨,0,民主進步黨,0,中國國民黨,0,民主進步黨,0,民主進步黨,0,民主進步黨,0,民主進步黨,0,中國國民黨,0,無黨籍及未經政黨推薦,0,中國國民黨,48,無黨籍及未經政黨推薦,0,無黨籍及未經政黨推薦,0,民主進步黨,0,民主進步黨,0,中國國民黨,0,中國國民黨,0,民主進步黨,0,無黨籍及未經政黨推薦,0,中國國民黨,0,中國國民黨,0,台澎黨,0,民主進步黨,8,台澎黨,0,無黨籍及未經政黨推薦,0,民主進步黨,0,民主進步黨,0,民主進步黨,0,民主進步黨,0,民主進步黨,0,中國國民黨,0,民主進步黨,0,民主進步黨,0,民主進步黨,0,無黨籍及未經政黨推薦,726,中國國民黨,0,無黨籍及未經政黨推薦,0,民主進步黨,0,中國國民黨,0,中國國民黨,0,民主進步黨,0,中國國民黨,0,民主進步黨,0,中國國民黨,0,無黨籍及未經政黨推薦,0,中國國民黨,0,無黨籍及未經政黨推薦,42,無黨籍及未經政黨推薦,0,中國國民黨,0,中國國民黨,0,中國國民黨,0,無黨籍及未經政黨推薦,0,民主進步黨,0,民主進步黨,0,中國國民黨,0,無黨籍及未經政黨推薦,0,民主進步黨,0,無黨籍及未經政黨推薦,0,無黨籍及未經政黨推薦,4,無黨籍及未經政黨推薦,0,無黨籍及未經政黨推薦,0,民主進步黨,0,中國國民黨,0,中國國民黨,0,民主進步黨,0,無黨籍及未經政黨推薦,0,民主進步黨,0,無黨籍及未經政黨推薦,0,中國國民黨,0,無黨籍及未經政黨推薦,12,無黨籍及未經政黨推薦,0,民主進步黨,0,中國國民黨,0,無黨籍及未經政黨推薦,0,無黨籍及未經政黨推薦,0,中國國民黨,0,無黨籍及未經政黨推薦,0,無黨籍及未經政黨推薦,0,民主進步黨,0,無黨籍及未經政黨推薦,846,民主進步黨,0,無黨籍及未經政黨推薦,1686,54,1740,0,1740,588,2328,74.74
青潭里,0030,0,民主進步黨,0,民主進步黨,0,中國國民黨,0,民主進步黨,0,民主進步黨,0,民主進步黨,0,民主進步黨,0,中國國民黨,0,無黨籍及未經政黨推薦,0,中國國民黨,118,無黨籍及未經政黨推薦,0,無黨籍及未經政黨推薦,0,民主進步黨,0,民主進步黨,0,中國國民黨,0,中國國民黨,0,民主進步黨,0,無黨籍及未經政黨推薦,0,中國國民黨,0,中國國民黨,0,台澎黨,0,民主進步黨,44,台澎黨,0,無黨籍及未經政黨推薦,0,民主進步黨,0,民主進步黨,0,民主進步黨,0,民主進步黨,0,民主進步黨,0,中國國民黨,0,民主進步黨,0,民主進步黨,0,民主進步黨,0,無黨籍及未經政黨推薦,3764,中國國民黨,0,無黨籍及未經政黨推薦,0,民主進步黨,0,中國國民黨,0,中國國民黨,0,民主進步黨,0,中國國民黨,0,民主進步黨,0,中國國民黨,0,無黨籍及未經政黨推薦,0,中國國民黨,0,無黨籍及未經政黨推薦,192,無黨籍及未經政黨推薦,0,中國國民黨,0,中國國民黨,0,中國國民黨,0,無黨籍及未經政黨推薦,0,民主進步黨,0,民主進步黨,0,中國國民黨,0,無黨籍及未經政黨推薦,0,民主進步黨,0,無黨籍及未經政黨推薦,0,無黨籍及未經政黨推薦,26,無黨籍及未經政黨推薦,0,無黨籍及未經政黨推薦,0,民主進步黨,0,中國國民黨,0,中國國民黨,0,民主進步黨,0,無黨籍及未經政黨推薦,0,民主進步黨,0,無黨籍及未經政黨推薦,0,中國國民黨,0,無黨籍及未經政黨推薦,98,無黨籍及未經政黨推薦,0,民主進步黨,0,中國國民黨,0,無黨籍及未經政黨推薦,0,無黨籍及未經政黨推薦,0,中國國民黨,0,無黨籍及未經政黨推薦,0,無黨籍及未經政黨推薦,0,民主進步黨,0,無黨籍及未經政黨推薦,2526,民主進步黨,0,無黨籍及未經政黨推薦,6768,140,6908,0,6908,2352,9260,74.6
新店里,0031,0,民主進步黨,0,民主進步黨,0,中國國民黨,0,民主進步黨,0,民主進步黨,0,民主進步黨,0,民主進步黨,0,中國國民黨,0,無黨籍及未經政黨推薦,0,中國國民黨,46,無黨籍及未經政黨推薦,0,無黨籍及未經政黨推薦,0,民主進步黨,0,民主進步黨,0,中國國民黨,0,中國國民黨,0,民主進步黨,0,無黨籍及未經政黨推薦,0,中國國民黨,0,中國國民黨,0,台澎黨,0,民主進步黨,22,台澎黨,0,無黨籍及未經政黨推薦,0,民主進步黨,0,民主進步黨,0,民主進步黨,0,民主進步黨,0,民主進步黨,0,中國國民黨,0,民主進步黨,0,民主進步黨,0,民主進步黨,0,無黨籍及未經政黨推薦,1138,中國國民黨,0,無黨籍及未經政黨推薦,0,民主進步黨,0,中國國民黨,0,中國國民黨,0,民主進步黨,0,中國國民黨,0,民主進步黨,0,中國國民黨,0,無黨籍及未經政黨推薦,0,中國國民黨,0,無黨籍及未經政黨推薦,82,無黨籍及未經政黨推薦,0,中國國民黨,0,中國國民黨,0,中國國民黨,0,無黨籍及未經政黨推薦,0,民主進步黨,0,民主進步黨,0,中國國民黨,0,無黨籍及未經政黨推薦,0,民主進步黨,0,無黨籍及未經政黨推薦,0,無黨籍及未經政黨推薦,4,無黨籍及未經政黨推薦,0,無黨籍及未經政黨推薦,0,民主進步黨,0,中國國民黨,0,中國國民黨,0,民主進步黨,0,無黨籍及未經政黨推薦,0,民主進步黨,0,無黨籍及未經政黨推薦,0,中國國民黨,0,無黨籍及未經政黨推薦,20,無黨籍及未經政黨推薦,0,民主進步黨,0,中國國民黨,0,無黨籍及未經政黨推薦,0,無黨籍及未經政黨推薦,0,中國國民黨,0,無黨籍及未經政黨推薦,0,無黨籍及未經政黨推薦,0,民主進步黨,0,無黨籍及未經政黨推薦,1006,民主進步黨,0,無黨籍及未經政黨推薦,2318,58,2376,0,2376,760,3136,75.77
張南里,0032,0,民主進步黨,0,民主進步黨,0,中國國民黨,0,民主進步黨,0,民主進步黨,0,民主進步黨,0,民主進步黨,0,中國國民黨,0,無黨籍及未經政黨推薦,0,中國國民黨,58,無黨籍及未經政黨推薦,0,無黨籍及未經政黨推薦,0,民主進步黨,0,民主進步黨,0,中國國民黨,0,中國國民黨,0,民主進步黨,0,無黨籍及未經政黨推薦,0,中國國民黨,0,中國國民黨,0,台澎黨,0,民主進步黨,22,台澎黨,0,無黨籍及未經政黨推薦,0,民主進步黨,0,民主進步黨,0,民主進步黨,0,民主進步黨,0,民主進步黨,0,中國國民黨,0,民主進步黨,0,民主進步黨,0,民主進步黨,0,無黨籍及未經政黨推薦,1650,中國國民黨,0,無黨籍及未經政黨推薦,0,民主進步黨,0,中國國民黨,0,中國國民黨,0,民主進步黨,0,中國國民黨,0,民主進步黨,0,中國國民黨,0,無黨籍及未經政黨推薦,0,中國國民黨,0,無黨籍及未經政黨推薦,84,無黨籍及未經政黨推薦,0,中國國民黨,0,中國國民黨,0,中國國民黨,0,無黨籍及未經政黨推薦,0,民主進步黨,0,民主進步黨,0,中國國民黨,0,無黨籍及未經政黨推薦,0,民主進步黨,0,無黨籍及未經政黨推薦,0,無黨籍及未經政黨推薦,4,無黨籍及未經政黨推薦,0,無黨籍及未經政黨推薦,0,民主進步黨,0,中國國民黨,0,中國國民黨,0,民主進步黨,0,無黨籍及未經政黨推薦,0,民主進步黨,0,無黨籍及未經政黨推薦,0,中國國民黨,0,無黨籍及未經政黨推薦,32,無黨籍及未經政黨推薦,0,民主進步黨,0,中國國民黨,0,無黨籍及未經政黨推薦,0,無黨籍及未經政黨推薦,0,中國國民黨,0,無黨籍及未經政黨推薦,0,無黨籍及未經政黨推薦,0,民主進步黨,0,無黨籍及未經政黨推薦,914,民主進步黨,0,無黨籍及未經政黨推薦,2764,82,2846,0,2846,898,3744,76.01
國校里,0033,0,民主進步黨,0,民主進步黨,0,中國國民黨,0,民主進步黨,0,民主進步黨,0,民主進步黨,0,民主進步黨,0,中國國民黨,0,無黨籍及未經政黨推薦,0,中國國民黨,86,無黨籍及未經政黨推薦,0,無黨籍及未經政黨推薦,0,民主進步黨,0,民主進步黨,0,中國國民黨,0,中國國民黨,0,民主進步黨,0,無黨籍及未經政黨推薦,0,中國國民黨,0,中國國民黨,0,台澎黨,0,民主進步黨,16,台澎黨,0,無黨籍及未經政黨推薦,0,民主進步黨,0,民主進步黨,0,民主進步黨,0,民主進步黨,0,民主進步黨,0,中國國民黨,0,民主進步黨,0,民主進步黨,0,民主進步黨,0,無黨籍及未經政黨推薦,1798,中國國民黨,0,無黨籍及未經政黨推薦,0,民主進步黨,0,中國國民黨,0,中國國民黨,0,民主進步黨,0,中國國民黨,0,民主進步黨,0,中國國民黨,0,無黨籍及未經政黨推薦,0,中國國民黨,0,無黨籍及未經政黨推薦,142,無黨籍及未經政黨推薦,0,中國國民黨,0,中國國民黨,0,中國國民黨,0,無黨籍及未經政黨推薦,0,民主進步黨,0,民主進步黨,0,中國國民黨,0,無黨籍及未經政黨推薦,0,民主進步黨,0,無黨籍及未經政黨推薦,0,無黨籍及未經政黨推薦,10,無黨籍及未經政黨推薦,0,無黨籍及未經政黨推薦,0,民主進步黨,0,中國國民黨,0,中國國民黨,0,民主進步黨,0,無黨籍及未經政黨推薦,0,民主進步黨,0,無黨籍及未經政黨推薦,0,中國國民黨,0,無黨籍及未經政黨推薦,44,無黨籍及未經政黨推薦,0,民主進步黨,0,中國國民黨,0,無黨籍及未經政黨推薦,0,無黨籍及未經政黨推薦,0,中國國民黨,0,無黨籍及未經政黨推薦,0,無黨籍及未經政黨推薦,0,民主進步黨,0,無黨籍及未經政黨推薦,1148,民主進步黨,0,無黨籍及未經政黨推薦,3244,108,3352,0,3352,1068,4420,75.84
文中里,0034,0,民主進步黨,0,民主進步黨,0,中國國民黨,0,民主進步黨,0,民主進步黨,0,民主進步黨,0,民主進步黨,0,中國國民黨,0,無黨籍及未經政黨推薦,0,中國國民黨,34,無黨籍及未經政黨推薦,0,無黨籍及未經政黨推薦,0,民主進步黨,0,民主進步黨,0,中國國民黨,0,中國國民黨,0,民主進步黨,0,無黨籍及未經政黨推薦,0,中國國民黨,0,中國國民黨,0,台澎黨,0,民主進步黨,12,台澎黨,0,無黨籍及未經政黨推薦,0,民主進步黨,0,民主進步黨,0,民主進步黨,0,民主進步黨,0,民主進步黨,0,中國國民黨,0,民主進步黨,0,民主進步黨,0,民主進步黨,0,無黨籍及未經政黨推薦,1426,中國國民黨,0,無黨籍及未經政黨推薦,0,民主進步黨,0,中國國民黨,0,中國國民黨,0,民主進步黨,0,中國國民黨,0,民主進步黨,0,中國國民黨,0,無黨籍及未經政黨推薦,0,中國國民黨,0,無黨籍及未經政黨推薦,72,無黨籍及未經政黨推薦,0,中國國民黨,0,中國國民黨,0,中國國民黨,0,無黨籍及未經政黨推薦,0,民主進步黨,0,民主進步黨,0,中國國民黨,0,無黨籍及未經政黨推薦,0,民主進步黨,0,無黨籍及未經政黨推薦,0,無黨籍及未經政黨推薦,6,無黨籍及未經政黨推薦,0,無黨籍及未經政黨推薦,0,民主進步黨,0,中國國民黨,0,中國國民黨,0,民主進步黨,0,無黨籍及未經政黨推薦,0,民主進步黨,0,無黨籍及未經政黨推薦,0,中國國民黨,0,無黨籍及未經政黨推薦,28,無黨籍及未經政黨推薦,0,民主進步黨,0,中國國民黨,0,無黨籍及未經政黨推薦,0,無黨籍及未經政黨推薦,0,中國國民黨,0,無黨籍及未經政黨推薦,0,無黨籍及未經政黨推薦,0,民主進步黨,0,無黨籍及未經政黨推薦,710,民主進步黨,0,無黨籍及未經政黨推薦,2288,48,2336,0,2336,720,3056,76.44
廣明里,0035,0,民主進步黨,0,民主進步黨,0,中國國民黨,0,民主進步黨,0,民主進步黨,0,民主進步黨,0,民主進步黨,0,中國國民黨,0,無黨籍及未經政黨推薦,0,中國國民黨,32,無黨籍及未經政黨推薦,0,無黨籍及未經政黨推薦,0,民主進步黨,0,民主進步黨,0,中國國民黨,0,中國國民黨,0,民主進步黨,0,無黨籍及未經政黨推薦,0,中國國民黨,0,中國國民黨,0,台澎黨,0,民主進步黨,6,台澎黨,0,無黨籍及未經政黨推薦,0,民主進步黨,0,民主進步黨,0,民主進步黨,0,民主進步黨,0,民主進步黨,0,中國國民黨,0,民主進步黨,0,民主進步黨,0,民主進步黨,0,無黨籍及未經政黨推薦,452,中國國民黨,0,無黨籍及未經政黨推薦,0,民主進步黨,0,中國國民黨,0,中國國民黨,0,民主進步黨,0,中國國民黨,0,民主進步黨,0,中國國民黨,0,無黨籍及未經政黨推薦,0,中國國民黨,0,無黨籍及未經政黨推薦,34,無黨籍及未經政黨推薦,0,中國國民黨,0,中國國民黨,0,中國國民黨,0,無黨籍及未經政黨推薦,0,民主進步黨,0,民主進步黨,0,中國國民黨,0,無黨籍及未經政黨推薦,0,民主進步黨,0,無黨籍及未經政黨推薦,0,無黨籍及未經政黨推薦,4,無黨籍及未經政黨推薦,0,無黨籍及未經政黨推薦,0,民主進步黨,0,中國國民黨,0,中國國民黨,0,民主進步黨,0,無黨籍及未經政黨推薦,0,民主進步黨,0,無黨籍及未經政黨推薦,0,中國國民黨,0,無黨籍及未經政黨推薦,6,無黨籍及未經政黨推薦,0,民主進步黨,0,中國國民黨,0,無黨籍及未經政黨推薦,0,無黨籍及未經政黨推薦,0,中國國民黨,0,無黨籍及未經政黨推薦,0,無黨籍及未經政黨推薦,0,民主進步黨,0,無黨籍及未經政黨推薦,602,民主進步黨,0,無黨籍及未經政黨推薦,1136,24,1160,0,1160,372,1532,75.72
文明里,0036,0,民主進步黨,0,民主進步黨,0,中國國民黨,0,民主進步黨,0,民主進步黨,0,民主進步黨,0,民主進步黨,0,中國國民黨,0,無黨籍及未經政黨推薦,0,中國國民黨,56,無黨籍及未經政黨推薦,0,無黨籍及未經政黨推薦,0,民主進步黨,0,民主進步黨,0,中國國民黨,0,中國國民黨,0,民主進步黨,0,無黨籍及未經政黨推薦,0,中國國民黨,0,中國國民黨,0,台澎黨,0,民主進步黨,22,台澎黨,0,無黨籍及未經政黨推薦,0,民主進步黨,0,民主進步黨,0,民主進步黨,0,民主進步黨,0,民主進步黨,0,中國國民黨,0,民主進步黨,0,民主進步黨,0,民主進步黨,0,無黨籍及未經政黨推薦,1808,中國國民黨,0,無黨籍及未經政黨推薦,0,民主進步黨,0,中國國民黨,0,中國國民黨,0,民主進步黨,0,中國國民黨,0,民主進步黨,0,中國國民黨,0,無黨籍及未經政黨推薦,0,中國國民黨,0,無黨籍及未經政黨推薦,96,無黨籍及未經政黨推薦,0,中國國民黨,0,中國國民黨,0,中國國民黨,0,無黨籍及未經政黨推薦,0,民主進步黨,0,民主進步黨,0,中國國民黨,0,無黨籍及未經政黨推薦,0,民主進步黨,0,無黨籍及未經政黨推薦,0,無黨籍及未經政黨推薦,2,無黨籍及未經政黨推薦,0,無黨籍及未經政黨推薦,0,民主進步黨,0,中國國民黨,0,中國國民黨,0,民主進步黨,0,無黨籍及未經政黨推薦,0,民主進步黨,0,無黨籍及未經政黨推薦,0,中國國民黨,0,無黨籍及未經政黨推薦,34,無黨籍及未經政黨推薦,0,民主進步黨,0,中國國民黨,0,無黨籍及未經政黨推薦,0,無黨籍及未經政黨推薦,0,中國國民黨,0,無黨籍及未經政黨推薦,0,無黨籍及未經政黨推薦,0,民主進步黨,0,無黨籍及未經政黨推薦,1380,民主進步黨,0,無黨籍及未經政黨推薦,3398,76,3474,0,3474,962,4436,78.31
中興里,0037,0,民主進步黨,0,民主進步黨,0,中國國民黨,0,民主進步黨,0,民主進步黨,0,民主進步黨,0,民主進步黨,0,中國國民黨,0,無黨籍及未經政黨推薦,0,中國國民黨,92,無黨籍及未經政黨推薦,0,無黨籍及未經政黨推薦,0,民主進步黨,0,民主進步黨,0,中國國民黨,0,中國國民黨,0,民主進步黨,0,無黨籍及未經政黨推薦,0,中國國民黨,0,中國國民黨,0,台澎黨,0,民主進步黨,50,台澎黨,0,無黨籍及未經政黨推薦,0,民主進步黨,0,民主進步黨,0,民主進步黨,0,民主進步黨,0,民主進步黨,0,中國國民黨,0,民主進步黨,0,民主進步黨,0,民主進步黨,0,無黨籍及未經政黨推薦,4134,中國國民黨,0,無黨籍及未經政黨推薦,0,民主進步黨,0,中國國民黨,0,中國國民黨,0,民主進步黨,0,中國國民黨,0,民主進步黨,0,中國國民黨,0,無黨籍及未經政黨推薦,0,中國國民黨,0,無黨籍及未經政黨推薦,220,無黨籍及未經政黨推薦,0,中國國民黨,0,中國國民黨,0,中國國民黨,0,無黨籍及未經政黨推薦,0,民主進步黨,0,民主進步黨,0,中國國民黨,0,無黨籍及未經政黨推薦,0,民主進步黨,0,無黨籍及未經政黨推薦,0,無黨籍及未經政黨推薦,32,無黨籍及未經政黨推薦,0,無黨籍及未經政黨推薦,0,民主進步黨,0,中國國民黨,0,中國國民黨,0,民主進步黨,0,無黨籍及未經政黨推薦,0,民主進步黨,0,無黨籍及未經政黨推薦,0,中國國民黨,0,無黨籍及未經政黨推薦,112,無黨籍及未經政黨推薦,0,民主進步黨,0,中國國民黨,0,無黨籍及未經政黨推薦,0,無黨籍及未經政黨推薦,0,中國國民黨,0,無黨籍及未經政黨推薦,0,無黨籍及未經政黨推薦,0,民主進步黨,0,無黨籍及未經政黨推薦,2100,民主進步黨,0,無黨籍及未經政黨推薦,6740,166,6906,0,6906,2122,9028,76.5
新生里,0038,0,民主進步黨,0,民主進步黨,0,中國國民黨,0,民主進步黨,0,民主進步黨,0,民主進步黨,0,民主進步黨,0,中國國民黨,0,無黨籍及未經政黨推薦,0,中國國民黨,166,無黨籍及未經政黨推薦,0,無黨籍及未經政黨推薦,0,民主進步黨,0,民主進步黨,0,中國國民黨,0,中國國民黨,0,民主進步黨,0,無黨籍及未經政黨推薦,0,中國國民黨,0,中國國民黨,0,台澎黨,0,民主進步黨,66,台澎黨,0,無黨籍及未經政黨推薦,0,民主進步黨,0,民主進步黨,0,民主進步黨,0,民主進步黨,0,民主進步黨,0,中國國民黨,0,民主進步黨,0,民主進步黨,0,民主進步黨,0,無黨籍及未經政黨推薦,4618,中國國民黨,0,無黨籍及未經政黨推薦,0,民主進步黨,0,中國國民黨,0,中國國民黨,0,民主進步黨,0,中國國民黨,0,民主進步黨,0,中國國民黨,0,無黨籍及未經政黨推薦,0,中國國民黨,0,無黨籍及未經政黨推薦,256,無黨籍及未經政黨推薦,0,中國國民黨,0,中國國民黨,0,中國國民黨,0,無黨籍及未經政黨推薦,0,民主進步黨,0,民主進步黨,0,中國國民黨,0,無黨籍及未經政黨推薦,0,民主進步黨,0,無黨籍及未經政黨推薦,0,無黨籍及未經政黨推薦,24,無黨籍及未經政黨推薦,0,無黨籍及未經政黨推薦,0,民主進步黨,0,中國國民黨,0,中國國民黨,0,民主進步黨,0,無黨籍及未經政黨推薦,0,民主進步黨,0,無黨籍及未經政黨推薦,0,中國國民黨,0,無黨籍及未經政黨推薦,84,無黨籍及未經政黨推薦,0,民主進步黨,0,中國國民黨,0,無黨籍及未經政黨推薦,0,無黨籍及未經政黨推薦,0,中國國民黨,0,無黨籍及未經政黨推薦,0,無黨籍及未經政黨推薦,0,民主進步黨,0,無黨籍及未經政黨推薦,2578,民主進步黨,0,無黨籍及未經政黨推薦,7792,182,7974,0,7974,2344,10318,77.28
新德里,0039,0,民主進步黨,0,民主進步黨,0,中國國民黨,0,民主進步黨,0,民主進步黨,0,民主進步黨,0,民主進步黨,0,中國國民黨,0,無黨籍及未經政黨推薦,0,中國國民黨,84,無黨籍及未經政黨推薦,0,無黨籍及未經政黨推薦,0,民主進步黨,0,民主進步黨,0,中國國民黨,0,中國國民黨,0,民主進步黨,0,無黨籍及未經政黨推薦,0,中國國民黨,0,中國國民黨,0,台澎黨,0,民主進步黨,32,台澎黨,0,無黨籍及未經政黨推薦,0,民主進步黨,0,民主進步黨,0,民主進步黨,0,民主進步黨,0,民主進步黨,0,中國國民黨,0,民主進步黨,0,民主進步黨,0,民主進步黨,0,無黨籍及未經政黨推薦,1932,中國國民黨,0,無黨籍及未經政黨推薦,0,民主進步黨,0,中國國民黨,0,中國國民黨,0,民主進步黨,0,中國國民黨,0,民主進步黨,0,中國國民黨,0,無黨籍及未經政黨推薦,0,中國國民黨,0,無黨籍及未經政黨推薦,124,無黨籍及未經政黨推薦,0,中國國民黨,0,中國國民黨,0,中國國民黨,0,無黨籍及未經政黨推薦,0,民主進步黨,0,民主進步黨,0,中國國民黨,0,無黨籍及未經政黨推薦,0,民主進步黨,0,無黨籍及未經政黨推薦,0,無黨籍及未經政黨推薦,4,無黨籍及未經政黨推薦,0,無黨籍及未經政黨推薦,0,民主進步黨,0,中國國民黨,0,中國國民黨,0,民主進步黨,0,無黨籍及未經政黨推薦,0,民主進步黨,0,無黨籍及未經政黨推薦,0,中國國民黨,0,無黨籍及未經政黨推薦,42,無黨籍及未經政黨推薦,0,民主進步黨,0,中國國民黨,0,無黨籍及未經政黨推薦,0,無黨籍及未經政黨推薦,0,中國國民黨,0,無黨籍及未經政黨推薦,0,無黨籍及未經政黨推薦,0,民主進步黨,0,無黨籍及未經政黨推薦,1330,民主進步黨,0,無黨籍及未經政黨推薦,3548,104,3652,0,3652,1170,4822,75.74
張北里,0040,0,民主進步黨,0,民主進步黨,0,中國國民黨,0,民主進步黨,0,民主進步黨,0,民主進步黨,0,民主進步黨,0,中國國民黨,0,無黨籍及未經政黨推薦,0,中國國民黨,156,無黨籍及未經政黨推薦,0,無黨籍及未經政黨推薦,0,民主進步黨,0,民主進步黨,0,中國國民黨,0,中國國民黨,0,民主進步黨,0,無黨籍及未經政黨推薦,0,中國國民黨,0,中國國民黨,0,台澎黨,0,民主進步黨,66,台澎黨,0,無黨籍及未經政黨推薦,0,民主進步黨,0,民主進步黨,0,民主進步黨,0,民主進步黨,0,民主進步黨,0,中國國民黨,0,民主進步黨,0,民主進步黨,0,民主進步黨,0,無黨籍及未經政黨推薦,7062,中國國民黨,0,無黨籍及未經政黨推薦,0,民主進步黨,0,中國國民黨,0,中國國民黨,0,民主進步黨,0,中國國民黨,0,民主進步黨,0,中國國民黨,0,無黨籍及未經政黨推薦,0,中國國民黨,0,無黨籍及未經政黨推薦,412,無黨籍及未經政黨推薦,0,中國國民黨,0,中國國民黨,0,中國國民黨,0,無黨籍及未經政黨推薦,0,民主進步黨,0,民主進步黨,0,中國國民黨,0,無黨籍及未經政黨推薦,0,民主進步黨,0,無黨籍及未經政黨推薦,0,無黨籍及未經政黨推薦,24,無黨籍及未經政黨推薦,0,無黨籍及未經政黨推薦,0,民主進步黨,0,中國國民黨,0,中國國民黨,0,民主進步黨,0,無黨籍及未經政黨推薦,0,民主進步黨,0,無黨籍及未經政黨推薦,0,中國國民黨,0,無黨籍及未經政黨推薦,146,無黨籍及未經政黨推薦,0,民主進步黨,0,中國國民黨,0,無黨籍及未經政黨推薦,0,無黨籍及未經政黨推薦,0,中國國民黨,0,無黨籍及未經政黨推薦,0,無黨籍及未經政黨推薦,0,民主進步黨,0,無黨籍及未經政黨推薦,3610,民主進步黨,0,無黨籍及未經政黨推薦,11476,258,11734,0,11734,3766,15500,75.7
五峯里,0041,0,民主進步黨,0,民主進步黨,0,中國國民黨,0,民主進步黨,0,民主進步黨,0,民主進步黨,0,民主進步黨,0,中國國民黨,0,無黨籍及未經政黨推薦,0,中國國民黨,138,無黨籍及未經政黨推薦,0,無黨籍及未經政黨推薦,0,民主進步黨,0,民主進步黨,0,中國國民黨,0,中國國民黨,0,民主進步黨,0,無黨籍及未經政黨推薦,0,中國國民黨,0,中國國民黨,0,台澎黨,0,民主進步黨,72,台澎黨,0,無黨籍及未經政黨推薦,0,民主進步黨,0,民主進步黨,0,民主進步黨,0,民主進步黨,0,民主進步黨,0,中國國民黨,0,民主進步黨,0,民主進步黨,0,民主進步黨,0,無黨籍及未經政黨推薦,5782,中國國民黨,0,無黨籍及未經政黨推薦,0,民主進步黨,0,中國國民黨,0,中國國民黨,0,民主進步黨,0,中國國民黨,0,民主進步黨,0,中國國民黨,0,無黨籍及未經政黨推薦,0,中國國民黨,0,無黨籍及未經政黨推薦,352,無黨籍及未經政黨推薦,0,中國國民黨,0,中國國民黨,0,中國國民黨,0,無黨籍及未經政黨推薦,0,民主進步黨,0,民主進步黨,0,中國國民黨,0,無黨籍及未經政黨推薦,0,民主進步黨,0,無黨籍及未經政黨推薦,0,無黨籍及未經政黨推薦,26,無黨籍及未經政黨推薦,0,無黨籍及未經政黨推薦,0,民主進步黨,0,中國國民黨,0,中國國民黨,0,民主進步黨,0,無黨籍及未經政黨推薦,0,民主進步黨,0,無黨籍及未經政黨推薦,0,中國國民黨,0,無黨籍及未經政黨推薦,202,無黨籍及未經政黨推薦,0,民主進步黨,0,中國國民黨,0,無黨籍及未經政黨推薦,0,無黨籍及未經政黨推薦,0,中國國民黨,0,無黨籍及未經政黨推薦,0,無黨籍及未經政黨推薦,0,民主進步黨,0,無黨籍及未經政黨推薦,3370,民主進步黨,0,無黨籍及未經政黨推薦,9942,298,10240,0,10240,3094,13334,76.8
新安里,0042,0,民主進步黨,0,民主進步黨,0,中國國民黨,0,民主進步黨,0,民主進步黨,0,民主進步黨,0,民主進步黨,0,中國國民黨,0,無黨籍及未經政黨推薦,0,中國國民黨,108,無黨籍及未經政黨推薦,0,無黨籍及未經政黨推薦,0,民主進步黨,0,民主進步黨,0,中國國民黨,0,中國國民黨,0,民主進步黨,0,無黨籍及未經政黨推薦,0,中國國民黨,0,中國國民黨,0,台澎黨,0,民主進步黨,32,台澎黨,0,無黨籍及未經政黨推薦,0,民主進步黨,0,民主進步黨,0,民主進步黨,0,民主進步黨,0,民主進步黨,0,中國國民黨,0,民主進步黨,0,民主進步黨,0,民主進步黨,0,無黨籍及未經政黨推薦,3696,中國國民黨,0,無黨籍及未經政黨推薦,0,民主進步黨,0,中國國民黨,0,中國國民黨,0,民主進步黨,0,中國國民黨,0,民主進步黨,0,中國國民黨,0,無黨籍及未經政黨推薦,0,中國國民黨,0,無黨籍及未經政黨推薦,210,無黨籍及未經政黨推薦,0,中國國民黨,0,中國國民黨,0,中國國民黨,0,無黨籍及未經政黨推薦,0,民主進步黨,0,民主進步黨,0,中國國民黨,0,無黨籍及未經政黨推薦,0,民主進步黨,0,無黨籍及未經政黨推薦,0,無黨籍及未經政黨推薦,18,無黨籍及未經政黨推薦,0,無黨籍及未經政黨推薦,0,民主進步黨,0,中國國民黨,0,中國國民黨,0,民主進步黨,0,無黨籍及未經政黨推薦,0,民主進步黨,0,無黨籍及未經政黨推薦,0,中國國民黨,0,無黨籍及未經政黨推薦,72,無黨籍及未經政黨推薦,0,民主進步黨,0,中國國民黨,0,無黨籍及未經政黨推薦,0,無黨籍及未經政黨推薦,0,中國國民黨,0,無黨籍及未經政黨推薦,0,無黨籍及未經政黨推薦,0,民主進步黨,0,無黨籍及未經政黨推薦,1716,民主進步黨,0,無黨籍及未經政黨推薦,5852,166,6018,0,6018,5400,11418,52.71
忠誠里,0043,0,民主進步黨,0,民主進步黨,0,中國國民黨,0,民主進步黨,0,民主進步黨,0,民主進步黨,0,民主進步黨,0,中國國民黨,0,無黨籍及未經政黨推薦,0,中國國民黨,64,無黨籍及未經政黨推薦,0,無黨籍及未經政黨推薦,0,民主進步黨,0,民主進步黨,0,中國國民黨,0,中國國民黨,0,民主進步黨,0,無黨籍及未經政黨推薦,0,中國國民黨,0,中國國民黨,0,台澎黨,0,民主進步黨,16,台澎黨,0,無黨籍及未經政黨推薦,0,民主進步黨,0,民主進步黨,0,民主進步黨,0,民主進步黨,0,民主進步黨,0,中國國民黨,0,民主進步黨,0,民主進步黨,0,民主進步黨,0,無黨籍及未經政黨推薦,1990,中國國民黨,0,無黨籍及未經政黨推薦,0,民主進步黨,0,中國國民黨,0,中國國民黨,0,民主進步黨,0,中國國民黨,0,民主進步黨,0,中國國民黨,0,無黨籍及未經政黨推薦,0,中國國民黨,0,無黨籍及未經政黨推薦,114,無黨籍及未經政黨推薦,0,中國國民黨,0,中國國民黨,0,中國國民黨,0,無黨籍及未經政黨推薦,0,民主進步黨,0,民主進步黨,0,中國國民黨,0,無黨籍及未經政黨推薦,0,民主進步黨,0,無黨籍及未經政黨推薦,0,無黨籍及未經政黨推薦,10,無黨籍及未經政黨推薦,0,無黨籍及未經政黨推薦,0,民主進步黨,0,中國國民黨,0,中國國民黨,0,民主進步黨,0,無黨籍及未經政黨推薦,0,民主進步黨,0,無黨籍及未經政黨推薦,0,中國國民黨,0,無黨籍及未經政黨推薦,38,無黨籍及未經政黨推薦,0,民主進步黨,0,中國國民黨,0,無黨籍及未經政黨推薦,0,無黨籍及未經政黨推薦,0,中國國民黨,0,無黨籍及未經政黨推薦,0,無黨籍及未經政黨推薦,0,民主進步黨,0,無黨籍及未經政黨推薦,1102,民主進步黨,0,無黨籍及未經政黨推薦,3334,76,3410,0,3410,910,4320,78.94
中正里,0044,0,民主進步黨,0,民主進步黨,0,中國國民黨,0,民主進步黨,0,民主進步黨,0,民主進步黨,0,民主進步黨,0,中國國民黨,0,無黨籍及未經政黨推薦,0,中國國民黨,136,無黨籍及未經政黨推薦,0,無黨籍及未經政黨推薦,0,民主進步黨,0,民主進步黨,0,中國國民黨,0,中國國民黨,0,民主進步黨,0,無黨籍及未經政黨推薦,0,中國國民黨,0,中國國民黨,0,台澎黨,0,民主進步黨,42,台澎黨,0,無黨籍及未經政黨推薦,0,民主進步黨,0,民主進步黨,0,民主進步黨,0,民主進步黨,0,民主進步黨,0,中國國民黨,0,民主進步黨,0,民主進步黨,0,民主進步黨,0,無黨籍及未經政黨推薦,4750,中國國民黨,0,無黨籍及未經政黨推薦,0,民主進步黨,0,中國國民黨,0,中國國民黨,0,民主進步黨,0,中國國民黨,0,民主進步黨,0,中國國民黨,0,無黨籍及未經政黨推薦,0,中國國民黨,0,無黨籍及未經政黨推薦,256,無黨籍及未經政黨推薦,0,中國國民黨,0,中國國民黨,0,中國國民黨,0,無黨籍及未經政黨推薦,0,民主進步黨,0,民主進步黨,0,中國國民黨,0,無黨籍及未經政黨推薦,0,民主進步黨,0,無黨籍及未經政黨推薦,0,無黨籍及未經政黨推薦,16,無黨籍及未經政黨推薦,0,無黨籍及未經政黨推薦,0,民主進步黨,0,中國國民黨,0,中國國民黨,0,民主進步黨,0,無黨籍及未經政黨推薦,0,民主進步黨,0,無黨籍及未經政黨推薦,0,中國國民黨,0,無黨籍及未經政黨推薦,120,無黨籍及未經政黨推薦,0,民主進步黨,0,中國國民黨,0,無黨籍及未經政黨推薦,0,無黨籍及未經政黨推薦,0,中國國民黨,0,無黨籍及未經政黨推薦,0,無黨籍及未經政黨推薦,0,民主進步黨,0,無黨籍及未經政黨推薦,2390,民主進步黨,0,無黨籍及未經政黨推薦,7710,208,7918,0,7918,2528,10446,75.8
中華里,0045,0,民主進步黨,0,民主進步黨,0,中國國民黨,0,民主進步黨,0,民主進步黨,0,民主進步黨,0,民主進步黨,0,中國國民黨,0,無黨籍及未經政黨推薦,0,中國國民黨,218,無黨籍及未經政黨推薦,0,無黨籍及未經政黨推薦,0,民主進步黨,0,民主進步黨,0,中國國民黨,0,中國國民黨,0,民主進步黨,0,無黨籍及未經政黨推薦,0,中國國民黨,0,中國國民黨,0,台澎黨,0,民主進步黨,60,台澎黨,0,無黨籍及未經政黨推薦,0,民主進步黨,0,民主進步黨,0,民主進步黨,0,民主進步黨,0,民主進步黨,0,中國國民黨,0,民主進步黨,0,民主進步黨,0,民主進步黨,0,無黨籍及未經政黨推薦,3530,中國國民黨,0,無黨籍及未經政黨推薦,0,民主進步黨,0,中國國民黨,0,中國國民黨,0,民主進步黨,0,中國國民黨,0,民主進步黨,0,中國國民黨,0,無黨籍及未經政黨推薦,0,中國國民黨,0,無黨籍及未經政黨推薦,202,無黨籍及未經政黨推薦,0,中國國民黨,0,中國國民黨,0,中國國民黨,0,無黨籍及未經政黨推薦,0,民主進步黨,0,民主進步黨,0,中國國民黨,0,無黨籍及未經政黨推薦,0,民主進步黨,0,無黨籍及未經政黨推薦,0,無黨籍及未經政黨推薦,20,無黨籍及未經政黨推薦,0,無黨籍及未經政黨推薦,0,民主進步黨,0,中國國民黨,0,中國國民黨,0,民主進步黨,0,無黨籍及未經政黨推薦,0,民主進步黨,0,無黨籍及未經政黨推薦,0,中國國民黨,0,無黨籍及未經政黨推薦,68,無黨籍及未經政黨推薦,0,民主進步黨,0,中國國民黨,0,無黨籍及未經政黨推薦,0,無黨籍及未經政黨推薦,0,中國國民黨,0,無黨籍及未經政黨推薦,0,無黨籍及未經政黨推薦,0,民主進步黨,0,無黨籍及未經政黨推薦,1552,民主進步黨,0,無黨籍及未經政黨推薦,5650,154,5804,0,5804,1802,7606,76.31
仁愛里,0046,0,民主進步黨,0,民主進步黨,0,中國國民黨,0,民主進步黨,0,民主進步黨,0,民主進步黨,0,民主進步黨,0,中國國民黨,0,無黨籍及未經政黨推薦,0,中國國民黨,28,無黨籍及未經政黨推薦,0,無黨籍及未經政黨推薦,0,民主進步黨,0,民主進步黨,0,中國國民黨,0,中國國民黨,0,民主進步黨,0,無黨籍及未經政黨推薦,0,中國國民黨,0,中國國民黨,0,台澎黨,0,民主進步黨,14,台澎黨,0,無黨籍及未經政黨推薦,0,民主進步黨,0,民主進步黨,0,民主進步黨,0,民主進步黨,0,民主進步黨,0,中國國民黨,0,民主進步黨,0,民主進步黨,0,民主進步黨,0,無黨籍及未經政黨推薦,1700,中國國民黨,0,無黨籍及未經政黨推薦,0,民主進步黨,0,中國國民黨,0,中國國民黨,0,民主進步黨,0,中國國民黨,0,民主進步黨,0,中國國民黨,0,無黨籍及未經政黨推薦,0,中國國民黨,0,無黨籍及未經政黨推薦,90,無黨籍及未經政黨推薦,0,中國國民黨,0,中國國民黨,0,中國國民黨,0,無黨籍及未經政黨推薦,0,民主進步黨,0,民主進步黨,0,中國國民黨,0,無黨籍及未經政黨推薦,0,民主進步黨,0,無黨籍及未經政黨推薦,0,無黨籍及未經政黨推薦,20,無黨籍及未經政黨推薦,0,無黨籍及未經政黨推薦,0,民主進步黨,0,中國國民黨,0,中國國民黨,0,民主進步黨,0,無黨籍及未經政黨推薦,0,民主進步黨,0,無黨籍及未經政黨推薦,0,中國國民黨,0,無黨籍及未經政黨推薦,36,無黨籍及未經政黨推薦,0,民主進步黨,0,中國國民黨,0,無黨籍及未經政黨推薦,0,無黨籍及未經政黨推薦,0,中國國民黨,0,無黨籍及未經政黨推薦,0,無黨籍及未經政黨推薦,0,民主進步黨,0,無黨籍及未經政黨推薦,848,民主進步黨,0,無黨籍及未經政黨推薦,2736,50,2786,0,2786,802,3588,77.65
百忍里,0047,0,民主進步黨,0,民主進步黨,0,中國國民黨,0,民主進步黨,0,民主進步黨,0,民主進步黨,0,民主進步黨,0,中國國民黨,0,無黨籍及未經政黨推薦,0,中國國民黨,116,無黨籍及未經政黨推薦,0,無黨籍及未經政黨推薦,0,民主進步黨,0,民主進步黨,0,中國國民黨,0,中國國民黨,0,民主進步黨,0,無黨籍及未經政黨推薦,0,中國國民黨,0,中國國民黨,0,台澎黨,0,民主進步黨,26,台澎黨,0,無黨籍及未經政黨推薦,0,民主進步黨,0,民主進步黨,0,民主進步黨,0,民主進步黨,0,民主進步黨,0,中國國民黨,0,民主進步黨,0,民主進步黨,0,民主進步黨,0,無黨籍及未經政黨推薦,3156,中國國民黨,0,無黨籍及未經政黨推薦,0,民主進步黨,0,中國國民黨,0,中國國民黨,0,民主進步黨,0,中國國民黨,0,民主進步黨,0,中國國民黨,0,無黨籍及未經政黨推薦,0,中國國民黨,0,無黨籍及未經政黨推薦,182,無黨籍及未經政黨推薦,0,中國國民黨,0,中國國民黨,0,中國國民黨,0,無黨籍及未經政黨推薦,0,民主進步黨,0,民主進步黨,0,中國國民黨,0,無黨籍及未經政黨推薦,0,民主進步黨,0,無黨籍及未經政黨推薦,0,無黨籍及未經政黨推薦,16,無黨籍及未經政黨推薦,0,無黨籍及未經政黨推薦,0,民主進步黨,0,中國國民黨,0,中國國民黨,0,民主進步黨,0,無黨籍及未經政黨推薦,0,民主進步黨,0,無黨籍及未經政黨推薦,0,中國國民黨,0,無黨籍及未經政黨推薦,78,無黨籍及未經政黨推薦,0,民主進步黨,0,中國國民黨,0,無黨籍及未經政黨推薦,0,無黨籍及未經政黨推薦,0,中國國民黨,0,無黨籍及未經政黨推薦,0,無黨籍及未經政黨推薦,0,民主進步黨,0,無黨籍及未經政黨推薦,1534,民主進步黨,0,無黨籍及未經政黨推薦,5108,88,5196,0,5196,1556,6752,76.95
百和里,0048,0,民主進步黨,0,民主進步黨,0,中國國民黨,0,民主進步黨,0,民主進步黨,0,民主進步黨,0,民主進步黨,0,中國國民黨,0,無黨籍及未經政黨推薦,0,中國國民黨,86,無黨籍及未經政黨推薦,0,無黨籍及未經政黨推薦,0,民主進步黨,0,民主進步黨,0,中國國民黨,0,中國國民黨,0,民主進步黨,0,無黨籍及未經政黨推薦,0,中國國民黨,0,中國國民黨,0,台澎黨,0,民主進步黨,26,台澎黨,0,無黨籍及未經政黨推薦,0,民主進步黨,0,民主進步黨,0,民主進步黨,0,民主進步黨,0,民主進步黨,0,中國國民黨,0,民主進步黨,0,民主進步黨,0,民主進步黨,0,無黨籍及未經政黨推薦,2418,中國國民黨,0,無黨籍及未經政黨推薦,0,民主進步黨,0,中國國民黨,0,中國國民黨,0,民主進步黨,0,中國國民黨,0,民主進步黨,0,中國國民黨,0,無黨籍及未經政黨推薦,0,中國國民黨,0,無黨籍及未經政黨推薦,136,無黨籍及未經政黨推薦,0,中國國民黨,0,中國國民黨,0,中國國民黨,0,無黨籍及未經政黨推薦,0,民主進步黨,0,民主進步黨,0,中國國民黨,0,無黨籍及未經政黨推薦,0,民主進步黨,0,無黨籍及未經政黨推薦,0,無黨籍及未經政黨推薦,4,無黨籍及未經政黨推薦,0,無黨籍及未經政黨推薦,0,民主進步黨,0,中國國民黨,0,中國國民黨,0,民主進步黨,0,無黨籍及未經政黨推薦,0,民主進步黨,0,無黨籍及未經政黨推薦,0,中國國民黨,0,無黨籍及未經政黨推薦,50,無黨籍及未經政黨推薦,0,民主進步黨,0,中國國民黨,0,無黨籍及未經政黨推薦,0,無黨籍及未經政黨推薦,0,中國國民黨,0,無黨籍及未經政黨推薦,0,無黨籍及未經政黨推薦,0,民主進步黨,0,無黨籍及未經政黨推薦,1496,民主進步黨,0,無黨籍及未經政黨推薦,4216,94,4310,0,4310,1330,5640,76.42
福德里,0049,0,民主進步黨,0,民主進步黨,0,中國國民黨,0,民主進步黨,0,民主進步黨,0,民主進步黨,0,民主進步黨,0,中國國民黨,0,無黨籍及未經政黨推薦,0,中國國民黨,100,無黨籍及未經政黨推薦,0,無黨籍及未經政黨推薦,0,民主進步黨,0,民主進步黨,0,中國國民黨,0,中國國民黨,0,民主進步黨,0,無黨籍及未經政黨推薦,0,中國國民黨,0,中國國民黨,0,台澎黨,0,民主進步黨,36,台澎黨,0,無黨籍及未經政黨推薦,0,民主進步黨,0,民主進步黨,0,民主進步黨,0,民主進步黨,0,民主進步黨,0,中國國民黨,0,民主進步黨,0,民主進步黨,0,民主進步黨,0,無黨籍及未經政黨推薦,2906,中國國民黨,0,無黨籍及未經政黨推薦,0,民主進步黨,0,中國國民黨,0,中國國民黨,0,民主進步黨,0,中國國民黨,0,民主進步黨,0,中國國民黨,0,無黨籍及未經政黨推薦,0,中國國民黨,0,無黨籍及未經政黨推薦,170,無黨籍及未經政黨推薦,0,中國國民黨,0,中國國民黨,0,中國國民黨,0,無黨籍及未經政黨推薦,0,民主進步黨,0,民主進步黨,0,中國國民黨,0,無黨籍及未經政黨推薦,0,民主進步黨,0,無黨籍及未經政黨推薦,0,無黨籍及未經政黨推薦,18,無黨籍及未經政黨推薦,0,無黨籍及未經政黨推薦,0,民主進步黨,0,中國國民黨,0,中國國民黨,0,民主進步黨,0,無黨籍及未經政黨推薦,0,民主進步黨,0,無黨籍及未經政黨推薦,0,中國國民黨,0,無黨籍及未經政黨推薦,78,無黨籍及未經政黨推薦,0,民主進步黨,0,中國國民黨,0,無黨籍及未經政黨推薦,0,無黨籍及未經政黨推薦,0,中國國民黨,0,無黨籍及未經政黨推薦,0,無黨籍及未經政黨推薦,0,民主進步黨,0,無黨籍及未經政黨推薦,1780,民主進步黨,0,無黨籍及未經政黨推薦,5088,122,5210,0,5210,1696,6906,75.44
百福里,0050,0,民主進步黨,0,民主進步黨,0,中國國民黨,0,民主進步黨,0,民主進步黨,0,民主進步黨,0,民主進步黨,0,中國國民黨,0,無黨籍及未經政黨推薦,0,中國國民黨,98,無黨籍及未經政黨推薦,0,無黨籍及未經政黨推薦,0,民主進步黨,0,民主進步黨,0,中國國民黨,0,中國國民黨,0,民主進步黨,0,無黨籍及未經政黨推薦,0,中國國民黨,0,中國國民黨,0,台澎黨,0,民主進步黨,36,台澎黨,0,無黨籍及未經政黨推薦,0,民主進步黨,0,民主進步黨,0,民主進步黨,0,民主進步黨,0,民主進步黨,0,中國國民黨,0,民主進步黨,0,民主進步黨,0,民主進步黨,0,無黨籍及未經政黨推薦,2964,中國國民黨,0,無黨籍及未經政黨推薦,0,民主進步黨,0,中國國民黨,0,中國國民黨,0,民主進步黨,0,中國國民黨,0,民主進步黨,0,中國國民黨,0,無黨籍及未經政黨推薦,0,中國國民黨,0,無黨籍及未經政黨推薦,220,無黨籍及未經政黨推薦,0,中國國民黨,0,中國國民黨,0,中國國民黨,0,無黨籍及未經政黨推薦,0,民主進步黨,0,民主進步黨,0,中國國民黨,0,無黨籍及未經政黨推薦,0,民主進步黨,0,無黨籍及未經政黨推薦,0,無黨籍及未經政黨推薦,22,無黨籍及未經政黨推薦,0,無黨籍及未經政黨推薦,0,民主進步黨,0,中國國民黨,0,中國國民黨,0,民主進步黨,0,無黨籍及未經政黨推薦,0,民主進步黨,0,無黨籍及未經政黨推薦,0,中國國民黨,0,無黨籍及未經政黨推薦,108,無黨籍及未經政黨推薦,0,民主進步黨,0,中國國民黨,0,無黨籍及未經政黨推薦,0,無黨籍及未經政黨推薦,0,中國國民黨,0,無黨籍及未經政黨推薦,0,無黨籍及未經政黨推薦,0,民主進步黨,0,無黨籍及未經政黨推薦,1468,民主進步黨,0,無黨籍及未經政黨推薦,4916,120,5036,0,5036,1380,6416,78.49
福民里,0051,0,民主進步黨,0,民主進步黨,0,中國國民黨,0,民主進步黨,0,民主進步黨,0,民主進步黨,0,民主進步黨,0,中國國民黨,0,無黨籍及未經政黨推薦,0,中國國民黨,74,無黨籍及未經政黨推薦,0,無黨籍及未經政黨推薦,0,民主進步黨,0,民主進步黨,0,中國國民黨,0,中國國民黨,0,民主進步黨,0,無黨籍及未經政黨推薦,0,中國國民黨,0,中國國民黨,0,台澎黨,0,民主進步黨,34,台澎黨,0,無黨籍及未經政黨推薦,0,民主進步黨,0,民主進步黨,0,民主進步黨,0,民主進步黨,0,民主進步黨,0,中國國民黨,0,民主進步黨,0,民主進步黨,0,民主進步黨,0,無黨籍及未經政黨推薦,3520,中國國民黨,0,無黨籍及未經政黨推薦,0,民主進步黨,0,中國國民黨,0,中國國民黨,0,民主進步黨,0,中國國民黨,0,民主進步黨,0,中國國民黨,0,無黨籍及未經政黨推薦,0,中國國民黨,0,無黨籍及未經政黨推薦,188,無黨籍及未經政黨推薦,0,中國國民黨,0,中國國民黨,0,中國國民黨,0,無黨籍及未經政黨推薦,0,民主進步黨,0,民主進步黨,0,中國國民黨,0,無黨籍及未經政黨推薦,0,民主進步黨,0,無黨籍及未經政黨推薦,0,無黨籍及未經政黨推薦,42,無黨籍及未經政黨推薦,0,無黨籍及未經政黨推薦,0,民主進步黨,0,中國國民黨,0,中國國民黨,0,民主進步黨,0,無黨籍及未經政黨推薦,0,民主進步黨,0,無黨籍及未經政黨推薦,0,中國國民黨,0,無黨籍及未經政黨推薦,62,無黨籍及未經政黨推薦,0,民主進步黨,0,中國國民黨,0,無黨籍及未經政黨推薦,0,無黨籍及未經政黨推薦,0,中國國民黨,0,無黨籍及未經政黨推薦,0,無黨籍及未經政黨推薦,0,民主進步黨,0,無黨籍及未經政黨推薦,1404,民主進步黨,0,無黨籍及未經政黨推薦,5324,144,5468,0,5468,1686,7154,76.43
中山里,0052,0,民主進步黨,0,民主進步黨,0,中國國民黨,0,民主進步黨,0,民主進步黨,0,民主進步黨,0,民主進步黨,0,中國國民黨,0,無黨籍及未經政黨推薦,0,中國國民黨,58,無黨籍及未經政黨推薦,0,無黨籍及未經政黨推薦,0,民主進步黨,0,民主進步黨,0,中國國民黨,0,中國國民黨,0,民主進步黨,0,無黨籍及未經政黨推薦,0,中國國民黨,0,中國國民黨,0,台澎黨,0,民主進步黨,68,台澎黨,0,無黨籍及未經政黨推薦,0,民主進步黨,0,民主進步黨,0,民主進步黨,0,民主進步黨,0,民主進步黨,0,中國國民黨,0,民主進步黨,0,民主進步黨,0,民主進步黨,0,無黨籍及未經政黨推薦,4120,中國國民黨,0,無黨籍及未經政黨推薦,0,民主進步黨,0,中國國民黨,0,中國國民黨,0,民主進步黨,0,中國國民黨,0,民主進步黨,0,中國國民黨,0,無黨籍及未經政黨推薦,0,中國國民黨,0,無黨籍及未經政黨推薦,226,無黨籍及未經政黨推薦,0,中國國民黨,0,中國國民黨,0,中國國民黨,0,無黨籍及未經政黨推薦,0,民主進步黨,0,民主進步黨,0,中國國民黨,0,無黨籍及未經政黨推薦,0,民主進步黨,0,無黨籍及未經政黨推薦,0,無黨籍及未經政黨推薦,10,無黨籍及未經政黨推薦,0,無黨籍及未經政黨推薦,0,民主進步黨,0,中國國民黨,0,中國國民黨,0,民主進步黨,0,無黨籍及未經政黨推薦,0,民主進步黨,0,無黨籍及未經政黨推薦,0,中國國民黨,0,無黨籍及未經政黨推薦,84,無黨籍及未經政黨推薦,0,民主進步黨,0,中國國民黨,0,無黨籍及未經政黨推薦,0,無黨籍及未經政黨推薦,0,中國國民黨,0,無黨籍及未經政黨推薦,0,無黨籍及未經政黨推薦,0,民主進步黨,0,無黨籍及未經政黨推薦,1510,民主進步黨,0,無黨籍及未經政黨推薦,6076,144,6220,0,6220,1756,7976,77.98
和平里,0053,0,民主進步黨,0,民主進步黨,0,中國國民黨,0,民主進步黨,0,民主進步黨,0,民主進步黨,0,民主進步黨,0,中國國民黨,0,無黨籍及未經政黨推薦,0,中國國民黨,16,無黨籍及未經政黨推薦,0,無黨籍及未經政黨推薦,0,民主進步黨,0,民主進步黨,0,中國國民黨,0,中國國民黨,0,民主進步黨,0,無黨籍及未經政黨推薦,0,中國國民黨,0,中國國民黨,0,台澎黨,0,民主進步黨,2,台澎黨,0,無黨籍及未經政黨推薦,0,民主進步黨,0,民主進步黨,0,民主進步黨,0,民主進步黨,0,民主進步黨,0,中國國民黨,0,民主進步黨,0,民主進步黨,0,民主進步黨,0,無黨籍及未經政黨推薦,776,中國國民黨,0,無黨籍及未經政黨推薦,0,民主進步黨,0,中國國民黨,0,中國國民黨,0,民主進步黨,0,中國國民黨,0,民主進步黨,0,中國國民黨,0,無黨籍及未經政黨推薦,0,中國國民黨,0,無黨籍及未經政黨推薦,24,無黨籍及未經政黨推薦,0,中國國民黨,0,中國國民黨,0,中國國民黨,0,無黨籍及未經政黨推薦,0,民主進步黨,0,民主進步黨,0,中國國民黨,0,無黨籍及未經政黨推薦,0,民主進步黨,0,無黨籍及未經政黨推薦,0,無黨籍及未經政黨推薦,2,無黨籍及未經政黨推薦,0,無黨籍及未經政黨推薦,0,民主進步黨,0,中國國民黨,0,中國國民黨,0,民主進步黨,0,無黨籍及未經政黨推薦,0,民主進步黨,0,無黨籍及未經政黨推薦,0,中國國民黨,0,無黨籍及未經政黨推薦,16,無黨籍及未經政黨推薦,0,民主進步黨,0,中國國民黨,0,無黨籍及未經政黨推薦,0,無黨籍及未經政黨推薦,0,中國國民黨,0,無黨籍及未經政黨推薦,0,無黨籍及未經政黨推薦,0,民主進步黨,0,無黨籍及未經政黨推薦,328,民主進步黨,0,無黨籍及未經政黨推薦,1164,22,1186,0,1186,380,1566,75.73
中央里,0054,0,民主進步黨,0,民主進步黨,0,中國國民黨,0,民主進步黨,0,民主進步黨,0,民主進步黨,0,民主進步黨,0,中國國民黨,0,無黨籍及未經政黨推薦,0,中國國民黨,72,無黨籍及未經政黨推薦,0,無黨籍及未經政黨推薦,0,民主進步黨,0,民主進步黨,0,中國國民黨,0,中國國民黨,0,民主進步黨,0,無黨籍及未經政黨推薦,0,中國國民黨,0,中國國民黨,0,台澎黨,0,民主進步黨,72,台澎黨,0,無黨籍及未經政黨推薦,0,民主進步黨,0,民主進步黨,0,民主進步黨,0,民主進步黨,0,民主進步黨,0,中國國民黨,0,民主進步黨,0,民主進步黨,0,民主進步黨,0,無黨籍及未經政黨推薦,5006,中國國民黨,0,無黨籍及未經政黨推薦,0,民主進步黨,0,中國國民黨,0,中國國民黨,0,民主進步黨,0,中國國民黨,0,民主進步黨,0,中國國民黨,0,無黨籍及未經政黨推薦,0,中國國民黨,0,無黨籍及未經政黨推薦,270,無黨籍及未經政黨推薦,0,中國國民黨,0,中國國民黨,0,中國國民黨,0,無黨籍及未經政黨推薦,0,民主進步黨,0,民主進步黨,0,中國國民黨,0,無黨籍及未經政黨推薦,0,民主進步黨,0,無黨籍及未經政黨推薦,0,無黨籍及未經政黨推薦,26,無黨籍及未經政黨推薦,0,無黨籍及未經政黨推薦,0,民主進步黨,0,中國國民黨,0,中國國民黨,0,民主進步黨,0,無黨籍及未經政黨推薦,0,民主進步黨,0,無黨籍及未經政黨推薦,0,中國國民黨,0,無黨籍及未經政黨推薦,92,無黨籍及未經政黨推薦,0,民主進步黨,0,中國國民黨,0,無黨籍及未經政黨推薦,0,無黨籍及未經政黨推薦,0,中國國民黨,0,無黨籍及未經政黨推薦,0,無黨籍及未經政黨推薦,0,民主進步黨,0,無黨籍及未經政黨推薦,2358,民主進步黨,0,無黨籍及未經政黨推薦,7896,226,8122,0,8122,2160,10282,78.99
明城里,0055,0,民主進步黨,0,民主進步黨,0,中國國民黨,0,民主進步黨,0,民主進步黨,0,民主進步黨,0,民主進步黨,0,中國國民黨,0,無黨籍及未經政黨推薦,0,中國國民黨,34,無黨籍及未經政黨推薦,0,無黨籍及未經政黨推薦,0,民主進步黨,0,民主進步黨,0,中國國民黨,0,中國國民黨,0,民主進步黨,0,無黨籍及未經政黨推薦,0,中國國民黨,0,中國國民黨,0,台澎黨,0,民主進步黨,38,台澎黨,0,無黨籍及未經政黨推薦,0,民主進步黨,0,民主進步黨,0,民主進步黨,0,民主進步黨,0,民主進步黨,0,中國國民黨,0,民主進步黨,0,民主進步黨,0,民主進步黨,0,無黨籍及未經政黨推薦,3008,中國國民黨,0,無黨籍及未經政黨推薦,0,民主進步黨,0,中國國民黨,0,中國國民黨,0,民主進步黨,0,中國國民黨,0,民主進步黨,0,中國國民黨,0,無黨籍及未經政黨推薦,0,中國國民黨,0,無黨籍及未經政黨推薦,176,無黨籍及未經政黨推薦,0,中國國民黨,0,中國國民黨,0,中國國民黨,0,無黨籍及未經政黨推薦,0,民主進步黨,0,民主進步黨,0,中國國民黨,0,無黨籍及未經政黨推薦,0,民主進步黨,0,無黨籍及未經政黨推薦,0,無黨籍及未經政黨推薦,8,無黨籍及未經政黨推薦,0,無黨籍及未經政黨推薦,0,民主進步黨,0,中國國民黨,0,中國國民黨,0,民主進步黨,0,無黨籍及未經政黨推薦,0,民主進步黨,0,無黨籍及未經政黨推薦,0,中國國民黨,0,無黨籍及未經政黨推薦,38,無黨籍及未經政黨推薦,0,民主進步黨,0,中國國民黨,0,無黨籍及未經政黨推薦,0,無黨籍及未經政黨推薦,0,中國國民黨,0,無黨籍及未經政黨推薦,0,無黨籍及未經政黨推薦,0,民主進步黨,0,無黨籍及未經政黨推薦,1262,民主進步黨,0,無黨籍及未經政黨推薦,4564,96,4660,0,4660,1366,6026,77.33
安和里,0056,0,民主進步黨,0,民主進步黨,0,中國國民黨,0,民主進步黨,0,民主進步黨,0,民主進步黨,0,民主進步黨,0,中國國民黨,0,無黨籍及未經政黨推薦,0,中國國民黨,92,無黨籍及未經政黨推薦,0,無黨籍及未經政黨推薦,0,民主進步黨,0,民主進步黨,0,中國國民黨,0,中國國民黨,0,民主進步黨,0,無黨籍及未經政黨推薦,0,中國國民黨,0,中國國民黨,0,台澎黨,0,民主進步黨,54,台澎黨,0,無黨籍及未經政黨推薦,0,民主進步黨,0,民主進步黨,0,民主進步黨,0,民主進步黨,0,民主進步黨,0,中國國民黨,0,民主進步黨,0,民主進步黨,0,民主進步黨,0,無黨籍及未經政黨推薦,5582,中國國民黨,0,無黨籍及未經政黨推薦,0,民主進步黨,0,中國國民黨,0,中國國民黨,0,民主進步黨,0,中國國民黨,0,民主進步黨,0,中國國民黨,0,無黨籍及未經政黨推薦,0,中國國民黨,0,無黨籍及未經政黨推薦,388,無黨籍及未經政黨推薦,0,中國國民黨,0,中國國民黨,0,中國國民黨,0,無黨籍及未經政黨推薦,0,民主進步黨,0,民主進步黨,0,中國國民黨,0,無黨籍及未經政黨推薦,0,民主進步黨,0,無黨籍及未經政黨推薦,0,無黨籍及未經政黨推薦,28,無黨籍及未經政黨推薦,0,無黨籍及未經政黨推薦,0,民主進步黨,0,中國國民黨,0,中國國民黨,0,民主進步黨,0,無黨籍及未經政黨推薦,0,民主進步黨,0,無黨籍及未經政黨推薦,0,中國國民黨,0,無黨籍及未經政黨推薦,140,無黨籍及未經政黨推薦,0,民主進步黨,0,中國國民黨,0,無黨籍及未經政黨推薦,0,無黨籍及未經政黨推薦,0,中國國民黨,0,無黨籍及未經政黨推薦,0,無黨籍及未經政黨推薦,0,民主進步黨,0,無黨籍及未經政黨推薦,3458,民主進步黨,0,無黨籍及未經政黨推薦,9742,246,9988,0,9988,3208,13196,75.69
吉祥里,0057,0,民主進步黨,0,民主進步黨,0,中國國民黨,0,民主進步黨,0,民主進步黨,0,民主進步黨,0,民主進步黨,0,中國國民黨,0,無黨籍及未經政黨推薦,0,中國國民黨,72,無黨籍及未經政黨推薦,0,無黨籍及未經政黨推薦,0,民主進步黨,0,民主進步黨,0,中國國民黨,0,中國國民黨,0,民主進步黨,0,無黨籍及未經政黨推薦,0,中國國民黨,0,中國國民黨,0,台澎黨,0,民主進步黨,42,台澎黨,0,無黨籍及未經政黨推薦,0,民主進步黨,0,民主進步黨,0,民主進步黨,0,民主進步黨,0,民主進步黨,0,中國國民黨,0,民主進步黨,0,民主進步黨,0,民主進步黨,0,無黨籍及未經政黨推薦,4358,中國國民黨,0,無黨籍及未經政黨推薦,0,民主進步黨,0,中國國民黨,0,中國國民黨,0,民主進步黨,0,中國國民黨,0,民主進步黨,0,中國國民黨,0,無黨籍及未經政黨推薦,0,中國國民黨,0,無黨籍及未經政黨推薦,164,無黨籍及未經政黨推薦,0,中國國民黨,0,中國國民黨,0,中國國民黨,0,無黨籍及未經政黨推薦,0,民主進步黨,0,民主進步黨,0,中國國民黨,0,無黨籍及未經政黨推薦,0,民主進步黨,0,無黨籍及未經政黨推薦,0,無黨籍及未經政黨推薦,10,無黨籍及未經政黨推薦,0,無黨籍及未經政黨推薦,0,民主進步黨,0,中國國民黨,0,中國國民黨,0,民主進步黨,0,無黨籍及未經政黨推薦,0,民主進步黨,0,無黨籍及未經政黨推薦,0,中國國民黨,0,無黨籍及未經政黨推薦,50,無黨籍及未經政黨推薦,0,民主進步黨,0,中國國民黨,0,無黨籍及未經政黨推薦,0,無黨籍及未經政黨推薦,0,中國國民黨,0,無黨籍及未經政黨推薦,0,無黨籍及未經政黨推薦,0,民主進步黨,0,無黨籍及未經政黨推薦,1558,民主進步黨,0,無黨籍及未經政黨推薦,6254,114,6368,0,6368,2024,8392,75.88
寶福里,0058,0,民主進步黨,0,民主進步黨,0,中國國民黨,0,民主進步黨,0,民主進步黨,0,民主進步黨,0,民主進步黨,0,中國國民黨,0,無黨籍及未經政黨推薦,0,中國國民黨,126,無黨籍及未經政黨推薦,0,無黨籍及未經政黨推薦,0,民主進步黨,0,民主進步黨,0,中國國民黨,0,中國國民黨,0,民主進步黨,0,無黨籍及未經政黨推薦,0,中國國民黨,0,中國國民黨,0,台澎黨,0,民主進步黨,84,台澎黨,0,無黨籍及未經政黨推薦,0,民主進步黨,0,民主進步黨,0,民主進步黨,0,民主進步黨,0,民主進步黨,0,中國國民黨,0,民主進步黨,0,民主進步黨,0,民主進步黨,0,無黨籍及未經政黨推薦,5682,中國國民黨,0,無黨籍及未經政黨推薦,0,民主進步黨,0,中國國民黨,0,中國國民黨,0,民主進步黨,0,中國國民黨,0,民主進步黨,0,中國國民黨,0,無黨籍及未經政黨推薦,0,中國國民黨,0,無黨籍及未經政黨推薦,336,無黨籍及未經政黨推薦,0,中國國民黨,0,中國國民黨,0,中國國民黨,0,無黨籍及未經政黨推薦,0,民主進步黨,0,民主進步黨,0,中國國民黨,0,無黨籍及未經政黨推薦,0,民主進步黨,0,無黨籍及未經政黨推薦,0,無黨籍及未經政黨推薦,22,無黨籍及未經政黨推薦,0,無黨籍及未經政黨推薦,0,民主進步黨,0,中國國民黨,0,中國國民黨,0,民主進步黨,0,無黨籍及未經政黨推薦,0,民主進步黨,0,無黨籍及未經政黨推薦,0,中國國民黨,0,無黨籍及未經政黨推薦,148,無黨籍及未經政黨推薦,0,民主進步黨,0,中國國民黨,0,無黨籍及未經政黨推薦,0,無黨籍及未經政黨推薦,0,中國國民黨,0,無黨籍及未經政黨推薦,0,無黨籍及未經政黨推薦,0,民主進步黨,0,無黨籍及未經政黨推薦,2958,民主進步黨,0,無黨籍及未經政黨推薦,9356,238,9594,0,9594,2838,12432,77.17
小城里,0059,0,民主進步黨,0,民主進步黨,0,中國國民黨,0,民主進步黨,0,民主進步黨,0,民主進步黨,0,民主進步黨,0,中國國民黨,0,無黨籍及未經政黨推薦,0,中國國民黨,70,無黨籍及未經政黨推薦,0,無黨籍及未經政黨推薦,0,民主進步黨,0,民主進步黨,0,中國國民黨,0,中國國民黨,0,民主進步黨,0,無黨籍及未經政黨推薦,0,中國國民黨,0,中國國民黨,0,台澎黨,0,民主進步黨,38,台澎黨,0,無黨籍及未經政黨推薦,0,民主進步黨,0,民主進步黨,0,民主進步黨,0,民主進步黨,0,民主進步黨,0,中國國民黨,0,民主進步黨,0,民主進步黨,0,民主進步黨,0,無黨籍及未經政黨推薦,3114,中國國民黨,0,無黨籍及未經政黨推薦,0,民主進步黨,0,中國國民黨,0,中國國民黨,0,民主進步黨,0,中國國民黨,0,民主進步黨,0,中國國民黨,0,無黨籍及未經政黨推薦,0,中國國民黨,0,無黨籍及未經政黨推薦,154,無黨籍及未經政黨推薦,0,中國國民黨,0,中國國民黨,0,中國國民黨,0,無黨籍及未經政黨推薦,0,民主進步黨,0,民主進步黨,0,中國國民黨,0,無黨籍及未經政黨推薦,0,民主進步黨,0,無黨籍及未經政黨推薦,0,無黨籍及未經政黨推薦,28,無黨籍及未經政黨推薦,0,無黨籍及未經政黨推薦,0,民主進步黨,0,中國國民黨,0,中國國民黨,0,民主進步黨,0,無黨籍及未經政黨推薦,0,民主進步黨,0,無黨籍及未經政黨推薦,0,中國國民黨,0,無黨籍及未經政黨推薦,66,無黨籍及未經政黨推薦,0,民主進步黨,0,中國國民黨,0,無黨籍及未經政黨推薦,0,無黨籍及未經政黨推薦,0,中國國民黨,0,無黨籍及未經政黨推薦,0,無黨籍及未經政黨推薦,0,民主進步黨,0,無黨籍及未經政黨推薦,1460,民主進步黨,0,無黨籍及未經政黨推薦,4930,92,5022,0,5022,1504,6526,76.95
香坡里,0060,0,民主進步黨,0,民主進步黨,0,中國國民黨,0,民主進步黨,0,民主進步黨,0,民主進步黨,0,民主進步黨,0,中國國民黨,0,無黨籍及未經政黨推薦,0,中國國民黨,110,無黨籍及未經政黨推薦,0,無黨籍及未經政黨推薦,0,民主進步黨,0,民主進步黨,0,中國國民黨,0,中國國民黨,0,民主進步黨,0,無黨籍及未經政黨推薦,0,中國國民黨,0,中國國民黨,0,台澎黨,0,民主進步黨,88,台澎黨,0,無黨籍及未經政黨推薦,0,民主進步黨,0,民主進步黨,0,民主進步黨,0,民主進步黨,0,民主進步黨,0,中國國民黨,0,民主進步黨,0,民主進步黨,0,民主進步黨,0,無黨籍及未經政黨推薦,8784,中國國民黨,0,無黨籍及未經政黨推薦,0,民主進步黨,0,中國國民黨,0,中國國民黨,0,民主進步黨,0,中國國民黨,0,民主進步黨,0,中國國民黨,0,無黨籍及未經政黨推薦,0,中國國民黨,0,無黨籍及未經政黨推薦,478,無黨籍及未經政黨推薦,0,中國國民黨,0,中國國民黨,0,中國國民黨,0,無黨籍及未經政黨推薦,0,民主進步黨,0,民主進步黨,0,中國國民黨,0,無黨籍及未經政黨推薦,0,民主進步黨,0,無黨籍及未經政黨推薦,0,無黨籍及未經政黨推薦,28,無黨籍及未經政黨推薦,0,無黨籍及未經政黨推薦,0,民主進步黨,0,中國國民黨,0,中國國民黨,0,民主進步黨,0,無黨籍及未經政黨推薦,0,民主進步黨,0,無黨籍及未經政黨推薦,0,中國國民黨,0,無黨籍及未經政黨推薦,150,無黨籍及未經政黨推薦,0,民主進步黨,0,中國國民黨,0,無黨籍及未經政黨推薦,0,無黨籍及未經政黨推薦,0,中國國民黨,0,無黨籍及未經政黨推薦,0,無黨籍及未經政黨推薦,0,民主進步黨,0,無黨籍及未經政黨推薦,3856,民主進步黨,0,無黨籍及未經政黨推薦,13494,260,13754,0,13754,4932,18686,73.61
建國里,0061,0,民主進步黨,0,民主進步黨,0,中國國民黨,0,民主進步黨,0,民主進步黨,0,民主進步黨,0,民主進步黨,0,中國國民黨,0,無黨籍及未經政黨推薦,0,中國國民黨,56,無黨籍及未經政黨推薦,0,無黨籍及未經政黨推薦,0,民主進步黨,0,民主進步黨,0,中國國民黨,0,中國國民黨,0,民主進步黨,0,無黨籍及未經政黨推薦,0,中國國民黨,0,中國國民黨,0,台澎黨,0,民主進步黨,52,台澎黨,0,無黨籍及未經政黨推薦,0,民主進步黨,0,民主進步黨,0,民主進步黨,0,民主進步黨,0,民主進步黨,0,中國國民黨,0,民主進步黨,0,民主進步黨,0,民主進步黨,0,無黨籍及未經政黨推薦,2622,中國國民黨,0,無黨籍及未經政黨推薦,0,民主進步黨,0,中國國民黨,0,中國國民黨,0,民主進步黨,0,中國國民黨,0,民主進步黨,0,中國國民黨,0,無黨籍及未經政黨推薦,0,中國國民黨,0,無黨籍及未經政黨推薦,110,無黨籍及未經政黨推薦,0,中國國民黨,0,中國國民黨,0,中國國民黨,0,無黨籍及未經政黨推薦,0,民主進步黨,0,民主進步黨,0,中國國民黨,0,無黨籍及未經政黨推薦,0,民主進步黨,0,無黨籍及未經政黨推薦,0,無黨籍及未經政黨推薦,30,無黨籍及未經政黨推薦,0,無黨籍及未經政黨推薦,0,民主進步黨,0,中國國民黨,0,中國國民黨,0,民主進步黨,0,無黨籍及未經政黨推薦,0,民主進步黨,0,無黨籍及未經政黨推薦,0,中國國民黨,0,無黨籍及未經政黨推薦,78,無黨籍及未經政黨推薦,0,民主進步黨,0,中國國民黨,0,無黨籍及未經政黨推薦,0,無黨籍及未經政黨推薦,0,中國國民黨,0,無黨籍及未經政黨推薦,0,無黨籍及未經政黨推薦,0,民主進步黨,0,無黨籍及未經政黨推薦,1198,民主進步黨,0,無黨籍及未經政黨推薦,4146,104,4250,0,4250,1262,5512,77.1
復興里,0062,0,民主進步黨,0,民主進步黨,0,中國國民黨,0,民主進步黨,0,民主進步黨,0,民主進步黨,0,民主進步黨,0,中國國民黨,0,無黨籍及未經政黨推薦,0,中國國民黨,58,無黨籍及未經政黨推薦,0,無黨籍及未經政黨推薦,0,民主進步黨,0,民主進步黨,0,中國國民黨,0,中國國民黨,0,民主進步黨,0,無黨籍及未經政黨推薦,0,中國國民黨,0,中國國民黨,0,台澎黨,0,民主進步黨,28,台澎黨,0,無黨籍及未經政黨推薦,0,民主進步黨,0,民主進步黨,0,民主進步黨,0,民主進步黨,0,民主進步黨,0,中國國民黨,0,民主進步黨,0,民主進步黨,0,民主進步黨,0,無黨籍及未經政黨推薦,2396,中國國民黨,0,無黨籍及未經政黨推薦,0,民主進步黨,0,中國國民黨,0,中國國民黨,0,民主進步黨,0,中國國民黨,0,民主進步黨,0,中國國民黨,0,無黨籍及未經政黨推薦,0,中國國民黨,0,無黨籍及未經政黨推薦,150,無黨籍及未經政黨推薦,0,中國國民黨,0,中國國民黨,0,中國國民黨,0,無黨籍及未經政黨推薦,0,民主進步黨,0,民主進步黨,0,中國國民黨,0,無黨籍及未經政黨推薦,0,民主進步黨,0,無黨籍及未經政黨推薦,0,無黨籍及未經政黨推薦,8,無黨籍及未經政黨推薦,0,無黨籍及未經政黨推薦,0,民主進步黨,0,中國國民黨,0,中國國民黨,0,民主進步黨,0,無黨籍及未經政黨推薦,0,民主進步黨,0,無黨籍及未經政黨推薦,0,中國國民黨,0,無黨籍及未經政黨推薦,60,無黨籍及未經政黨推薦,0,民主進步黨,0,中國國民黨,0,無黨籍及未經政黨推薦,0,無黨籍及未經政黨推薦,0,中國國民黨,0,無黨籍及未經政黨推薦,0,無黨籍及未經政黨推薦,0,民主進步黨,0,無黨籍及未經政黨推薦,1358,民主進步黨,0,無黨籍及未經政黨推薦,4058,98,4156,0,4156,1650,5806,71.58
美城里,0063,0,民主進步黨,0,民主進步黨,0,中國國民黨,0,民主進步黨,0,民主進步黨,0,民主進步黨,0,民主進步黨,0,中國國民黨,0,無黨籍及未經政黨推薦,0,中國國民黨,98,無黨籍及未經政黨推薦,0,無黨籍及未經政黨推薦,0,民主進步黨,0,民主進步黨,0,中國國民黨,0,中國國民黨,0,民主進步黨,0,無黨籍及未經政黨推薦,0,中國國民黨,0,中國國民黨,0,台澎黨,0,民主進步黨,8,台澎黨,0,無黨籍及未經政黨推薦,0,民主進步黨,0,民主進步黨,0,民主進步黨,0,民主進步黨,0,民主進步黨,0,中國國民黨,0,民主進步黨,0,民主進步黨,0,民主進步黨,0,無黨籍及未經政黨推薦,2124,中國國民黨,0,無黨籍及未經政黨推薦,0,民主進步黨,0,中國國民黨,0,中國國民黨,0,民主進步黨,0,中國國民黨,0,民主進步黨,0,中國國民黨,0,無黨籍及未經政黨推薦,0,中國國民黨,0,無黨籍及未經政黨推薦,136,無黨籍及未經政黨推薦,0,中國國民黨,0,中國國民黨,0,中國國民黨,0,無黨籍及未經政黨推薦,0,民主進步黨,0,民主進步黨,0,中國國民黨,0,無黨籍及未經政黨推薦,0,民主進步黨,0,無黨籍及未經政黨推薦,0,無黨籍及未經政黨推薦,14,無黨籍及未經政黨推薦,0,無黨籍及未經政黨推薦,0,民主進步黨,0,中國國民黨,0,中國國民黨,0,民主進步黨,0,無黨籍及未經政黨推薦,0,民主進步黨,0,無黨籍及未經政黨推薦,0,中國國民黨,0,無黨籍及未經政黨推薦,40,無黨籍及未經政黨推薦,0,民主進步黨,0,中國國民黨,0,無黨籍及未經政黨推薦,0,無黨籍及未經政黨推薦,0,中國國民黨,0,無黨籍及未經政黨推薦,0,無黨籍及未經政黨推薦,0,民主進步黨,0,無黨籍及未經政黨推薦,1152,民主進步黨,0,無黨籍及未經政黨推薦,3572,92,3664,0,3664,1160,4824,75.95
安昌里,0064,0,民主進步黨,0,民主進步黨,0,中國國民黨,0,民主進步黨,0,民主進步黨,0,民主進步黨,0,民主進步黨,0,中國國民黨,0,無黨籍及未經政黨推薦,0,中國國民黨,82,無黨籍及未經政黨推薦,0,無黨籍及未經政黨推薦,0,民主進步黨,0,民主進步黨,0,中國國民黨,0,中國國民黨,0,民主進步黨,0,無黨籍及未經政黨推薦,0,中國國民黨,0,中國國民黨,0,台澎黨,0,民主進步黨,36,台澎黨,0,無黨籍及未經政黨推薦,0,民主進步黨,0,民主進步黨,0,民主進步黨,0,民主進步黨,0,民主進步黨,0,中國國民黨,0,民主進步黨,0,民主進步黨,0,民主進步黨,0,無黨籍及未經政黨推薦,4278,中國國民黨,0,無黨籍及未經政黨推薦,0,民主進步黨,0,中國國民黨,0,中國國民黨,0,民主進步黨,0,中國國民黨,0,民主進步黨,0,中國國民黨,0,無黨籍及未經政黨推薦,0,中國國民黨,0,無黨籍及未經政黨推薦,292,無黨籍及未經政黨推薦,0,中國國民黨,0,中國國民黨,0,中國國民黨,0,無黨籍及未經政黨推薦,0,民主進步黨,0,民主進步黨,0,中國國民黨,0,無黨籍及未經政黨推薦,0,民主進步黨,0,無黨籍及未經政黨推薦,0,無黨籍及未經政黨推薦,8,無黨籍及未經政黨推薦,0,無黨籍及未經政黨推薦,0,民主進步黨,0,中國國民黨,0,中國國民黨,0,民主進步黨,0,無黨籍及未經政黨推薦,0,民主進步黨,0,無黨籍及未經政黨推薦,0,中國國民黨,0,無黨籍及未經政黨推薦,56,無黨籍及未經政黨推薦,0,民主進步黨,0,中國國民黨,0,無黨籍及未經政黨推薦,0,無黨籍及未經政黨推薦,0,中國國民黨,0,無黨籍及未經政黨推薦,0,無黨籍及未經政黨推薦,0,民主進步黨,0,無黨籍及未經政黨推薦,2254,民主進步黨,0,無黨籍及未經政黨推薦,7006,146,7152,0,7152,2090,9242,77.39
長春里,0065,0,民主進步黨,0,民主進步黨,0,中國國民黨,0,民主進步黨,0,民主進步黨,0,民主進步黨,0,民主進步黨,0,中國國民黨,0,無黨籍及未經政黨推薦,0,中國國民黨,42,無黨籍及未經政黨推薦,0,無黨籍及未經政黨推薦,0,民主進步黨,0,民主進步黨,0,中國國民黨,0,中國國民黨,0,民主進步黨,0,無黨籍及未經政黨推薦,0,中國國民黨,0,中國國民黨,0,台澎黨,0,民主進步黨,30,台澎黨,0,無黨籍及未經政黨推薦,0,民主進步黨,0,民主進步黨,0,民主進步黨,0,民主進步黨,0,民主進步黨,0,中國國民黨,0,民主進步黨,0,民主進步黨,0,民主進步黨,0,無黨籍及未經政黨推薦,2056,中國國民黨,0,無黨籍及未經政黨推薦,0,民主進步黨,0,中國國民黨,0,中國國民黨,0,民主進步黨,0,中國國民黨,0,民主進步黨,0,中國國民黨,0,無黨籍及未經政黨推薦,0,中國國民黨,0,無黨籍及未經政黨推薦,148,無黨籍及未經政黨推薦,0,中國國民黨,0,中國國民黨,0,中國國民黨,0,無黨籍及未經政黨推薦,0,民主進步黨,0,民主進步黨,0,中國國民黨,0,無黨籍及未經政黨推薦,0,民主進步黨,0,無黨籍及未經政黨推薦,0,無黨籍及未經政黨推薦,8,無黨籍及未經政黨推薦,0,無黨籍及未經政黨推薦,0,民主進步黨,0,中國國民黨,0,中國國民黨,0,民主進步黨,0,無黨籍及未經政黨推薦,0,民主進步黨,0,無黨籍及未經政黨推薦,0,中國國民黨,0,無黨籍及未經政黨推薦,42,無黨籍及未經政黨推薦,0,民主進步黨,0,中國國民黨,0,無黨籍及未經政黨推薦,0,無黨籍及未經政黨推薦,0,中國國民黨,0,無黨籍及未經政黨推薦,0,無黨籍及未經政黨推薦,0,民主進步黨,0,無黨籍及未經政黨推薦,1020,民主進步黨,0,無黨籍及未經政黨推薦,3346,74,3420,0,3420,1078,4498,76.03
新和里,0066,0,民主進步黨,0,民主進步黨,0,中國國民黨,0,民主進步黨,0,民主進步黨,0,民主進步黨,0,民主進步黨,0,中國國民黨,0,無黨籍及未經政黨推薦,0,中國國民黨,46,無黨籍及未經政黨推薦,0,無黨籍及未經政黨推薦,0,民主進步黨,0,民主進步黨,0,中國國民黨,0,中國國民黨,0,民主進步黨,0,無黨籍及未經政黨推薦,0,中國國民黨,0,中國國民黨,0,台澎黨,0,民主進步黨,48,台澎黨,0,無黨籍及未經政黨推薦,0,民主進步黨,0,民主進步黨,0,民主進步黨,0,民主進步黨,0,民主進步黨,0,中國國民黨,0,民主進步黨,0,民主進步黨,0,民主進步黨,0,無黨籍及未經政黨推薦,3268,中國國民黨,0,無黨籍及未經政黨推薦,0,民主進步黨,0,中國國民黨,0,中國國民黨,0,民主進步黨,0,中國國民黨,0,民主進步黨,0,中國國民黨,0,無黨籍及未經政黨推薦,0,中國國民黨,0,無黨籍及未經政黨推薦,252,無黨籍及未經政黨推薦,0,中國國民黨,0,中國國民黨,0,中國國民黨,0,無黨籍及未經政黨推薦,0,民主進步黨,0,民主進步黨,0,中國國民黨,0,無黨籍及未經政黨推薦,0,民主進步黨,0,無黨籍及未經政黨推薦,0,無黨籍及未經政黨推薦,10,無黨籍及未經政黨推薦,0,無黨籍及未經政黨推薦,0,民主進步黨,0,中國國民黨,0,中國國民黨,0,民主進步黨,0,無黨籍及未經政黨推薦,0,民主進步黨,0,無黨籍及未經政黨推薦,0,中國國民黨,0,無黨籍及未經政黨推薦,76,無黨籍及未經政黨推薦,0,民主進步黨,0,中國國民黨,0,無黨籍及未經政黨推薦,0,無黨籍及未經政黨推薦,0,中國國民黨,0,無黨籍及未經政黨推薦,0,無黨籍及未經政黨推薦,0,民主進步黨,0,無黨籍及未經政黨推薦,1588,民主進步黨,0,無黨籍及未經政黨推薦,5288,142,5430,0,5430,1840,7270,74.69
永平里,0067,0,民主進步黨,0,民主進步黨,0,中國國民黨,0,民主進步黨,0,民主進步黨,0,民主進步黨,0,民主進步黨,0,中國國民黨,0,無黨籍及未經政黨推薦,0,中國國民黨,58,無黨籍及未經政黨推薦,0,無黨籍及未經政黨推薦,0,民主進步黨,0,民主進步黨,0,中國國民黨,0,中國國民黨,0,民主進步黨,0,無黨籍及未經政黨推薦,0,中國國民黨,0,中國國民黨,0,台澎黨,0,民主進步黨,28,台澎黨,0,無黨籍及未經政黨推薦,0,民主進步黨,0,民主進步黨,0,民主進步黨,0,民主進步黨,0,民主進步黨,0,中國國民黨,0,民主進步黨,0,民主進步黨,0,民主進步黨,0,無黨籍及未經政黨推薦,4108,中國國民黨,0,無黨籍及未經政黨推薦,0,民主進步黨,0,中國國民黨,0,中國國民黨,0,民主進步黨,0,中國國民黨,0,民主進步黨,0,中國國民黨,0,無黨籍及未經政黨推薦,0,中國國民黨,0,無黨籍及未經政黨推薦,296,無黨籍及未經政黨推薦,0,中國國民黨,0,中國國民黨,0,中國國民黨,0,無黨籍及未經政黨推薦,0,民主進步黨,0,民主進步黨,0,中國國民黨,0,無黨籍及未經政黨推薦,0,民主進步黨,0,無黨籍及未經政黨推薦,0,無黨籍及未經政黨推薦,18,無黨籍及未經政黨推薦,0,無黨籍及未經政黨推薦,0,民主進步黨,0,中國國民黨,0,中國國民黨,0,民主進步黨,0,無黨籍及未經政黨推薦,0,民主進步黨,0,無黨籍及未經政黨推薦,0,中國國民黨,0,無黨籍及未經政黨推薦,110,無黨籍及未經政黨推薦,0,民主進步黨,0,中國國民黨,0,無黨籍及未經政黨推薦,0,無黨籍及未經政黨推薦,0,中國國民黨,0,無黨籍及未經政黨推薦,0,無黨籍及未經政黨推薦,0,民主進步黨,0,無黨籍及未經政黨推薦,2410,民主進步黨,0,無黨籍及未經政黨推薦,7028,170,7198,0,7198,2324,9522,75.59
達觀里,0068,0,民主進步黨,0,民主進步黨,0,中國國民黨,0,民主進步黨,0,民主進步黨,0,民主進步黨,0,民主進步黨,0,中國國民黨,0,無黨籍及未經政黨推薦,0,中國國民黨,34,無黨籍及未經政黨推薦,0,無黨籍及未經政黨推薦,0,民主進步黨,0,民主進步黨,0,中國國民黨,0,中國國民黨,0,民主進步黨,0,無黨籍及未經政黨推薦,0,中國國民黨,0,中國國民黨,0,台澎黨,0,民主進步黨,28,台澎黨,0,無黨籍及未經政黨推薦,0,民主進步黨,0,民主進步黨,0,民主進步黨,0,民主進步黨,0,民主進步黨,0,中國國民黨,0,民主進步黨,0,民主進步黨,0,民主進步黨,0,無黨籍及未經政黨推薦,3378,中國國民黨,0,無黨籍及未經政黨推薦,0,民主進步黨,0,中國國民黨,0,中國國民黨,0,民主進步黨,0,中國國民黨,0,民主進步黨,0,中國國民黨,0,無黨籍及未經政黨推薦,0,中國國民黨,0,無黨籍及未經政黨推薦,236,無黨籍及未經政黨推薦,0,中國國民黨,0,中國國民黨,0,中國國民黨,0,無黨籍及未經政黨推薦,0,民主進步黨,0,民主進步黨,0,中國國民黨,0,無黨籍及未經政黨推薦,0,民主進步黨,0,無黨籍及未經政黨推薦,0,無黨籍及未經政黨推薦,10,無黨籍及未經政黨推薦,0,無黨籍及未經政黨推薦,0,民主進步黨,0,中國國民黨,0,中國國民黨,0,民主進步黨,0,無黨籍及未經政黨推薦,0,民主進步黨,0,無黨籍及未經政黨推薦,0,中國國民黨,0,無黨籍及未經政黨推薦,56,無黨籍及未經政黨推薦,0,民主進步黨,0,中國國民黨,0,無黨籍及未經政黨推薦,0,無黨籍及未經政黨推薦,0,中國國民黨,0,無黨籍及未經政黨推薦,0,無黨籍及未經政黨推薦,0,民主進步黨,0,無黨籍及未經政黨推薦,1252,民主進步黨,0,無黨籍及未經政黨推薦,4994,114,5108,0,5108,1860,6968,73.31
華城里,0069,0,民主進步黨,0,民主進步黨,0,中國國民黨,0,民主進步黨,0,民主進步黨,0,民主進步黨,0,民主進步黨,0,中國國民黨,0,無黨籍及未經政黨推薦,0,中國國民黨,20,無黨籍及未經政黨推薦,0,無黨籍及未經政黨推薦,0,民主進步黨,0,民主進步黨,0,中國國民黨,0,中國國民黨,0,民主進步黨,0,無黨籍及未經政黨推薦,0,中國國民黨,0,中國國民黨,0,台澎黨,0,民主進步黨,16,台澎黨,0,無黨籍及未經政黨推薦,0,民主進步黨,0,民主進步黨,0,民主進步黨,0,民主進步黨,0,民主進步黨,0,中國國民黨,0,民主進步黨,0,民主進步黨,0,民主進步黨,0,無黨籍及未經政黨推薦,2068,中國國民黨,0,無黨籍及未經政黨推薦,0,民主進步黨,0,中國國民黨,0,中國國民黨,0,民主進步黨,0,中國國民黨,0,民主進步黨,0,中國國民黨,0,無黨籍及未經政黨推薦,0,中國國民黨,0,無黨籍及未經政黨推薦,90,無黨籍及未經政黨推薦,0,中國國民黨,0,中國國民黨,0,中國國民黨,0,無黨籍及未經政黨推薦,0,民主進步黨,0,民主進步黨,0,中國國民黨,0,無黨籍及未經政黨推薦,0,民主進步黨,0,無黨籍及未經政黨推薦,0,無黨籍及未經政黨推薦,10,無黨籍及未經政黨推薦,0,無黨籍及未經政黨推薦,0,民主進步黨,0,中國國民黨,0,中國國民黨,0,民主進步黨,0,無黨籍及未經政黨推薦,0,民主進步黨,0,無黨籍及未經政黨推薦,0,中國國民黨,0,無黨籍及未經政黨推薦,26,無黨籍及未經政黨推薦,0,民主進步黨,0,中國國民黨,0,無黨籍及未經政黨推薦,0,無黨籍及未經政黨推薦,0,中國國民黨,0,無黨籍及未經政黨推薦,0,無黨籍及未經政黨推薦,0,民主進步黨,0,無黨籍及未經政黨推薦,1222,民主進步黨,0,無黨籍及未經政黨推薦,3452,96,3548,0,3548,1226,4774,74.32
深坑里,0001,0,民主進步黨,0,民主進步黨,0,中國國民黨,0,民主進步黨,0,民主進步黨,0,民主進步黨,0,民主進步黨,0,中國國民黨,0,無黨籍及未經政黨推薦,0,中國國民黨,28,無黨籍及未經政黨推薦,0,無黨籍及未經政黨推薦,0,民主進步黨,0,民主進步黨,0,中國國民黨,0,中國國民黨,0,民主進步黨,0,無黨籍及未經政黨推薦,0,中國國民黨,0,中國國民黨,0,台澎黨,0,民主進步黨,38,台澎黨,0,無黨籍及未經政黨推薦,0,民主進步黨,0,民主進步黨,0,民主進步黨,0,民主進步黨,0,民主進步黨,0,中國國民黨,0,民主進步黨,0,民主進步黨,0,民主進步黨,0,無黨籍及未經政黨推薦,2046,中國國民黨,0,無黨籍及未經政黨推薦,0,民主進步黨,0,中國國民黨,0,中國國民黨,0,民主進步黨,0,中國國民黨,0,民主進步黨,0,中國國民黨,0,無黨籍及未經政黨推薦,0,中國國民黨,0,無黨籍及未經政黨推薦,166,無黨籍及未經政黨推薦,0,中國國民黨,0,中國國民黨,0,中國國民黨,0,無黨籍及未經政黨推薦,0,民主進步黨,0,民主進步黨,0,中國國民黨,0,無黨籍及未經政黨推薦,0,民主進步黨,0,無黨籍及未經政黨推薦,0,無黨籍及未經政黨推薦,4,無黨籍及未經政黨推薦,0,無黨籍及未經政黨推薦,0,民主進步黨,0,中國國民黨,0,中國國民黨,0,民主進步黨,0,無黨籍及未經政黨推薦,0,民主進步黨,0,無黨籍及未經政黨推薦,0,中國國民黨,0,無黨籍及未經政黨推薦,56,無黨籍及未經政黨推薦,0,民主進步黨,0,中國國民黨,0,無黨籍及未經政黨推薦,0,無黨籍及未經政黨推薦,0,中國國民黨,0,無黨籍及未經政黨推薦,0,無黨籍及未經政黨推薦,0,民主進步黨,0,無黨籍及未經政黨推薦,1960,民主進步黨,0,無黨籍及未經政黨推薦,4298,120,4418,0,4418,1446,5864,75.34
萬順里,0002,0,民主進步黨,0,民主進步黨,0,中國國民黨,0,民主進步黨,0,民主進步黨,0,民主進步黨,0,民主進步黨,0,中國國民黨,0,無黨籍及未經政黨推薦,0,中國國民黨,26,無黨籍及未經政黨推薦,0,無黨籍及未經政黨推薦,0,民主進步黨,0,民主進步黨,0,中國國民黨,0,中國國民黨,0,民主進步黨,0,無黨籍及未經政黨推薦,0,中國國民黨,0,中國國民黨,0,台澎黨,0,民主進步黨,20,台澎黨,0,無黨籍及未經政黨推薦,0,民主進步黨,0,民主進步黨,0,民主進步黨,0,民主進步黨,0,民主進步黨,0,中國國民黨,0,民主進步黨,0,民主進步黨,0,民主進步黨,0,無黨籍及未經政黨推薦,1478,中國國民黨,0,無黨籍及未經政黨推薦,0,民主進步黨,0,中國國民黨,0,中國國民黨,0,民主進步黨,0,中國國民黨,0,民主進步黨,0,中國國民黨,0,無黨籍及未經政黨推薦,0,中國國民黨,0,無黨籍及未經政黨推薦,126,無黨籍及未經政黨推薦,0,中國國民黨,0,中國國民黨,0,中國國民黨,0,無黨籍及未經政黨推薦,0,民主進步黨,0,民主進步黨,0,中國國民黨,0,無黨籍及未經政黨推薦,0,民主進步黨,0,無黨籍及未經政黨推薦,0,無黨籍及未經政黨推薦,8,無黨籍及未經政黨推薦,0,無黨籍及未經政黨推薦,0,民主進步黨,0,中國國民黨,0,中國國民黨,0,民主進步黨,0,無黨籍及未經政黨推薦,0,民主進步黨,0,無黨籍及未經政黨推薦,0,中國國民黨,0,無黨籍及未經政黨推薦,42,無黨籍及未經政黨推薦,0,民主進步黨,0,中國國民黨,0,無黨籍及未經政黨推薦,0,無黨籍及未經政黨推薦,0,中國國民黨,0,無黨籍及未經政黨推薦,0,無黨籍及未經政黨推薦,0,民主進步黨,0,無黨籍及未經政黨推薦,1500,民主進步黨,0,無黨籍及未經政黨推薦,3200,92,3292,0,3292,1124,4416,74.55
土庫里,0003,0,民主進步黨,0,民主進步黨,0,中國國民黨,0,民主進步黨,0,民主進步黨,0,民主進步黨,0,民主進步黨,0,中國國民黨,0,無黨籍及未經政黨推薦,0,中國國民黨,34,無黨籍及未經政黨推薦,0,無黨籍及未經政黨推薦,0,民主進步黨,0,民主進步黨,0,中國國民黨,0,中國國民黨,0,民主進步黨,0,無黨籍及未經政黨推薦,0,中國國民黨,0,中國國民黨,0,台澎黨,0,民主進步黨,24,台澎黨,0,無黨籍及未經政黨推薦,0,民主進步黨,0,民主進步黨,0,民主進步黨,0,民主進步黨,0,民主進步黨,0,中國國民黨,0,民主進步黨,0,民主進步黨,0,民主進步黨,0,無黨籍及未經政黨推薦,1870,中國國民黨,0,無黨籍及未經政黨推薦,0,民主進步黨,0,中國國民黨,0,中國國民黨,0,民主進步黨,0,中國國民黨,0,民主進步黨,0,中國國民黨,0,無黨籍及未經政黨推薦,0,中國國民黨,0,無黨籍及未經政黨推薦,164,無黨籍及未經政黨推薦,0,中國國民黨,0,中國國民黨,0,中國國民黨,0,無黨籍及未經政黨推薦,0,民主進步黨,0,民主進步黨,0,中國國民黨,0,無黨籍及未經政黨推薦,0,民主進步黨,0,無黨籍及未經政黨推薦,0,無黨籍及未經政黨推薦,8,無黨籍及未經政黨推薦,0,無黨籍及未經政黨推薦,0,民主進步黨,0,中國國民黨,0,中國國民黨,0,民主進步黨,0,無黨籍及未經政黨推薦,0,民主進步黨,0,無黨籍及未經政黨推薦,0,中國國民黨,0,無黨籍及未經政黨推薦,66,無黨籍及未經政黨推薦,0,民主進步黨,0,中國國民黨,0,無黨籍及未經政黨推薦,0,無黨籍及未經政黨推薦,0,中國國民黨,0,無黨籍及未經政黨推薦,0,無黨籍及未經政黨推薦,0,民主進步黨,0,無黨籍及未經政黨推薦,1624,民主進步黨,0,無黨籍及未經政黨推薦,3790,132,3922,0,3922,1316,5238,74.88
昇高里,0004,0,民主進步黨,0,民主進步黨,0,中國國民黨,0,民主進步黨,0,民主進步黨,0,民主進步黨,0,民主進步黨,0,中國國民黨,0,無黨籍及未經政黨推薦,0,中國國民黨,28,無黨籍及未經政黨推薦,0,無黨籍及未經政黨推薦,0,民主進步黨,0,民主進步黨,0,中國國民黨,0,中國國民黨,0,民主進步黨,0,無黨籍及未經政黨推薦,0,中國國民黨,0,中國國民黨,0,台澎黨,0,民主進步黨,24,台澎黨,0,無黨籍及未經政黨推薦,0,民主進步黨,0,民主進步黨,0,民主進步黨,0,民主進步黨,0,民主進步黨,0,中國國民黨,0,民主進步黨,0,民主進步黨,0,民主進步黨,0,無黨籍及未經政黨推薦,1516,中國國民黨,0,無黨籍及未經政黨推薦,0,民主進步黨,0,中國國民黨,0,中國國民黨,0,民主進步黨,0,中國國民黨,0,民主進步黨,0,中國國民黨,0,無黨籍及未經政黨推薦,0,中國國民黨,0,無黨籍及未經政黨推薦,90,無黨籍及未經政黨推薦,0,中國國民黨,0,中國國民黨,0,中國國民黨,0,無黨籍及未經政黨推薦,0,民主進步黨,0,民主進步黨,0,中國國民黨,0,無黨籍及未經政黨推薦,0,民主進步黨,0,無黨籍及未經政黨推薦,0,無黨籍及未經政黨推薦,4,無黨籍及未經政黨推薦,0,無黨籍及未經政黨推薦,0,民主進步黨,0,中國國民黨,0,中國國民黨,0,民主進步黨,0,無黨籍及未經政黨推薦,0,民主進步黨,0,無黨籍及未經政黨推薦,0,中國國民黨,0,無黨籍及未經政黨推薦,26,無黨籍及未經政黨推薦,0,民主進步黨,0,中國國民黨,0,無黨籍及未經政黨推薦,0,無黨籍及未經政黨推薦,0,中國國民黨,0,無黨籍及未經政黨推薦,0,無黨籍及未經政黨推薦,0,民主進步黨,0,無黨籍及未經政黨推薦,1082,民主進步黨,0,無黨籍及未經政黨推薦,2770,44,2814,0,2814,878,3692,76.22
阿柔里,0005,0,民主進步黨,0,民主進步黨,0,中國國民黨,0,民主進步黨,0,民主進步黨,0,民主進步黨,0,民主進步黨,0,中國國民黨,0,無黨籍及未經政黨推薦,0,中國國民黨,4,無黨籍及未經政黨推薦,0,無黨籍及未經政黨推薦,0,民主進步黨,0,民主進步黨,0,中國國民黨,0,中國國民黨,0,民主進步黨,0,無黨籍及未經政黨推薦,0,中國國民黨,0,中國國民黨,0,台澎黨,0,民主進步黨,0,台澎黨,0,無黨籍及未經政黨推薦,0,民主進步黨,0,民主進步黨,0,民主進步黨,0,民主進步黨,0,民主進步黨,0,中國國民黨,0,民主進步黨,0,民主進步黨,0,民主進步黨,0,無黨籍及未經政黨推薦,426,中國國民黨,0,無黨籍及未經政黨推薦,0,民主進步黨,0,中國國民黨,0,中國國民黨,0,民主進步黨,0,中國國民黨,0,民主進步黨,0,中國國民黨,0,無黨籍及未經政黨推薦,0,中國國民黨,0,無黨籍及未經政黨推薦,20,無黨籍及未經政黨推薦,0,中國國民黨,0,中國國民黨,0,中國國民黨,0,無黨籍及未經政黨推薦,0,民主進步黨,0,民主進步黨,0,中國國民黨,0,無黨籍及未經政黨推薦,0,民主進步黨,0,無黨籍及未經政黨推薦,0,無黨籍及未經政黨推薦,0,無黨籍及未經政黨推薦,0,無黨籍及未經政黨推薦,0,民主進步黨,0,中國國民黨,0,中國國民黨,0,民主進步黨,0,無黨籍及未經政黨推薦,0,民主進步黨,0,無黨籍及未經政黨推薦,0,中國國民黨,0,無黨籍及未經政黨推薦,4,無黨籍及未經政黨推薦,0,民主進步黨,0,中國國民黨,0,無黨籍及未經政黨推薦,0,無黨籍及未經政黨推薦,0,中國國民黨,0,無黨籍及未經政黨推薦,0,無黨籍及未經政黨推薦,0,民主進步黨,0,無黨籍及未經政黨推薦,364,民主進步黨,0,無黨籍及未經政黨推薦,818,18,836,0,836,240,1076,77.7
埔新里,0006,0,民主進步黨,0,民主進步黨,0,中國國民黨,0,民主進步黨,0,民主進步黨,0,民主進步黨,0,民主進步黨,0,中國國民黨,0,無黨籍及未經政黨推薦,0,中國國民黨,62,無黨籍及未經政黨推薦,0,無黨籍及未經政黨推薦,0,民主進步黨,0,民主進步黨,0,中國國民黨,0,中國國民黨,0,民主進步黨,0,無黨籍及未經政黨推薦,0,中國國民黨,0,中國國民黨,0,台澎黨,0,民主進步黨,50,台澎黨,0,無黨籍及未經政黨推薦,0,民主進步黨,0,民主進步黨,0,民主進步黨,0,民主進步黨,0,民主進步黨,0,中國國民黨,0,民主進步黨,0,民主進步黨,0,民主進步黨,0,無黨籍及未經政黨推薦,3830,中國國民黨,0,無黨籍及未經政黨推薦,0,民主進步黨,0,中國國民黨,0,中國國民黨,0,民主進步黨,0,中國國民黨,0,民主進步黨,0,中國國民黨,0,無黨籍及未經政黨推薦,0,中國國民黨,0,無黨籍及未經政黨推薦,314,無黨籍及未經政黨推薦,0,中國國民黨,0,中國國民黨,0,中國國民黨,0,無黨籍及未經政黨推薦,0,民主進步黨,0,民主進步黨,0,中國國民黨,0,無黨籍及未經政黨推薦,0,民主進步黨,0,無黨籍及未經政黨推薦,0,無黨籍及未經政黨推薦,18,無黨籍及未經政黨推薦,0,無黨籍及未經政黨推薦,0,民主進步黨,0,中國國民黨,0,中國國民黨,0,民主進步黨,0,無黨籍及未經政黨推薦,0,民主進步黨,0,無黨籍及未經政黨推薦,0,中國國民黨,0,無黨籍及未經政黨推薦,112,無黨籍及未經政黨推薦,0,民主進步黨,0,中國國民黨,0,無黨籍及未經政黨推薦,0,無黨籍及未經政黨推薦,0,中國國民黨,0,無黨籍及未經政黨推薦,0,無黨籍及未經政黨推薦,0,民主進步黨,0,無黨籍及未經政黨推薦,3434,民主進步黨,0,無黨籍及未經政黨推薦,7820,186,8006,0,8006,2718,10724,74.65
萬福里,0007,0,民主進步黨,0,民主進步黨,0,中國國民黨,0,民主進步黨,0,民主進步黨,0,民主進步黨,0,民主進步黨,0,中國國民黨,0,無黨籍及未經政黨推薦,0,中國國民黨,38,無黨籍及未經政黨推薦,0,無黨籍及未經政黨推薦,0,民主進步黨,0,民主進步黨,0,中國國民黨,0,中國國民黨,0,民主進步黨,0,無黨籍及未經政黨推薦,0,中國國民黨,0,中國國民黨,0,台澎黨,0,民主進步黨,20,台澎黨,0,無黨籍及未經政黨推薦,0,民主進步黨,0,民主進步黨,0,民主進步黨,0,民主進步黨,0,民主進步黨,0,中國國民黨,0,民主進步黨,0,民主進步黨,0,民主進步黨,0,無黨籍及未經政黨推薦,1710,中國國民黨,0,無黨籍及未經政黨推薦,0,民主進步黨,0,中國國民黨,0,中國國民黨,0,民主進步黨,0,中國國民黨,0,民主進步黨,0,中國國民黨,0,無黨籍及未經政黨推薦,0,中國國民黨,0,無黨籍及未經政黨推薦,140,無黨籍及未經政黨推薦,0,中國國民黨,0,中國國民黨,0,中國國民黨,0,無黨籍及未經政黨推薦,0,民主進步黨,0,民主進步黨,0,中國國民黨,0,無黨籍及未經政黨推薦,0,民主進步黨,0,無黨籍及未經政黨推薦,0,無黨籍及未經政黨推薦,10,無黨籍及未經政黨推薦,0,無黨籍及未經政黨推薦,0,民主進步黨,0,中國國民黨,0,中國國民黨,0,民主進步黨,0,無黨籍及未經政黨推薦,0,民主進步黨,0,無黨籍及未經政黨推薦,0,中國國民黨,0,無黨籍及未經政黨推薦,32,無黨籍及未經政黨推薦,0,民主進步黨,0,中國國民黨,0,無黨籍及未經政黨推薦,0,無黨籍及未經政黨推薦,0,中國國民黨,0,無黨籍及未經政黨推薦,0,無黨籍及未經政黨推薦,0,民主進步黨,0,無黨籍及未經政黨推薦,1554,民主進步黨,0,無黨籍及未經政黨推薦,3504,100,3604,0,3604,1164,4768,75.59
賴仲里,0008,0,民主進步黨,0,民主進步黨,0,中國國民黨,0,民主進步黨,0,民主進步黨,0,民主進步黨,0,民主進步黨,0,中國國民黨,0,無黨籍及未經政黨推薦,0,中國國民黨,18,無黨籍及未經政黨推薦,0,無黨籍及未經政黨推薦,0,民主進步黨,0,民主進步黨,0,中國國民黨,0,中國國民黨,0,民主進步黨,0,無黨籍及未經政黨推薦,0,中國國民黨,0,中國國民黨,0,台澎黨,0,民主進步黨,20,台澎黨,0,無黨籍及未經政黨推薦,0,民主進步黨,0,民主進步黨,0,民主進步黨,0,民主進步黨,0,民主進步黨,0,中國國民黨,0,民主進步黨,0,民主進步黨,0,民主進步黨,0,無黨籍及未經政黨推薦,1534,中國國民黨,0,無黨籍及未經政黨推薦,0,民主進步黨,0,中國國民黨,0,中國國民黨,0,民主進步黨,0,中國國民黨,0,民主進步黨,0,中國國民黨,0,無黨籍及未經政黨推薦,0,中國國民黨,0,無黨籍及未經政黨推薦,106,無黨籍及未經政黨推薦,0,中國國民黨,0,中國國民黨,0,中國國民黨,0,無黨籍及未經政黨推薦,0,民主進步黨,0,民主進步黨,0,中國國民黨,0,無黨籍及未經政黨推薦,0,民主進步黨,0,無黨籍及未經政黨推薦,0,無黨籍及未經政黨推薦,8,無黨籍及未經政黨推薦,0,無黨籍及未經政黨推薦,0,民主進步黨,0,中國國民黨,0,中國國民黨,0,民主進步黨,0,無黨籍及未經政黨推薦,0,民主進步黨,0,無黨籍及未經政黨推薦,0,中國國民黨,0,無黨籍及未經政黨推薦,34,無黨籍及未經政黨推薦,0,民主進步黨,0,中國國民黨,0,無黨籍及未經政黨推薦,0,無黨籍及未經政黨推薦,0,中國國民黨,0,無黨籍及未經政黨推薦,0,無黨籍及未經政黨推薦,0,民主進步黨,0,無黨籍及未經政黨推薦,1300,民主進步黨,0,無黨籍及未經政黨推薦,3020,58,3078,0,3078,952,4030,76.38
石碇里,0001,0,民主進步黨,0,民主進步黨,0,中國國民黨,0,民主進步黨,0,民主進步黨,0,民主進步黨,0,民主進步黨,0,中國國民黨,0,無黨籍及未經政黨推薦,0,中國國民黨,6,無黨籍及未經政黨推薦,0,無黨籍及未經政黨推薦,0,民主進步黨,0,民主進步黨,0,中國國民黨,0,中國國民黨,0,民主進步黨,0,無黨籍及未經政黨推薦,0,中國國民黨,0,中國國民黨,0,台澎黨,0,民主進步黨,0,台澎黨,0,無黨籍及未經政黨推薦,0,民主進步黨,0,民主進步黨,0,民主進步黨,0,民主進步黨,0,民主進步黨,0,中國國民黨,0,民主進步黨,0,民主進步黨,0,民主進步黨,0,無黨籍及未經政黨推薦,144,中國國民黨,0,無黨籍及未經政黨推薦,0,民主進步黨,0,中國國民黨,0,中國國民黨,0,民主進步黨,0,中國國民黨,0,民主進步黨,0,中國國民黨,0,無黨籍及未經政黨推薦,0,中國國民黨,0,無黨籍及未經政黨推薦,14,無黨籍及未經政黨推薦,0,中國國民黨,0,中國國民黨,0,中國國民黨,0,無黨籍及未經政黨推薦,0,民主進步黨,0,民主進步黨,0,中國國民黨,0,無黨籍及未經政黨推薦,0,民主進步黨,0,無黨籍及未經政黨推薦,0,無黨籍及未經政黨推薦,6,無黨籍及未經政黨推薦,0,無黨籍及未經政黨推薦,0,民主進步黨,0,中國國民黨,0,中國國民黨,0,民主進步黨,0,無黨籍及未經政黨推薦,0,民主進步黨,0,無黨籍及未經政黨推薦,0,中國國民黨,0,無黨籍及未經政黨推薦,8,無黨籍及未經政黨推薦,0,民主進步黨,0,中國國民黨,0,無黨籍及未經政黨推薦,0,無黨籍及未經政黨推薦,0,中國國民黨,0,無黨籍及未經政黨推薦,0,無黨籍及未經政黨推薦,0,民主進步黨,0,無黨籍及未經政黨推薦,280,民主進步黨,0,無黨籍及未經政黨推薦,458,130,588,0,588,166,754,77.98
潭邊里,0002,0,民主進步黨,0,民主進步黨,0,中國國民黨,0,民主進步黨,0,民主進步黨,0,民主進步黨,0,民主進步黨,0,中國國民黨,0,無黨籍及未經政黨推薦,0,中國國民黨,8,無黨籍及未經政黨推薦,0,無黨籍及未經政黨推薦,0,民主進步黨,0,民主進步黨,0,中國國民黨,0,中國國民黨,0,民主進步黨,0,無黨籍及未經政黨推薦,0,中國國民黨,0,中國國民黨,0,台澎黨,0,民主進步黨,2,台澎黨,0,無黨籍及未經政黨推薦,0,民主進步黨,0,民主進步黨,0,民主進步黨,0,民主進步黨,0,民主進步黨,0,中國國民黨,0,民主進步黨,0,民主進步黨,0,民主進步黨,0,無黨籍及未經政黨推薦,592,中國國民黨,0,無黨籍及未經政黨推薦,0,民主進步黨,0,中國國民黨,0,中國國民黨,0,民主進步黨,0,中國國民黨,0,民主進步黨,0,中國國民黨,0,無黨籍及未經政黨推薦,0,中國國民黨,0,無黨籍及未經政黨推薦,36,無黨籍及未經政黨推薦,0,中國國民黨,0,中國國民黨,0,中國國民黨,0,無黨籍及未經政黨推薦,0,民主進步黨,0,民主進步黨,0,中國國民黨,0,無黨籍及未經政黨推薦,0,民主進步黨,0,無黨籍及未經政黨推薦,0,無黨籍及未經政黨推薦,4,無黨籍及未經政黨推薦,0,無黨籍及未經政黨推薦,0,民主進步黨,0,中國國民黨,0,中國國民黨,0,民主進步黨,0,無黨籍及未經政黨推薦,0,民主進步黨,0,無黨籍及未經政黨推薦,0,中國國民黨,0,無黨籍及未經政黨推薦,8,無黨籍及未經政黨推薦,0,民主進步黨,0,中國國民黨,0,無黨籍及未經政黨推薦,0,無黨籍及未經政黨推薦,0,中國國民黨,0,無黨籍及未經政黨推薦,0,無黨籍及未經政黨推薦,0,民主進步黨,0,無黨籍及未經政黨推薦,428,民主進步黨,0,無黨籍及未經政黨推薦,1078,42,1120,0,1120,406,1526,73.39
隆盛里,0003,0,民主進步黨,0,民主進步黨,0,中國國民黨,0,民主進步黨,0,民主進步黨,0,民主進步黨,0,民主進步黨,0,中國國民黨,0,無黨籍及未經政黨推薦,0,中國國民黨,14,無黨籍及未經政黨推薦,0,無黨籍及未經政黨推薦,0,民主進步黨,0,民主進步黨,0,中國國民黨,0,中國國民黨,0,民主進步黨,0,無黨籍及未經政黨推薦,0,中國國民黨,0,中國國民黨,0,台澎黨,0,民主進步黨,4,台澎黨,0,無黨籍及未經政黨推薦,0,民主進步黨,0,民主進步黨,0,民主進步黨,0,民主進步黨,0,民主進步黨,0,中國國民黨,0,民主進步黨,0,民主進步黨,0,民主進步黨,0,無黨籍及未經政黨推薦,362,中國國民黨,0,無黨籍及未經政黨推薦,0,民主進步黨,0,中國國民黨,0,中國國民黨,0,民主進步黨,0,中國國民黨,0,民主進步黨,0,中國國民黨,0,無黨籍及未經政黨推薦,0,中國國民黨,0,無黨籍及未經政黨推薦,24,無黨籍及未經政黨推薦,0,中國國民黨,0,中國國民黨,0,中國國民黨,0,無黨籍及未經政黨推薦,0,民主進步黨,0,民主進步黨,0,中國國民黨,0,無黨籍及未經政黨推薦,0,民主進步黨,0,無黨籍及未經政黨推薦,0,無黨籍及未經政黨推薦,4,無黨籍及未經政黨推薦,0,無黨籍及未經政黨推薦,0,民主進步黨,0,中國國民黨,0,中國國民黨,0,民主進步黨,0,無黨籍及未經政黨推薦,0,民主進步黨,0,無黨籍及未經政黨推薦,0,中國國民黨,0,無黨籍及未經政黨推薦,22,無黨籍及未經政黨推薦,0,民主進步黨,0,中國國民黨,0,無黨籍及未經政黨推薦,0,無黨籍及未經政黨推薦,0,中國國民黨,0,無黨籍及未經政黨推薦,0,無黨籍及未經政黨推薦,0,民主進步黨,0,無黨籍及未經政黨推薦,410,民主進步黨,0,無黨籍及未經政黨推薦,840,24,864,0,864,412,1276,67.71
烏塗里,0004,0,民主進步黨,0,民主進步黨,0,中國國民黨,0,民主進步黨,0,民主進步黨,0,民主進步黨,0,民主進步黨,0,中國國民黨,0,無黨籍及未經政黨推薦,0,中國國民黨,4,無黨籍及未經政黨推薦,0,無黨籍及未經政黨推薦,0,民主進步黨,0,民主進步黨,0,中國國民黨,0,中國國民黨,0,民主進步黨,0,無黨籍及未經政黨推薦,0,中國國民黨,0,中國國民黨,0,台澎黨,0,民主進步黨,2,台澎黨,0,無黨籍及未經政黨推薦,0,民主進步黨,0,民主進步黨,0,民主進步黨,0,民主進步黨,0,民主進步黨,0,中國國民黨,0,民主進步黨,0,民主進步黨,0,民主進步黨,0,無黨籍及未經政黨推薦,404,中國國民黨,0,無黨籍及未經政黨推薦,0,民主進步黨,0,中國國民黨,0,中國國民黨,0,民主進步黨,0,中國國民黨,0,民主進步黨,0,中國國民黨,0,無黨籍及未經政黨推薦,0,中國國民黨,0,無黨籍及未經政黨推薦,26,無黨籍及未經政黨推薦,0,中國國民黨,0,中國國民黨,0,中國國民黨,0,無黨籍及未經政黨推薦,0,民主進步黨,0,民主進步黨,0,中國國民黨,0,無黨籍及未經政黨推薦,0,民主進步黨,0,無黨籍及未經政黨推薦,0,無黨籍及未經政黨推薦,6,無黨籍及未經政黨推薦,0,無黨籍及未經政黨推薦,0,民主進步黨,0,中國國民黨,0,中國國民黨,0,民主進步黨,0,無黨籍及未經政黨推薦,0,民主進步黨,0,無黨籍及未經政黨推薦,0,中國國民黨,0,無黨籍及未經政黨推薦,20,無黨籍及未經政黨推薦,0,民主進步黨,0,中國國民黨,0,無黨籍及未經政黨推薦,0,無黨籍及未經政黨推薦,0,中國國民黨,0,無黨籍及未經政黨推薦,0,無黨籍及未經政黨推薦,0,民主進步黨,0,無黨籍及未經政黨推薦,442,民主進步黨,0,無黨籍及未經政黨推薦,904,22,926,0,926,354,1280,72.34
彭山里,0005,0,民主進步黨,0,民主進步黨,0,中國國民黨,0,民主進步黨,0,民主進步黨,0,民主進步黨,0,民主進步黨,0,中國國民黨,0,無黨籍及未經政黨推薦,0,中國國民黨,10,無黨籍及未經政黨推薦,0,無黨籍及未經政黨推薦,0,民主進步黨,0,民主進步黨,0,中國國民黨,0,中國國民黨,0,民主進步黨,0,無黨籍及未經政黨推薦,0,中國國民黨,0,中國國民黨,0,台澎黨,0,民主進步黨,4,台澎黨,0,無黨籍及未經政黨推薦,0,民主進步黨,0,民主進步黨,0,民主進步黨,0,民主進步黨,0,民主進步黨,0,中國國民黨,0,民主進步黨,0,民主進步黨,0,民主進步黨,0,無黨籍及未經政黨推薦,214,中國國民黨,0,無黨籍及未經政黨推薦,0,民主進步黨,0,中國國民黨,0,中國國民黨,0,民主進步黨,0,中國國民黨,0,民主進步黨,0,中國國民黨,0,無黨籍及未經政黨推薦,0,中國國民黨,0,無黨籍及未經政黨推薦,12,無黨籍及未經政黨推薦,0,中國國民黨,0,中國國民黨,0,中國國民黨,0,無黨籍及未經政黨推薦,0,民主進步黨,0,民主進步黨,0,中國國民黨,0,無黨籍及未經政黨推薦,0,民主進步黨,0,無黨籍及未經政黨推薦,0,無黨籍及未經政黨推薦,0,無黨籍及未經政黨推薦,0,無黨籍及未經政黨推薦,0,民主進步黨,0,中國國民黨,0,中國國民黨,0,民主進步黨,0,無黨籍及未經政黨推薦,0,民主進步黨,0,無黨籍及未經政黨推薦,0,中國國民黨,0,無黨籍及未經政黨推薦,8,無黨籍及未經政黨推薦,0,民主進步黨,0,中國國民黨,0,無黨籍及未經政黨推薦,0,無黨籍及未經政黨推薦,0,中國國民黨,0,無黨籍及未經政黨推薦,0,無黨籍及未經政黨推薦,0,民主進步黨,0,無黨籍及未經政黨推薦,150,民主進步黨,0,無黨籍及未經政黨推薦,398,14,412,0,412,182,594,69.36
豐田里,0006,0,民主進步黨,0,民主進步黨,0,中國國民黨,0,民主進步黨,0,民主進步黨,0,民主進步黨,0,民主進步黨,0,中國國民黨,0,無黨籍及未經政黨推薦,0,中國國民黨,2,無黨籍及未經政黨推薦,0,無黨籍及未經政黨推薦,0,民主進步黨,0,民主進步黨,0,中國國民黨,0,中國國民黨,0,民主進步黨,0,無黨籍及未經政黨推薦,0,中國國民黨,0,中國國民黨,0,台澎黨,0,民主進步黨,2,台澎黨,0,無黨籍及未經政黨推薦,0,民主進步黨,0,民主進步黨,0,民主進步黨,0,民主進步黨,0,民主進步黨,0,中國國民黨,0,民主進步黨,0,民主進步黨,0,民主進步黨,0,無黨籍及未經政黨推薦,242,中國國民黨,0,無黨籍及未經政黨推薦,0,民主進步黨,0,中國國民黨,0,中國國民黨,0,民主進步黨,0,中國國民黨,0,民主進步黨,0,中國國民黨,0,無黨籍及未經政黨推薦,0,中國國民黨,0,無黨籍及未經政黨推薦,6,無黨籍及未經政黨推薦,0,中國國民黨,0,中國國民黨,0,中國國民黨,0,無黨籍及未經政黨推薦,0,民主進步黨,0,民主進步黨,0,中國國民黨,0,無黨籍及未經政黨推薦,0,民主進步黨,0,無黨籍及未經政黨推薦,0,無黨籍及未經政黨推薦,6,無黨籍及未經政黨推薦,0,無黨籍及未經政黨推薦,0,民主進步黨,0,中國國民黨,0,中國國民黨,0,民主進步黨,0,無黨籍及未經政黨推薦,0,民主進步黨,0,無黨籍及未經政黨推薦,0,中國國民黨,0,無黨籍及未經政黨推薦,10,無黨籍及未經政黨推薦,0,民主進步黨,0,中國國民黨,0,無黨籍及未經政黨推薦,0,無黨籍及未經政黨推薦,0,中國國民黨,0,無黨籍及未經政黨推薦,0,無黨籍及未經政黨推薦,0,民主進步黨,0,無黨籍及未經政黨推薦,260,民主進步黨,0,無黨籍及未經政黨推薦,528,14,542,0,542,196,738,73.44
永定里,0007,0,民主進步黨,0,民主進步黨,0,中國國民黨,0,民主進步黨,0,民主進步黨,0,民主進步黨,0,民主進步黨,0,中國國民黨,0,無黨籍及未經政黨推薦,0,中國國民黨,4,無黨籍及未經政黨推薦,0,無黨籍及未經政黨推薦,0,民主進步黨,0,民主進步黨,0,中國國民黨,0,中國國民黨,0,民主進步黨,0,無黨籍及未經政黨推薦,0,中國國民黨,0,中國國民黨,0,台澎黨,0,民主進步黨,8,台澎黨,0,無黨籍及未經政黨推薦,0,民主進步黨,0,民主進步黨,0,民主進步黨,0,民主進步黨,0,民主進步黨,0,中國國民黨,0,民主進步黨,0,民主進步黨,0,民主進步黨,0,無黨籍及未經政黨推薦,320,中國國民黨,0,無黨籍及未經政黨推薦,0,民主進步黨,0,中國國民黨,0,中國國民黨,0,民主進步黨,0,中國國民黨,0,民主進步黨,0,中國國民黨,0,無黨籍及未經政黨推薦,0,中國國民黨,0,無黨籍及未經政黨推薦,18,無黨籍及未經政黨推薦,0,中國國民黨,0,中國國民黨,0,中國國民黨,0,無黨籍及未經政黨推薦,0,民主進步黨,0,民主進步黨,0,中國國民黨,0,無黨籍及未經政黨推薦,0,民主進步黨,0,無黨籍及未經政黨推薦,0,無黨籍及未經政黨推薦,4,無黨籍及未經政黨推薦,0,無黨籍及未經政黨推薦,0,民主進步黨,0,中國國民黨,0,中國國民黨,0,民主進步黨,0,無黨籍及未經政黨推薦,0,民主進步黨,0,無黨籍及未經政黨推薦,0,中國國民黨,0,無黨籍及未經政黨推薦,12,無黨籍及未經政黨推薦,0,民主進步黨,0,中國國民黨,0,無黨籍及未經政黨推薦,0,無黨籍及未經政黨推薦,0,中國國民黨,0,無黨籍及未經政黨推薦,0,無黨籍及未經政黨推薦,0,民主進步黨,0,無黨籍及未經政黨推薦,388,民主進步黨,0,無黨籍及未經政黨推薦,754,20,774,0,774,368,1142,67.78
中民里,0008,0,民主進步黨,0,民主進步黨,0,中國國民黨,0,民主進步黨,0,民主進步黨,0,民主進步黨,0,民主進步黨,0,中國國民黨,0,無黨籍及未經政黨推薦,0,中國國民黨,4,無黨籍及未經政黨推薦,0,無黨籍及未經政黨推薦,0,民主進步黨,0,民主進步黨,0,中國國民黨,0,中國國民黨,0,民主進步黨,0,無黨籍及未經政黨推薦,0,中國國民黨,0,中國國民黨,0,台澎黨,0,民主進步黨,6,台澎黨,0,無黨籍及未經政黨推薦,0,民主進步黨,0,民主進步黨,0,民主進步黨,0,民主進步黨,0,民主進步黨,0,中國國民黨,0,民主進步黨,0,民主進步黨,0,民主進步黨,0,無黨籍及未經政黨推薦,444,中國國民黨,0,無黨籍及未經政黨推薦,0,民主進步黨,0,中國國民黨,0,中國國民黨,0,民主進步黨,0,中國國民黨,0,民主進步黨,0,中國國民黨,0,無黨籍及未經政黨推薦,0,中國國民黨,0,無黨籍及未經政黨推薦,38,無黨籍及未經政黨推薦,0,中國國民黨,0,中國國民黨,0,中國國民黨,0,無黨籍及未經政黨推薦,0,民主進步黨,0,民主進步黨,0,中國國民黨,0,無黨籍及未經政黨推薦,0,民主進步黨,0,無黨籍及未經政黨推薦,0,無黨籍及未經政黨推薦,2,無黨籍及未經政黨推薦,0,無黨籍及未經政黨推薦,0,民主進步黨,0,中國國民黨,0,中國國民黨,0,民主進步黨,0,無黨籍及未經政黨推薦,0,民主進步黨,0,無黨籍及未經政黨推薦,0,中國國民黨,0,無黨籍及未經政黨推薦,10,無黨籍及未經政黨推薦,0,民主進步黨,0,中國國民黨,0,無黨籍及未經政黨推薦,0,無黨籍及未經政黨推薦,0,中國國民黨,0,無黨籍及未經政黨推薦,0,無黨籍及未經政黨推薦,0,民主進步黨,0,無黨籍及未經政黨推薦,454,民主進步黨,0,無黨籍及未經政黨推薦,958,14,972,0,972,428,1400,69.43
光明里,0009,0,民主進步黨,0,民主進步黨,0,中國國民黨,0,民主進步黨,0,民主進步黨,0,民主進步黨,0,民主進步黨,0,中國國民黨,0,無黨籍及未經政黨推薦,0,中國國民黨,8,無黨籍及未經政黨推薦,0,無黨籍及未經政黨推薦,0,民主進步黨,0,民主進步黨,0,中國國民黨,0,中國國民黨,0,民主進步黨,0,無黨籍及未經政黨推薦,0,中國國民黨,0,中國國民黨,0,台澎黨,0,民主進步黨,8,台澎黨,0,無黨籍及未經政黨推薦,0,民主進步黨,0,民主進步黨,0,民主進步黨,0,民主進步黨,0,民主進步黨,0,中國國民黨,0,民主進步黨,0,民主進步黨,0,民主進步黨,0,無黨籍及未經政黨推薦,158,中國國民黨,0,無黨籍及未經政黨推薦,0,民主進步黨,0,中國國民黨,0,中國國民黨,0,民主進步黨,0,中國國民黨,0,民主進步黨,0,中國國民黨,0,無黨籍及未經政黨推薦,0,中國國民黨,0,無黨籍及未經政黨推薦,10,無黨籍及未經政黨推薦,0,中國國民黨,0,中國國民黨,0,中國國民黨,0,無黨籍及未經政黨推薦,0,民主進步黨,0,民主進步黨,0,中國國民黨,0,無黨籍及未經政黨推薦,0,民主進步黨,0,無黨籍及未經政黨推薦,0,無黨籍及未經政黨推薦,2,無黨籍及未經政黨推薦,0,無黨籍及未經政黨推薦,0,民主進步黨,0,中國國民黨,0,中國國民黨,0,民主進步黨,0,無黨籍及未經政黨推薦,0,民主進步黨,0,無黨籍及未經政黨推薦,0,中國國民黨,0,無黨籍及未經政黨推薦,6,無黨籍及未經政黨推薦,0,民主進步黨,0,中國國民黨,0,無黨籍及未經政黨推薦,0,無黨籍及未經政黨推薦,0,中國國民黨,0,無黨籍及未經政黨推薦,0,無黨籍及未經政黨推薦,0,民主進步黨,0,無黨籍及未經政黨推薦,196,民主進步黨,0,無黨籍及未經政黨推薦,388,4,392,0,392,130,522,75.1
豐林里,0010,0,民主進步黨,0,民主進步黨,0,中國國民黨,0,民主進步黨,0,民主進步黨,0,民主進步黨,0,民主進步黨,0,中國國民黨,0,無黨籍及未經政黨推薦,0,中國國民黨,4,無黨籍及未經政黨推薦,0,無黨籍及未經政黨推薦,0,民主進步黨,0,民主進步黨,0,中國國民黨,0,中國國民黨,0,民主進步黨,0,無黨籍及未經政黨推薦,0,中國國民黨,0,中國國民黨,0,台澎黨,0,民主進步黨,2,台澎黨,0,無黨籍及未經政黨推薦,0,民主進步黨,0,民主進步黨,0,民主進步黨,0,民主進步黨,0,民主進步黨,0,中國國民黨,0,民主進步黨,0,民主進步黨,0,民主進步黨,0,無黨籍及未經政黨推薦,206,中國國民黨,0,無黨籍及未經政黨推薦,0,民主進步黨,0,中國國民黨,0,中國國民黨,0,民主進步黨,0,中國國民黨,0,民主進步黨,0,中國國民黨,0,無黨籍及未經政黨推薦,0,中國國民黨,0,無黨籍及未經政黨推薦,12,無黨籍及未經政黨推薦,0,中國國民黨,0,中國國民黨,0,中國國民黨,0,無黨籍及未經政黨推薦,0,民主進步黨,0,民主進步黨,0,中國國民黨,0,無黨籍及未經政黨推薦,0,民主進步黨,0,無黨籍及未經政黨推薦,0,無黨籍及未經政黨推薦,0,無黨籍及未經政黨推薦,0,無黨籍及未經政黨推薦,0,民主進步黨,0,中國國民黨,0,中國國民黨,0,民主進步黨,0,無黨籍及未經政黨推薦,0,民主進步黨,0,無黨籍及未經政黨推薦,0,中國國民黨,0,無黨籍及未經政黨推薦,2,無黨籍及未經政黨推薦,0,民主進步黨,0,中國國民黨,0,無黨籍及未經政黨推薦,0,無黨籍及未經政黨推薦,0,中國國民黨,0,無黨籍及未經政黨推薦,0,無黨籍及未經政黨推薦,0,民主進步黨,0,無黨籍及未經政黨推薦,190,民主進步黨,0,無黨籍及未經政黨推薦,416,16,432,0,432,154,586,73.72
永安里,0011,0,民主進步黨,0,民主進步黨,0,中國國民黨,0,民主進步黨,0,民主進步黨,0,民主進步黨,0,民主進步黨,0,中國國民黨,0,無黨籍及未經政黨推薦,0,中國國民黨,10,無黨籍及未經政黨推薦,0,無黨籍及未經政黨推薦,0,民主進步黨,0,民主進步黨,0,中國國民黨,0,中國國民黨,0,民主進步黨,0,無黨籍及未經政黨推薦,0,中國國民黨,0,中國國民黨,0,台澎黨,0,民主進步黨,6,台澎黨,0,無黨籍及未經政黨推薦,0,民主進步黨,0,民主進步黨,0,民主進步黨,0,民主進步黨,0,民主進步黨,0,中國國民黨,0,民主進步黨,0,民主進步黨,0,民主進步黨,0,無黨籍及未經政黨推薦,592,中國國民黨,0,無黨籍及未經政黨推薦,0,民主進步黨,0,中國國民黨,0,中國國民黨,0,民主進步黨,0,中國國民黨,0,民主進步黨,0,中國國民黨,0,無黨籍及未經政黨推薦,0,中國國民黨,0,無黨籍及未經政黨推薦,18,無黨籍及未經政黨推薦,0,中國國民黨,0,中國國民黨,0,中國國民黨,0,無黨籍及未經政黨推薦,0,民主進步黨,0,民主進步黨,0,中國國民黨,0,無黨籍及未經政黨推薦,0,民主進步黨,0,無黨籍及未經政黨推薦,0,無黨籍及未經政黨推薦,4,無黨籍及未經政黨推薦,0,無黨籍及未經政黨推薦,0,民主進步黨,0,中國國民黨,0,中國國民黨,0,民主進步黨,0,無黨籍及未經政黨推薦,0,民主進步黨,0,無黨籍及未經政黨推薦,0,中國國民黨,0,無黨籍及未經政黨推薦,8,無黨籍及未經政黨推薦,0,民主進步黨,0,中國國民黨,0,無黨籍及未經政黨推薦,0,無黨籍及未經政黨推薦,0,中國國民黨,0,無黨籍及未經政黨推薦,0,無黨籍及未經政黨推薦,0,民主進步黨,0,無黨籍及未經政黨推薦,492,民主進步黨,0,無黨籍及未經政黨推薦,1130,32,1162,0,1162,400,1562,74.39
格頭里,0012,0,民主進步黨,0,民主進步黨,0,中國國民黨,0,民主進步黨,0,民主進步黨,0,民主進步黨,0,民主進步黨,0,中國國民黨,0,無黨籍及未經政黨推薦,0,中國國民黨,28,無黨籍及未經政黨推薦,0,無黨籍及未經政黨推薦,0,民主進步黨,0,民主進步黨,0,中國國民黨,0,中國國民黨,0,民主進步黨,0,無黨籍及未經政黨推薦,0,中國國民黨,0,中國國民黨,0,台澎黨,0,民主進步黨,4,台澎黨,0,無黨籍及未經政黨推薦,0,民主進步黨,0,民主進步黨,0,民主進步黨,0,民主進步黨,0,民主進步黨,0,中國國民黨,0,民主進步黨,0,民主進步黨,0,民主進步黨,0,無黨籍及未經政黨推薦,486,中國國民黨,0,無黨籍及未經政黨推薦,0,民主進步黨,0,中國國民黨,0,中國國民黨,0,民主進步黨,0,中國國民黨,0,民主進步黨,0,中國國民黨,0,無黨籍及未經政黨推薦,0,中國國民黨,0,無黨籍及未經政黨推薦,54,無黨籍及未經政黨推薦,0,中國國民黨,0,中國國民黨,0,中國國民黨,0,無黨籍及未經政黨推薦,0,民主進步黨,0,民主進步黨,0,中國國民黨,0,無黨籍及未經政黨推薦,0,民主進步黨,0,無黨籍及未經政黨推薦,0,無黨籍及未經政黨推薦,4,無黨籍及未經政黨推薦,0,無黨籍及未經政黨推薦,0,民主進步黨,0,中國國民黨,0,中國國民黨,0,民主進步黨,0,無黨籍及未經政黨推薦,0,民主進步黨,0,無黨籍及未經政黨推薦,0,中國國民黨,0,無黨籍及未經政黨推薦,22,無黨籍及未經政黨推薦,0,民主進步黨,0,中國國民黨,0,無黨籍及未經政黨推薦,0,無黨籍及未經政黨推薦,0,中國國民黨,0,無黨籍及未經政黨推薦,0,無黨籍及未經政黨推薦,0,民主進步黨,0,無黨籍及未經政黨推薦,832,民主進步黨,0,無黨籍及未經政黨推薦,1430,18,1448,0,1448,402,1850,78.27
粗窟里,0001,0,民主進步黨,0,民主進步黨,0,中國國民黨,0,民主進步黨,0,民主進步黨,0,民主進步黨,0,民主進步黨,0,中國國民黨,0,無黨籍及未經政黨推薦,0,中國國民黨,14,無黨籍及未經政黨推薦,0,無黨籍及未經政黨推薦,0,民主進步黨,0,民主進步黨,0,中國國民黨,0,中國國民黨,0,民主進步黨,0,無黨籍及未經政黨推薦,0,中國國民黨,0,中國國民黨,0,台澎黨,0,民主進步黨,22,台澎黨,0,無黨籍及未經政黨推薦,0,民主進步黨,0,民主進步黨,0,民主進步黨,0,民主進步黨,0,民主進步黨,0,中國國民黨,0,民主進步黨,0,民主進步黨,0,民主進步黨,0,無黨籍及未經政黨推薦,646,中國國民黨,0,無黨籍及未經政黨推薦,0,民主進步黨,0,中國國民黨,0,中國國民黨,0,民主進步黨,0,中國國民黨,0,民主進步黨,0,中國國民黨,0,無黨籍及未經政黨推薦,0,中國國民黨,0,無黨籍及未經政黨推薦,34,無黨籍及未經政黨推薦,0,中國國民黨,0,中國國民黨,0,中國國民黨,0,無黨籍及未經政黨推薦,0,民主進步黨,0,民主進步黨,0,中國國民黨,0,無黨籍及未經政黨推薦,0,民主進步黨,0,無黨籍及未經政黨推薦,0,無黨籍及未經政黨推薦,2,無黨籍及未經政黨推薦,0,無黨籍及未經政黨推薦,0,民主進步黨,0,中國國民黨,0,中國國民黨,0,民主進步黨,0,無黨籍及未經政黨推薦,0,民主進步黨,0,無黨籍及未經政黨推薦,0,中國國民黨,0,無黨籍及未經政黨推薦,20,無黨籍及未經政黨推薦,0,民主進步黨,0,中國國民黨,0,無黨籍及未經政黨推薦,0,無黨籍及未經政黨推薦,0,中國國民黨,0,無黨籍及未經政黨推薦,0,無黨籍及未經政黨推薦,0,民主進步黨,0,無黨籍及未經政黨推薦,558,民主進步黨,0,無黨籍及未經政黨推薦,1296,16,1312,0,1312,372,1684,77.91
坪林里,0002,0,民主進步黨,0,民主進步黨,0,中國國民黨,0,民主進步黨,0,民主進步黨,0,民主進步黨,0,民主進步黨,0,中國國民黨,0,無黨籍及未經政黨推薦,0,中國國民黨,46,無黨籍及未經政黨推薦,0,無黨籍及未經政黨推薦,0,民主進步黨,0,民主進步黨,0,中國國民黨,0,中國國民黨,0,民主進步黨,0,無黨籍及未經政黨推薦,0,中國國民黨,0,中國國民黨,0,台澎黨,0,民主進步黨,10,台澎黨,0,無黨籍及未經政黨推薦,0,民主進步黨,0,民主進步黨,0,民主進步黨,0,民主進步黨,0,民主進步黨,0,中國國民黨,0,民主進步黨,0,民主進步黨,0,民主進步黨,0,無黨籍及未經政黨推薦,742,中國國民黨,0,無黨籍及未經政黨推薦,0,民主進步黨,0,中國國民黨,0,中國國民黨,0,民主進步黨,0,中國國民黨,0,民主進步黨,0,中國國民黨,0,無黨籍及未經政黨推薦,0,中國國民黨,0,無黨籍及未經政黨推薦,76,無黨籍及未經政黨推薦,0,中國國民黨,0,中國國民黨,0,中國國民黨,0,無黨籍及未經政黨推薦,0,民主進步黨,0,民主進步黨,0,中國國民黨,0,無黨籍及未經政黨推薦,0,民主進步黨,0,無黨籍及未經政黨推薦,0,無黨籍及未經政黨推薦,4,無黨籍及未經政黨推薦,0,無黨籍及未經政黨推薦,0,民主進步黨,0,中國國民黨,0,中國國民黨,0,民主進步黨,0,無黨籍及未經政黨推薦,0,民主進步黨,0,無黨籍及未經政黨推薦,0,中國國民黨,0,無黨籍及未經政黨推薦,26,無黨籍及未經政黨推薦,0,民主進步黨,0,中國國民黨,0,無黨籍及未經政黨推薦,0,無黨籍及未經政黨推薦,0,中國國民黨,0,無黨籍及未經政黨推薦,0,無黨籍及未經政黨推薦,0,民主進步黨,0,無黨籍及未經政黨推薦,910,民主進步黨,0,無黨籍及未經政黨推薦,1814,68,1882,0,1882,602,2484,75.76
大林里,0003,0,民主進步黨,0,民主進步黨,0,中國國民黨,0,民主進步黨,0,民主進步黨,0,民主進步黨,0,民主進步黨,0,中國國民黨,0,無黨籍及未經政黨推薦,0,中國國民黨,20,無黨籍及未經政黨推薦,0,無黨籍及未經政黨推薦,0,民主進步黨,0,民主進步黨,0,中國國民黨,0,中國國民黨,0,民主進步黨,0,無黨籍及未經政黨推薦,0,中國國民黨,0,中國國民黨,0,台澎黨,0,民主進步黨,6,台澎黨,0,無黨籍及未經政黨推薦,0,民主進步黨,0,民主進步黨,0,民主進步黨,0,民主進步黨,0,民主進步黨,0,中國國民黨,0,民主進步黨,0,民主進步黨,0,民主進步黨,0,無黨籍及未經政黨推薦,604,中國國民黨,0,無黨籍及未經政黨推薦,0,民主進步黨,0,中國國民黨,0,中國國民黨,0,民主進步黨,0,中國國民黨,0,民主進步黨,0,中國國民黨,0,無黨籍及未經政黨推薦,0,中國國民黨,0,無黨籍及未經政黨推薦,48,無黨籍及未經政黨推薦,0,中國國民黨,0,中國國民黨,0,中國國民黨,0,無黨籍及未經政黨推薦,0,民主進步黨,0,民主進步黨,0,中國國民黨,0,無黨籍及未經政黨推薦,0,民主進步黨,0,無黨籍及未經政黨推薦,0,無黨籍及未經政黨推薦,6,無黨籍及未經政黨推薦,0,無黨籍及未經政黨推薦,0,民主進步黨,0,中國國民黨,0,中國國民黨,0,民主進步黨,0,無黨籍及未經政黨推薦,0,民主進步黨,0,無黨籍及未經政黨推薦,0,中國國民黨,0,無黨籍及未經政黨推薦,16,無黨籍及未經政黨推薦,0,民主進步黨,0,中國國民黨,0,無黨籍及未經政黨推薦,0,無黨籍及未經政黨推薦,0,中國國民黨,0,無黨籍及未經政黨推薦,0,無黨籍及未經政黨推薦,0,民主進步黨,0,無黨籍及未經政黨推薦,792,民主進步黨,0,無黨籍及未經政黨推薦,1492,52,1544,0,1544,696,2240,68.93
石𥕢里,0004,0,民主進步黨,0,民主進步黨,0,中國國民黨,0,民主進步黨,0,民主進步黨,0,民主進步黨,0,民主進步黨,0,中國國民黨,0,無黨籍及未經政黨推薦,0,中國國民黨,4,無黨籍及未經政黨推薦,0,無黨籍及未經政黨推薦,0,民主進步黨,0,民主進步黨,0,中國國民黨,0,中國國民黨,0,民主進步黨,0,無黨籍及未經政黨推薦,0,中國國民黨,0,中國國民黨,0,台澎黨,0,民主進步黨,0,台澎黨,0,無黨籍及未經政黨推薦,0,民主進步黨,0,民主進步黨,0,民主進步黨,0,民主進步黨,0,民主進步黨,0,中國國民黨,0,民主進步黨,0,民主進步黨,0,民主進步黨,0,無黨籍及未經政黨推薦,228,中國國民黨,0,無黨籍及未經政黨推薦,0,民主進步黨,0,中國國民黨,0,中國國民黨,0,民主進步黨,0,中國國民黨,0,民主進步黨,0,中國國民黨,0,無黨籍及未經政黨推薦,0,中國國民黨,0,無黨籍及未經政黨推薦,14,無黨籍及未經政黨推薦,0,中國國民黨,0,中國國民黨,0,中國國民黨,0,無黨籍及未經政黨推薦,0,民主進步黨,0,民主進步黨,0,中國國民黨,0,無黨籍及未經政黨推薦,0,民主進步黨,0,無黨籍及未經政黨推薦,0,無黨籍及未經政黨推薦,0,無黨籍及未經政黨推薦,0,無黨籍及未經政黨推薦,0,民主進步黨,0,中國國民黨,0,中國國民黨,0,民主進步黨,0,無黨籍及未經政黨推薦,0,民主進步黨,0,無黨籍及未經政黨推薦,0,中國國民黨,0,無黨籍及未經政黨推薦,10,無黨籍及未經政黨推薦,0,民主進步黨,0,中國國民黨,0,無黨籍及未經政黨推薦,0,無黨籍及未經政黨推薦,0,中國國民黨,0,無黨籍及未經政黨推薦,0,無黨籍及未經政黨推薦,0,民主進步黨,0,無黨籍及未經政黨推薦,284,民主進步黨,0,無黨籍及未經政黨推薦,540,22,562,0,562,262,824,68.2
上德里,0005,0,民主進步黨,0,民主進步黨,0,中國國民黨,0,民主進步黨,0,民主進步黨,0,民主進步黨,0,民主進步黨,0,中國國民黨,0,無黨籍及未經政黨推薦,0,中國國民黨,12,無黨籍及未經政黨推薦,0,無黨籍及未經政黨推薦,0,民主進步黨,0,民主進步黨,0,中國國民黨,0,中國國民黨,0,民主進步黨,0,無黨籍及未經政黨推薦,0,中國國民黨,0,中國國民黨,0,台澎黨,0,民主進步黨,10,台澎黨,0,無黨籍及未經政黨推薦,0,民主進步黨,0,民主進步黨,0,民主進步黨,0,民主進步黨,0,民主進步黨,0,中國國民黨,0,民主進步黨,0,民主進步黨,0,民主進步黨,0,無黨籍及未經政黨推薦,554,中國國民黨,0,無黨籍及未經政黨推薦,0,民主進步黨,0,中國國民黨,0,中國國民黨,0,民主進步黨,0,中國國民黨,0,民主進步黨,0,中國國民黨,0,無黨籍及未經政黨推薦,0,中國國民黨,0,無黨籍及未經政黨推薦,26,無黨籍及未經政黨推薦,0,中國國民黨,0,中國國民黨,0,中國國民黨,0,無黨籍及未經政黨推薦,0,民主進步黨,0,民主進步黨,0,中國國民黨,0,無黨籍及未經政黨推薦,0,民主進步黨,0,無黨籍及未經政黨推薦,0,無黨籍及未經政黨推薦,4,無黨籍及未經政黨推薦,0,無黨籍及未經政黨推薦,0,民主進步黨,0,中國國民黨,0,中國國民黨,0,民主進步黨,0,無黨籍及未經政黨推薦,0,民主進步黨,0,無黨籍及未經政黨推薦,0,中國國民黨,0,無黨籍及未經政黨推薦,12,無黨籍及未經政黨推薦,0,民主進步黨,0,中國國民黨,0,無黨籍及未經政黨推薦,0,無黨籍及未經政黨推薦,0,中國國民黨,0,無黨籍及未經政黨推薦,0,無黨籍及未經政黨推薦,0,民主進步黨,0,無黨籍及未經政黨推薦,448,民主進步黨,0,無黨籍及未經政黨推薦,1066,26,1092,0,1092,482,1574,69.38
水德里,0006,0,民主進步黨,0,民主進步黨,0,中國國民黨,0,民主進步黨,0,民主進步黨,0,民主進步黨,0,民主進步黨,0,中國國民黨,0,無黨籍及未經政黨推薦,0,中國國民黨,10,無黨籍及未經政黨推薦,0,無黨籍及未經政黨推薦,0,民主進步黨,0,民主進步黨,0,中國國民黨,0,中國國民黨,0,民主進步黨,0,無黨籍及未經政黨推薦,0,中國國民黨,0,中國國民黨,0,台澎黨,0,民主進步黨,4,台澎黨,0,無黨籍及未經政黨推薦,0,民主進步黨,0,民主進步黨,0,民主進步黨,0,民主進步黨,0,民主進步黨,0,中國國民黨,0,民主進步黨,0,民主進步黨,0,民主進步黨,0,無黨籍及未經政黨推薦,422,中國國民黨,0,無黨籍及未經政黨推薦,0,民主進步黨,0,中國國民黨,0,中國國民黨,0,民主進步黨,0,中國國民黨,0,民主進步黨,0,中國國民黨,0,無黨籍及未經政黨推薦,0,中國國民黨,0,無黨籍及未經政黨推薦,20,無黨籍及未經政黨推薦,0,中國國民黨,0,中國國民黨,0,中國國民黨,0,無黨籍及未經政黨推薦,0,民主進步黨,0,民主進步黨,0,中國國民黨,0,無黨籍及未經政黨推薦,0,民主進步黨,0,無黨籍及未經政黨推薦,0,無黨籍及未經政黨推薦,6,無黨籍及未經政黨推薦,0,無黨籍及未經政黨推薦,0,民主進步黨,0,中國國民黨,0,中國國民黨,0,民主進步黨,0,無黨籍及未經政黨推薦,0,民主進步黨,0,無黨籍及未經政黨推薦,0,中國國民黨,0,無黨籍及未經政黨推薦,8,無黨籍及未經政黨推薦,0,民主進步黨,0,中國國民黨,0,無黨籍及未經政黨推薦,0,無黨籍及未經政黨推薦,0,中國國民黨,0,無黨籍及未經政黨推薦,0,無黨籍及未經政黨推薦,0,民主進步黨,0,無黨籍及未經政黨推薦,400,民主進步黨,0,無黨籍及未經政黨推薦,870,26,896,0,896,318,1214,73.81
漁光里,0007,0,民主進步黨,0,民主進步黨,0,中國國民黨,0,民主進步黨,0,民主進步黨,0,民主進步黨,0,民主進步黨,0,中國國民黨,0,無黨籍及未經政黨推薦,0,中國國民黨,14,無黨籍及未經政黨推薦,0,無黨籍及未經政黨推薦,0,民主進步黨,0,民主進步黨,0,中國國民黨,0,中國國民黨,0,民主進步黨,0,無黨籍及未經政黨推薦,0,中國國民黨,0,中國國民黨,0,台澎黨,0,民主進步黨,2,台澎黨,0,無黨籍及未經政黨推薦,0,民主進步黨,0,民主進步黨,0,民主進步黨,0,民主進步黨,0,民主進步黨,0,中國國民黨,0,民主進步黨,0,民主進步黨,0,民主進步黨,0,無黨籍及未經政黨推薦,396,中國國民黨,0,無黨籍及未經政黨推薦,0,民主進步黨,0,中國國民黨,0,中國國民黨,0,民主進步黨,0,中國國民黨,0,民主進步黨,0,中國國民黨,0,無黨籍及未經政黨推薦,0,中國國民黨,0,無黨籍及未經政黨推薦,32,無黨籍及未經政黨推薦,0,中國國民黨,0,中國國民黨,0,中國國民黨,0,無黨籍及未經政黨推薦,0,民主進步黨,0,民主進步黨,0,中國國民黨,0,無黨籍及未經政黨推薦,0,民主進步黨,0,無黨籍及未經政黨推薦,0,無黨籍及未經政黨推薦,4,無黨籍及未經政黨推薦,0,無黨籍及未經政黨推薦,0,民主進步黨,0,中國國民黨,0,中國國民黨,0,民主進步黨,0,無黨籍及未經政黨推薦,0,民主進步黨,0,無黨籍及未經政黨推薦,0,中國國民黨,0,無黨籍及未經政黨推薦,20,無黨籍及未經政黨推薦,0,民主進步黨,0,中國國民黨,0,無黨籍及未經政黨推薦,0,無黨籍及未經政黨推薦,0,中國國民黨,0,無黨籍及未經政黨推薦,0,無黨籍及未經政黨推薦,0,民主進步黨,0,無黨籍及未經政黨推薦,642,民主進步黨,0,無黨籍及未經政黨推薦,1110,26,1136,0,1136,534,1670,68.02
烏來里,0001,0,民主進步黨,0,民主進步黨,0,中國國民黨,0,民主進步黨,0,民主進步黨,0,民主進步黨,0,民主進步黨,0,中國國民黨,0,無黨籍及未經政黨推薦,0,中國國民黨,32,無黨籍及未經政黨推薦,0,無黨籍及未經政黨推薦,0,民主進步黨,0,民主進步黨,0,中國國民黨,0,中國國民黨,0,民主進步黨,0,無黨籍及未經政黨推薦,0,中國國民黨,0,中國國民黨,0,台澎黨,0,民主進步黨,10,台澎黨,0,無黨籍及未經政黨推薦,0,民主進步黨,0,民主進步黨,0,民主進步黨,0,民主進步黨,0,民主進步黨,0,中國國民黨,0,民主進步黨,0,民主進步黨,0,民主進步黨,0,無黨籍及未經政黨推薦,990,中國國民黨,0,無黨籍及未經政黨推薦,0,民主進步黨,0,中國國民黨,0,中國國民黨,0,民主進步黨,0,中國國民黨,0,民主進步黨,0,中國國民黨,0,無黨籍及未經政黨推薦,0,中國國民黨,0,無黨籍及未經政黨推薦,42,無黨籍及未經政黨推薦,0,中國國民黨,0,中國國民黨,0,中國國民黨,0,無黨籍及未經政黨推薦,0,民主進步黨,0,民主進步黨,0,中國國民黨,0,無黨籍及未經政黨推薦,0,民主進步黨,0,無黨籍及未經政黨推薦,0,無黨籍及未經政黨推薦,2,無黨籍及未經政黨推薦,0,無黨籍及未經政黨推薦,0,民主進步黨,0,中國國民黨,0,中國國民黨,0,民主進步黨,0,無黨籍及未經政黨推薦,0,民主進步黨,0,無黨籍及未經政黨推薦,0,中國國民黨,0,無黨籍及未經政黨推薦,12,無黨籍及未經政黨推薦,0,民主進步黨,0,中國國民黨,0,無黨籍及未經政黨推薦,0,無黨籍及未經政黨推薦,0,中國國民黨,0,無黨籍及未經政黨推薦,0,無黨籍及未經政黨推薦,0,民主進步黨,0,無黨籍及未經政黨推薦,864,民主進步黨,0,無黨籍及未經政黨推薦,1952,38,1990,0,1990,826,2816,70.67
忠治里,0002,0,民主進步黨,0,民主進步黨,0,中國國民黨,0,民主進步黨,0,民主進步黨,0,民主進步黨,0,民主進步黨,0,中國國民黨,0,無黨籍及未經政黨推薦,0,中國國民黨,10,無黨籍及未經政黨推薦,0,無黨籍及未經政黨推薦,0,民主進步黨,0,民主進步黨,0,中國國民黨,0,中國國民黨,0,民主進步黨,0,無黨籍及未經政黨推薦,0,中國國民黨,0,中國國民黨,0,台澎黨,0,民主進步黨,10,台澎黨,0,無黨籍及未經政黨推薦,0,民主進步黨,0,民主進步黨,0,民主進步黨,0,民主進步黨,0,民主進步黨,0,中國國民黨,0,民主進步黨,0,民主進步黨,0,民主進步黨,0,無黨籍及未經政黨推薦,728,中國國民黨,0,無黨籍及未經政黨推薦,0,民主進步黨,0,中國國民黨,0,中國國民黨,0,民主進步黨,0,中國國民黨,0,民主進步黨,0,中國國民黨,0,無黨籍及未經政黨推薦,0,中國國民黨,0,無黨籍及未經政黨推薦,42,無黨籍及未經政黨推薦,0,中國國民黨,0,中國國民黨,0,中國國民黨,0,無黨籍及未經政黨推薦,0,民主進步黨,0,民主進步黨,0,中國國民黨,0,無黨籍及未經政黨推薦,0,民主進步黨,0,無黨籍及未經政黨推薦,0,無黨籍及未經政黨推薦,0,無黨籍及未經政黨推薦,0,無黨籍及未經政黨推薦,0,民主進步黨,0,中國國民黨,0,中國國民黨,0,民主進步黨,0,無黨籍及未經政黨推薦,0,民主進步黨,0,無黨籍及未經政黨推薦,0,中國國民黨,0,無黨籍及未經政黨推薦,14,無黨籍及未經政黨推薦,0,民主進步黨,0,中國國民黨,0,無黨籍及未經政黨推薦,0,無黨籍及未經政黨推薦,0,中國國民黨,0,無黨籍及未經政黨推薦,0,無黨籍及未經政黨推薦,0,民主進步黨,0,無黨籍及未經政黨推薦,646,民主進步黨,0,無黨籍及未經政黨推薦,1450,22,1472,0,1472,440,1912,76.99
福山里,0003,0,民主進步黨,0,民主進步黨,0,中國國民黨,0,民主進步黨,0,民主進步黨,0,民主進步黨,0,民主進步黨,0,中國國民黨,0,無黨籍及未經政黨推薦,0,中國國民黨,0,無黨籍及未經政黨推薦,0,無黨籍及未經政黨推薦,0,民主進步黨,0,民主進步黨,0,中國國民黨,0,中國國民黨,0,民主進步黨,0,無黨籍及未經政黨推薦,0,中國國民黨,0,中國國民黨,0,台澎黨,0,民主進步黨,0,台澎黨,0,無黨籍及未經政黨推薦,0,民主進步黨,0,民主進步黨,0,民主進步黨,0,民主進步黨,0,民主進步黨,0,中國國民黨,0,民主進步黨,0,民主進步黨,0,民主進步黨,0,無黨籍及未經政黨推薦,58,中國國民黨,0,無黨籍及未經政黨推薦,0,民主進步黨,0,中國國民黨,0,中國國民黨,0,民主進步黨,0,中國國民黨,0,民主進步黨,0,中國國民黨,0,無黨籍及未經政黨推薦,0,中國國民黨,0,無黨籍及未經政黨推薦,4,無黨籍及未經政黨推薦,0,中國國民黨,0,中國國民黨,0,中國國民黨,0,無黨籍及未經政黨推薦,0,民主進步黨,0,民主進步黨,0,中國國民黨,0,無黨籍及未經政黨推薦,0,民主進步黨,0,無黨籍及未經政黨推薦,0,無黨籍及未經政黨推薦,0,無黨籍及未經政黨推薦,0,無黨籍及未經政黨推薦,0,民主進步黨,0,中國國民黨,0,中國國民黨,0,民主進步黨,0,無黨籍及未經政黨推薦,0,民主進步黨,0,無黨籍及未經政黨推薦,0,中國國民黨,0,無黨籍及未經政黨推薦,6,無黨籍及未經政黨推薦,0,民主進步黨,0,中國國民黨,0,無黨籍及未經政黨推薦,0,無黨籍及未經政黨推薦,0,中國國民黨,0,無黨籍及未經政黨推薦,0,無黨籍及未經政黨推薦,0,民主進步黨,0,無黨籍及未經政黨推薦,80,民主進步黨,0,無黨籍及未經政黨推薦,148,6,154,0,154,120,274,56.2
信賢里,0004,0,民主進步黨,0,民主進步黨,0,中國國民黨,0,民主進步黨,0,民主進步黨,0,民主進步黨,0,民主進步黨,0,中國國民黨,0,無黨籍及未經政黨推薦,0,中國國民黨,4,無黨籍及未經政黨推薦,0,無黨籍及未經政黨推薦,0,民主進步黨,0,民主進步黨,0,中國國民黨,0,中國國民黨,0,民主進步黨,0,無黨籍及未經政黨推薦,0,中國國民黨,0,中國國民黨,0,台澎黨,0,民主進步黨,2,台澎黨,0,無黨籍及未經政黨推薦,0,民主進步黨,0,民主進步黨,0,民主進步黨,0,民主進步黨,0,民主進步黨,0,中國國民黨,0,民主進步黨,0,民主進步黨,0,民主進步黨,0,無黨籍及未經政黨推薦,186,中國國民黨,0,無黨籍及未經政黨推薦,0,民主進步黨,0,中國國民黨,0,中國國民黨,0,民主進步黨,0,中國國民黨,0,民主進步黨,0,中國國民黨,0,無黨籍及未經政黨推薦,0,中國國民黨,0,無黨籍及未經政黨推薦,10,無黨籍及未經政黨推薦,0,中國國民黨,0,中國國民黨,0,中國國民黨,0,無黨籍及未經政黨推薦,0,民主進步黨,0,民主進步黨,0,中國國民黨,0,無黨籍及未經政黨推薦,0,民主進步黨,0,無黨籍及未經政黨推薦,0,無黨籍及未經政黨推薦,0,無黨籍及未經政黨推薦,0,無黨籍及未經政黨推薦,0,民主進步黨,0,中國國民黨,0,中國國民黨,0,民主進步黨,0,無黨籍及未經政黨推薦,0,民主進步黨,0,無黨籍及未經政黨推薦,0,中國國民黨,0,無黨籍及未經政黨推薦,12,無黨籍及未經政黨推薦,0,民主進步黨,0,中國國民黨,0,無黨籍及未經政黨推薦,0,無黨籍及未經政黨推薦,0,中國國民黨,0,無黨籍及未經政黨推薦,0,無黨籍及未經政黨推薦,0,民主進步黨,0,無黨籍及未經政黨推薦,218,民主進步黨,0,無黨籍及未經政黨推薦,432,12,444,0,444,158,602,73.75
孝義里,0005,0,民主進步黨,0,民主進步黨,0,中國國民黨,0,民主進步黨,0,民主進步黨,0,民主進步黨,0,民主進步黨,0,中國國民黨,0,無黨籍及未經政黨推薦,0,中國國民黨,4,無黨籍及未經政黨推薦,0,無黨籍及未經政黨推薦,0,民主進步黨,0,民主進步黨,0,中國國民黨,0,中國國民黨,0,民主進步黨,0,無黨籍及未經政黨推薦,0,中國國民黨,0,中國國民黨,0,台澎黨,0,民主進步黨,0,台澎黨,0,無黨籍及未經政黨推薦,0,民主進步黨,0,民主進步黨,0,民主進步黨,0,民主進步黨,0,民主進步黨,0,中國國民黨,0,民主進步黨,0,民主進步黨,0,民主進步黨,0,無黨籍及未經政黨推薦,164,中國國民黨,0,無黨籍及未經政黨推薦,0,民主進步黨,0,中國國民黨,0,中國國民黨,0,民主進步黨,0,中國國民黨,0,民主進步黨,0,中國國民黨,0,無黨籍及未經政黨推薦,0,中國國民黨,0,無黨籍及未經政黨推薦,4,無黨籍及未經政黨推薦,0,中國國民黨,0,中國國民黨,0,中國國民黨,0,無黨籍及未經政黨推薦,0,民主進步黨,0,民主進步黨,0,中國國民黨,0,無黨籍及未經政黨推薦,0,民主進步黨,0,無黨籍及未經政黨推薦,0,無黨籍及未經政黨推薦,0,無黨籍及未經政黨推薦,0,無黨籍及未經政黨推薦,0,民主進步黨,0,中國國民黨,0,中國國民黨,0,民主進步黨,0,無黨籍及未經政黨推薦,0,民主進步黨,0,無黨籍及未經政黨推薦,0,中國國民黨,0,無黨籍及未經政黨推薦,0,無黨籍及未經政黨推薦,0,民主進步黨,0,中國國民黨,0,無黨籍及未經政黨推薦,0,無黨籍及未經政黨推薦,0,中國國民黨,0,無黨籍及未經政黨推薦,0,無黨籍及未經政黨推薦,0,民主進步黨,0,無黨籍及未經政黨推薦,170,民主進步黨,0,無黨籍及未經政黨推薦,342,6,348,0,348,102,450,77.33
