村里別,投開票所別,陳俊宇,陳俊宇_黨籍,顏寬恒,顏寬恒_黨籍,蔡明堂,蔡明堂_黨籍,林岱樺,林岱樺_黨籍,蘇巧慧,蘇巧慧_黨籍,羅廷瑋,羅廷瑋_黨籍,林家興,林家興_黨籍,江啟臣,江啟臣_黨籍,林德福,林德福_黨籍,孟藹倫,孟藹倫_黨籍,羅明才,羅明才_黨籍,黃瑞傳,黃瑞傳_黨籍,鍾佳濱,鍾佳濱_黨籍,邱志偉,邱志偉_黨籍,陳亭妃,陳亭妃_黨籍,廖偉翔,廖偉翔_黨籍,林俊憲,林俊憲_黨籍,黃捷,黃捷_黨籍,何欣純,何欣純_黨籍,賴士葆,賴士葆_黨籍,莊銘淵,莊銘淵_黨籍,袁興,袁興_黨籍,鄭添泉,鄭添泉_黨籍,楊木火,楊木火_黨籍,牛煦庭,牛煦庭_黨籍,王世堅,王世堅_黨籍,楊瓊瓔,楊瓊瓔_黨籍,萬美玲,萬美玲_黨籍,賴香伶,賴香伶_黨籍,陳美雅,陳美雅_黨籍,鍾易仲,鍾易仲_黨籍,賴瑞隆,賴瑞隆_黨籍,陳愷寧,陳愷寧_黨籍,吳琪銘,吳琪銘_黨籍,魏趨安,魏趨安_黨籍,李佳蒨,李佳蒨_黨籍,洪孟楷,洪孟楷_黨籍,涂權吉,涂權吉_黨籍,李柏毅,李柏毅_黨籍,蔣欣璋,蔣欣璋_黨籍,黃健豪,黃健豪_黨籍,江肇國,江肇國_黨籍,許智傑,許智傑_黨籍,賴宣任,賴宣任_黨籍,林金結,林金結_黨籍,張家榛,張家榛_黨籍,陳長志,陳長志_黨籍,林沛祥,林沛祥_黨籍,陳冠廷,陳冠廷_黨籍,王鴻薇,王鴻薇_黨籍,林秋彤,林秋彤_黨籍,于美人,于美人_黨籍,黃千庭,黃千庭_黨籍,許淑華,許淑華_黨籍,夏萬浪,夏萬浪_黨籍,陳聖,陳聖_黨籍,賴品妤,賴品妤_黨籍,黃明賢,黃明賢_黨籍,楊時睿,楊時睿_黨籍,謝旻汎,謝旻汎_黨籍,劉睿宸,劉睿宸_黨籍,張其祿,張其祿_黨籍,曾柏瑜,曾柏瑜_黨籍,廖先翔,廖先翔_黨籍,鄭正鈐,鄭正鈐_黨籍,陳一郎,陳一郎_黨籍,莊競程,莊競程_黨籍,張維學,張維學_黨籍,陳執中,陳執中_黨籍,孫智麗,孫智麗_黨籍,胡之壯,胡之壯_黨籍,有效票數A,無效票數B,投票數C,已領未投票數D,發出票數E,用餘票數F,選舉人數G,投票率H
大有里,0001,1022,民主進步黨,0,中國國民黨,0,中國國民黨,0,民主進步黨,0,民主進步黨,0,中國國民黨,0,中國國民黨,0,中國國民黨,0,中國國民黨,0,無黨籍及未經政黨推薦,0,中國國民黨,0,無黨籍及未經政黨推薦,40,民主進步黨,0,民主進步黨,0,民主進步黨,0,中國國民黨,0,民主進步黨,0,民主進步黨,0,民主進步黨,0,中國國民黨,0,民主進步黨,0,無黨籍及未經政黨推薦,0,無黨籍及未經政黨推薦,0,無黨籍及未經政黨推薦,470,中國國民黨,0,民主進步黨,0,中國國民黨,0,中國國民黨,0,無黨籍及未經政黨推薦,0,中國國民黨,0,中國國民黨,0,民主進步黨,0,無黨籍及未經政黨推薦,0,民主進步黨,0,無黨籍及未經政黨推薦,0,無黨籍及未經政黨推薦,0,中國國民黨,0,中國國民黨,0,民主進步黨,0,中國國民黨,0,中國國民黨,0,民主進步黨,0,民主進步黨,0,無黨籍及未經政黨推薦,0,中國國民黨,0,無黨籍及未經政黨推薦,0,無黨籍及未經政黨推薦,0,中國國民黨,0,民主進步黨,0,中國國民黨,0,無黨籍及未經政黨推薦,0,無黨籍及未經政黨推薦,0,無黨籍及未經政黨推薦,0,民主進步黨,0,無黨籍及未經政黨推薦,0,無黨籍及未經政黨推薦,0,民主進步黨,0,中國國民黨,0,無黨籍及未經政黨推薦,0,無黨籍及未經政黨推薦,0,無黨籍及未經政黨推薦,0,無黨籍及未經政黨推薦,0,民主進步黨,0,中國國民黨,0,中國國民黨,0,無黨籍及未經政黨推薦,0,民主進步黨,0,無黨籍及未經政黨推薦,0,無黨籍及未經政黨推薦,0,無黨籍及未經政黨推薦,0,無黨籍及未經政黨推薦,1532,36,1568,0,1568,578,2146,73.07
中興里,0002,490,民主進步黨,0,中國國民黨,0,中國國民黨,0,民主進步黨,0,民主進步黨,0,中國國民黨,0,中國國民黨,0,中國國民黨,0,中國國民黨,0,無黨籍及未經政黨推薦,0,中國國民黨,0,無黨籍及未經政黨推薦,14,民主進步黨,0,民主進步黨,0,民主進步黨,0,中國國民黨,0,民主進步黨,0,民主進步黨,0,民主進步黨,0,中國國民黨,0,民主進步黨,0,無黨籍及未經政黨推薦,0,無黨籍及未經政黨推薦,0,無黨籍及未經政黨推薦,196,中國國民黨,0,民主進步黨,0,中國國民黨,0,中國國民黨,0,無黨籍及未經政黨推薦,0,中國國民黨,0,中國國民黨,0,民主進步黨,0,無黨籍及未經政黨推薦,0,民主進步黨,0,無黨籍及未經政黨推薦,0,無黨籍及未經政黨推薦,0,中國國民黨,0,中國國民黨,0,民主進步黨,0,中國國民黨,0,中國國民黨,0,民主進步黨,0,民主進步黨,0,無黨籍及未經政黨推薦,0,中國國民黨,0,無黨籍及未經政黨推薦,0,無黨籍及未經政黨推薦,0,中國國民黨,0,民主進步黨,0,中國國民黨,0,無黨籍及未經政黨推薦,0,無黨籍及未經政黨推薦,0,無黨籍及未經政黨推薦,0,民主進步黨,0,無黨籍及未經政黨推薦,0,無黨籍及未經政黨推薦,0,民主進步黨,0,中國國民黨,0,無黨籍及未經政黨推薦,0,無黨籍及未經政黨推薦,0,無黨籍及未經政黨推薦,0,無黨籍及未經政黨推薦,0,民主進步黨,0,中國國民黨,0,中國國民黨,0,無黨籍及未經政黨推薦,0,民主進步黨,0,無黨籍及未經政黨推薦,0,無黨籍及未經政黨推薦,0,無黨籍及未經政黨推薦,0,無黨籍及未經政黨推薦,700,26,726,0,726,244,970,74.85
洛津里,0003,728,民主進步黨,0,中國國民黨,0,中國國民黨,0,民主進步黨,0,民主進步黨,0,中國國民黨,0,中國國民黨,0,中國國民黨,0,中國國民黨,0,無黨籍及未經政黨推薦,0,中國國民黨,0,無黨籍及未經政黨推薦,26,民主進步黨,0,民主進步黨,0,民主進步黨,0,中國國民黨,0,民主進步黨,0,民主進步黨,0,民主進步黨,0,中國國民黨,0,民主進步黨,0,無黨籍及未經政黨推薦,0,無黨籍及未經政黨推薦,0,無黨籍及未經政黨推薦,348,中國國民黨,0,民主進步黨,0,中國國民黨,0,中國國民黨,0,無黨籍及未經政黨推薦,0,中國國民黨,0,中國國民黨,0,民主進步黨,0,無黨籍及未經政黨推薦,0,民主進步黨,0,無黨籍及未經政黨推薦,0,無黨籍及未經政黨推薦,0,中國國民黨,0,中國國民黨,0,民主進步黨,0,中國國民黨,0,中國國民黨,0,民主進步黨,0,民主進步黨,0,無黨籍及未經政黨推薦,0,中國國民黨,0,無黨籍及未經政黨推薦,0,無黨籍及未經政黨推薦,0,中國國民黨,0,民主進步黨,0,中國國民黨,0,無黨籍及未經政黨推薦,0,無黨籍及未經政黨推薦,0,無黨籍及未經政黨推薦,0,民主進步黨,0,無黨籍及未經政黨推薦,0,無黨籍及未經政黨推薦,0,民主進步黨,0,中國國民黨,0,無黨籍及未經政黨推薦,0,無黨籍及未經政黨推薦,0,無黨籍及未經政黨推薦,0,無黨籍及未經政黨推薦,0,民主進步黨,0,中國國民黨,0,中國國民黨,0,無黨籍及未經政黨推薦,0,民主進步黨,0,無黨籍及未經政黨推薦,0,無黨籍及未經政黨推薦,0,無黨籍及未經政黨推薦,0,無黨籍及未經政黨推薦,1102,40,1142,0,1142,470,1612,70.84
順興里,0004,732,民主進步黨,0,中國國民黨,0,中國國民黨,0,民主進步黨,0,民主進步黨,0,中國國民黨,0,中國國民黨,0,中國國民黨,0,中國國民黨,0,無黨籍及未經政黨推薦,0,中國國民黨,0,無黨籍及未經政黨推薦,34,民主進步黨,0,民主進步黨,0,民主進步黨,0,中國國民黨,0,民主進步黨,0,民主進步黨,0,民主進步黨,0,中國國民黨,0,民主進步黨,0,無黨籍及未經政黨推薦,0,無黨籍及未經政黨推薦,0,無黨籍及未經政黨推薦,438,中國國民黨,0,民主進步黨,0,中國國民黨,0,中國國民黨,0,無黨籍及未經政黨推薦,0,中國國民黨,0,中國國民黨,0,民主進步黨,0,無黨籍及未經政黨推薦,0,民主進步黨,0,無黨籍及未經政黨推薦,0,無黨籍及未經政黨推薦,0,中國國民黨,0,中國國民黨,0,民主進步黨,0,中國國民黨,0,中國國民黨,0,民主進步黨,0,民主進步黨,0,無黨籍及未經政黨推薦,0,中國國民黨,0,無黨籍及未經政黨推薦,0,無黨籍及未經政黨推薦,0,中國國民黨,0,民主進步黨,0,中國國民黨,0,無黨籍及未經政黨推薦,0,無黨籍及未經政黨推薦,0,無黨籍及未經政黨推薦,0,民主進步黨,0,無黨籍及未經政黨推薦,0,無黨籍及未經政黨推薦,0,民主進步黨,0,中國國民黨,0,無黨籍及未經政黨推薦,0,無黨籍及未經政黨推薦,0,無黨籍及未經政黨推薦,0,無黨籍及未經政黨推薦,0,民主進步黨,0,中國國民黨,0,中國國民黨,0,無黨籍及未經政黨推薦,0,民主進步黨,0,無黨籍及未經政黨推薦,0,無黨籍及未經政黨推薦,0,無黨籍及未經政黨推薦,0,無黨籍及未經政黨推薦,1204,44,1248,0,1248,478,1726,72.31
頂厝里,0005,2472,民主進步黨,0,中國國民黨,0,中國國民黨,0,民主進步黨,0,民主進步黨,0,中國國民黨,0,中國國民黨,0,中國國民黨,0,中國國民黨,0,無黨籍及未經政黨推薦,0,中國國民黨,0,無黨籍及未經政黨推薦,126,民主進步黨,0,民主進步黨,0,民主進步黨,0,中國國民黨,0,民主進步黨,0,民主進步黨,0,民主進步黨,0,中國國民黨,0,民主進步黨,0,無黨籍及未經政黨推薦,0,無黨籍及未經政黨推薦,0,無黨籍及未經政黨推薦,1522,中國國民黨,0,民主進步黨,0,中國國民黨,0,中國國民黨,0,無黨籍及未經政黨推薦,0,中國國民黨,0,中國國民黨,0,民主進步黨,0,無黨籍及未經政黨推薦,0,民主進步黨,0,無黨籍及未經政黨推薦,0,無黨籍及未經政黨推薦,0,中國國民黨,0,中國國民黨,0,民主進步黨,0,中國國民黨,0,中國國民黨,0,民主進步黨,0,民主進步黨,0,無黨籍及未經政黨推薦,0,中國國民黨,0,無黨籍及未經政黨推薦,0,無黨籍及未經政黨推薦,0,中國國民黨,0,民主進步黨,0,中國國民黨,0,無黨籍及未經政黨推薦,0,無黨籍及未經政黨推薦,0,無黨籍及未經政黨推薦,0,民主進步黨,0,無黨籍及未經政黨推薦,0,無黨籍及未經政黨推薦,0,民主進步黨,0,中國國民黨,0,無黨籍及未經政黨推薦,0,無黨籍及未經政黨推薦,0,無黨籍及未經政黨推薦,0,無黨籍及未經政黨推薦,0,民主進步黨,0,中國國民黨,0,中國國民黨,0,無黨籍及未經政黨推薦,0,民主進步黨,0,無黨籍及未經政黨推薦,0,無黨籍及未經政黨推薦,0,無黨籍及未經政黨推薦,0,無黨籍及未經政黨推薦,4120,132,4252,0,4252,1566,5818,73.08
東崎里,0006,4278,民主進步黨,0,中國國民黨,0,中國國民黨,0,民主進步黨,0,民主進步黨,0,中國國民黨,0,中國國民黨,0,中國國民黨,0,中國國民黨,0,無黨籍及未經政黨推薦,0,中國國民黨,0,無黨籍及未經政黨推薦,228,民主進步黨,0,民主進步黨,0,民主進步黨,0,中國國民黨,0,民主進步黨,0,民主進步黨,0,民主進步黨,0,中國國民黨,0,民主進步黨,0,無黨籍及未經政黨推薦,0,無黨籍及未經政黨推薦,0,無黨籍及未經政黨推薦,2388,中國國民黨,0,民主進步黨,0,中國國民黨,0,中國國民黨,0,無黨籍及未經政黨推薦,0,中國國民黨,0,中國國民黨,0,民主進步黨,0,無黨籍及未經政黨推薦,0,民主進步黨,0,無黨籍及未經政黨推薦,0,無黨籍及未經政黨推薦,0,中國國民黨,0,中國國民黨,0,民主進步黨,0,中國國民黨,0,中國國民黨,0,民主進步黨,0,民主進步黨,0,無黨籍及未經政黨推薦,0,中國國民黨,0,無黨籍及未經政黨推薦,0,無黨籍及未經政黨推薦,0,中國國民黨,0,民主進步黨,0,中國國民黨,0,無黨籍及未經政黨推薦,0,無黨籍及未經政黨推薦,0,無黨籍及未經政黨推薦,0,民主進步黨,0,無黨籍及未經政黨推薦,0,無黨籍及未經政黨推薦,0,民主進步黨,0,中國國民黨,0,無黨籍及未經政黨推薦,0,無黨籍及未經政黨推薦,0,無黨籍及未經政黨推薦,0,無黨籍及未經政黨推薦,0,民主進步黨,0,中國國民黨,0,中國國民黨,0,無黨籍及未經政黨推薦,0,民主進步黨,0,無黨籍及未經政黨推薦,0,無黨籍及未經政黨推薦,0,無黨籍及未經政黨推薦,0,無黨籍及未經政黨推薦,6894,236,7130,0,7130,2810,9940,71.73
埔崙里,0007,4626,民主進步黨,0,中國國民黨,0,中國國民黨,0,民主進步黨,0,民主進步黨,0,中國國民黨,0,中國國民黨,0,中國國民黨,0,中國國民黨,0,無黨籍及未經政黨推薦,0,中國國民黨,0,無黨籍及未經政黨推薦,168,民主進步黨,0,民主進步黨,0,民主進步黨,0,中國國民黨,0,民主進步黨,0,民主進步黨,0,民主進步黨,0,中國國民黨,0,民主進步黨,0,無黨籍及未經政黨推薦,0,無黨籍及未經政黨推薦,0,無黨籍及未經政黨推薦,2180,中國國民黨,0,民主進步黨,0,中國國民黨,0,中國國民黨,0,無黨籍及未經政黨推薦,0,中國國民黨,0,中國國民黨,0,民主進步黨,0,無黨籍及未經政黨推薦,0,民主進步黨,0,無黨籍及未經政黨推薦,0,無黨籍及未經政黨推薦,0,中國國民黨,0,中國國民黨,0,民主進步黨,0,中國國民黨,0,中國國民黨,0,民主進步黨,0,民主進步黨,0,無黨籍及未經政黨推薦,0,中國國民黨,0,無黨籍及未經政黨推薦,0,無黨籍及未經政黨推薦,0,中國國民黨,0,民主進步黨,0,中國國民黨,0,無黨籍及未經政黨推薦,0,無黨籍及未經政黨推薦,0,無黨籍及未經政黨推薦,0,民主進步黨,0,無黨籍及未經政黨推薦,0,無黨籍及未經政黨推薦,0,民主進步黨,0,中國國民黨,0,無黨籍及未經政黨推薦,0,無黨籍及未經政黨推薦,0,無黨籍及未經政黨推薦,0,無黨籍及未經政黨推薦,0,民主進步黨,0,中國國民黨,0,中國國民黨,0,無黨籍及未經政黨推薦,0,民主進步黨,0,無黨籍及未經政黨推薦,0,無黨籍及未經政黨推薦,0,無黨籍及未經政黨推薦,0,無黨籍及未經政黨推薦,6974,254,7228,0,7228,2588,9816,73.63
東石里,0008,4156,民主進步黨,0,中國國民黨,0,中國國民黨,0,民主進步黨,0,民主進步黨,0,中國國民黨,0,中國國民黨,0,中國國民黨,0,中國國民黨,0,無黨籍及未經政黨推薦,0,中國國民黨,0,無黨籍及未經政黨推薦,156,民主進步黨,0,民主進步黨,0,民主進步黨,0,中國國民黨,0,民主進步黨,0,民主進步黨,0,民主進步黨,0,中國國民黨,0,民主進步黨,0,無黨籍及未經政黨推薦,0,無黨籍及未經政黨推薦,0,無黨籍及未經政黨推薦,1674,中國國民黨,0,民主進步黨,0,中國國民黨,0,中國國民黨,0,無黨籍及未經政黨推薦,0,中國國民黨,0,中國國民黨,0,民主進步黨,0,無黨籍及未經政黨推薦,0,民主進步黨,0,無黨籍及未經政黨推薦,0,無黨籍及未經政黨推薦,0,中國國民黨,0,中國國民黨,0,民主進步黨,0,中國國民黨,0,中國國民黨,0,民主進步黨,0,民主進步黨,0,無黨籍及未經政黨推薦,0,中國國民黨,0,無黨籍及未經政黨推薦,0,無黨籍及未經政黨推薦,0,中國國民黨,0,民主進步黨,0,中國國民黨,0,無黨籍及未經政黨推薦,0,無黨籍及未經政黨推薦,0,無黨籍及未經政黨推薦,0,民主進步黨,0,無黨籍及未經政黨推薦,0,無黨籍及未經政黨推薦,0,民主進步黨,0,中國國民黨,0,無黨籍及未經政黨推薦,0,無黨籍及未經政黨推薦,0,無黨籍及未經政黨推薦,0,無黨籍及未經政黨推薦,0,民主進步黨,0,中國國民黨,0,中國國民黨,0,無黨籍及未經政黨推薦,0,民主進步黨,0,無黨籍及未經政黨推薦,0,無黨籍及未經政黨推薦,0,無黨籍及未經政黨推薦,0,無黨籍及未經政黨推薦,5986,182,6168,0,6168,2276,8444,73.05
郭厝里,0009,466,民主進步黨,0,中國國民黨,0,中國國民黨,0,民主進步黨,0,民主進步黨,0,中國國民黨,0,中國國民黨,0,中國國民黨,0,中國國民黨,0,無黨籍及未經政黨推薦,0,中國國民黨,0,無黨籍及未經政黨推薦,24,民主進步黨,0,民主進步黨,0,民主進步黨,0,中國國民黨,0,民主進步黨,0,民主進步黨,0,民主進步黨,0,中國國民黨,0,民主進步黨,0,無黨籍及未經政黨推薦,0,無黨籍及未經政黨推薦,0,無黨籍及未經政黨推薦,194,中國國民黨,0,民主進步黨,0,中國國民黨,0,中國國民黨,0,無黨籍及未經政黨推薦,0,中國國民黨,0,中國國民黨,0,民主進步黨,0,無黨籍及未經政黨推薦,0,民主進步黨,0,無黨籍及未經政黨推薦,0,無黨籍及未經政黨推薦,0,中國國民黨,0,中國國民黨,0,民主進步黨,0,中國國民黨,0,中國國民黨,0,民主進步黨,0,民主進步黨,0,無黨籍及未經政黨推薦,0,中國國民黨,0,無黨籍及未經政黨推薦,0,無黨籍及未經政黨推薦,0,中國國民黨,0,民主進步黨,0,中國國民黨,0,無黨籍及未經政黨推薦,0,無黨籍及未經政黨推薦,0,無黨籍及未經政黨推薦,0,民主進步黨,0,無黨籍及未經政黨推薦,0,無黨籍及未經政黨推薦,0,民主進步黨,0,中國國民黨,0,無黨籍及未經政黨推薦,0,無黨籍及未經政黨推薦,0,無黨籍及未經政黨推薦,0,無黨籍及未經政黨推薦,0,民主進步黨,0,中國國民黨,0,中國國民黨,0,無黨籍及未經政黨推薦,0,民主進步黨,0,無黨籍及未經政黨推薦,0,無黨籍及未經政黨推薦,0,無黨籍及未經政黨推薦,0,無黨籍及未經政黨推薦,684,20,704,0,704,300,1004,70.12
新宮里,0010,870,民主進步黨,0,中國國民黨,0,中國國民黨,0,民主進步黨,0,民主進步黨,0,中國國民黨,0,中國國民黨,0,中國國民黨,0,中國國民黨,0,無黨籍及未經政黨推薦,0,中國國民黨,0,無黨籍及未經政黨推薦,36,民主進步黨,0,民主進步黨,0,民主進步黨,0,中國國民黨,0,民主進步黨,0,民主進步黨,0,民主進步黨,0,中國國民黨,0,民主進步黨,0,無黨籍及未經政黨推薦,0,無黨籍及未經政黨推薦,0,無黨籍及未經政黨推薦,292,中國國民黨,0,民主進步黨,0,中國國民黨,0,中國國民黨,0,無黨籍及未經政黨推薦,0,中國國民黨,0,中國國民黨,0,民主進步黨,0,無黨籍及未經政黨推薦,0,民主進步黨,0,無黨籍及未經政黨推薦,0,無黨籍及未經政黨推薦,0,中國國民黨,0,中國國民黨,0,民主進步黨,0,中國國民黨,0,中國國民黨,0,民主進步黨,0,民主進步黨,0,無黨籍及未經政黨推薦,0,中國國民黨,0,無黨籍及未經政黨推薦,0,無黨籍及未經政黨推薦,0,中國國民黨,0,民主進步黨,0,中國國民黨,0,無黨籍及未經政黨推薦,0,無黨籍及未經政黨推薦,0,無黨籍及未經政黨推薦,0,民主進步黨,0,無黨籍及未經政黨推薦,0,無黨籍及未經政黨推薦,0,民主進步黨,0,中國國民黨,0,無黨籍及未經政黨推薦,0,無黨籍及未經政黨推薦,0,無黨籍及未經政黨推薦,0,無黨籍及未經政黨推薦,0,民主進步黨,0,中國國民黨,0,中國國民黨,0,無黨籍及未經政黨推薦,0,民主進步黨,0,無黨籍及未經政黨推薦,0,無黨籍及未經政黨推薦,0,無黨籍及未經政黨推薦,0,無黨籍及未經政黨推薦,1198,30,1228,0,1228,374,1602,76.65
玉順里,0011,1086,民主進步黨,0,中國國民黨,0,中國國民黨,0,民主進步黨,0,民主進步黨,0,中國國民黨,0,中國國民黨,0,中國國民黨,0,中國國民黨,0,無黨籍及未經政黨推薦,0,中國國民黨,0,無黨籍及未經政黨推薦,30,民主進步黨,0,民主進步黨,0,民主進步黨,0,中國國民黨,0,民主進步黨,0,民主進步黨,0,民主進步黨,0,中國國民黨,0,民主進步黨,0,無黨籍及未經政黨推薦,0,無黨籍及未經政黨推薦,0,無黨籍及未經政黨推薦,458,中國國民黨,0,民主進步黨,0,中國國民黨,0,中國國民黨,0,無黨籍及未經政黨推薦,0,中國國民黨,0,中國國民黨,0,民主進步黨,0,無黨籍及未經政黨推薦,0,民主進步黨,0,無黨籍及未經政黨推薦,0,無黨籍及未經政黨推薦,0,中國國民黨,0,中國國民黨,0,民主進步黨,0,中國國民黨,0,中國國民黨,0,民主進步黨,0,民主進步黨,0,無黨籍及未經政黨推薦,0,中國國民黨,0,無黨籍及未經政黨推薦,0,無黨籍及未經政黨推薦,0,中國國民黨,0,民主進步黨,0,中國國民黨,0,無黨籍及未經政黨推薦,0,無黨籍及未經政黨推薦,0,無黨籍及未經政黨推薦,0,民主進步黨,0,無黨籍及未經政黨推薦,0,無黨籍及未經政黨推薦,0,民主進步黨,0,中國國民黨,0,無黨籍及未經政黨推薦,0,無黨籍及未經政黨推薦,0,無黨籍及未經政黨推薦,0,無黨籍及未經政黨推薦,0,民主進步黨,0,中國國民黨,0,中國國民黨,0,無黨籍及未經政黨推薦,0,民主進步黨,0,無黨籍及未經政黨推薦,0,無黨籍及未經政黨推薦,0,無黨籍及未經政黨推薦,0,無黨籍及未經政黨推薦,1574,58,1632,0,1632,564,2196,74.32
景福里,0012,900,民主進步黨,0,中國國民黨,0,中國國民黨,0,民主進步黨,0,民主進步黨,0,中國國民黨,0,中國國民黨,0,中國國民黨,0,中國國民黨,0,無黨籍及未經政黨推薦,0,中國國民黨,0,無黨籍及未經政黨推薦,30,民主進步黨,0,民主進步黨,0,民主進步黨,0,中國國民黨,0,民主進步黨,0,民主進步黨,0,民主進步黨,0,中國國民黨,0,民主進步黨,0,無黨籍及未經政黨推薦,0,無黨籍及未經政黨推薦,0,無黨籍及未經政黨推薦,496,中國國民黨,0,民主進步黨,0,中國國民黨,0,中國國民黨,0,無黨籍及未經政黨推薦,0,中國國民黨,0,中國國民黨,0,民主進步黨,0,無黨籍及未經政黨推薦,0,民主進步黨,0,無黨籍及未經政黨推薦,0,無黨籍及未經政黨推薦,0,中國國民黨,0,中國國民黨,0,民主進步黨,0,中國國民黨,0,中國國民黨,0,民主進步黨,0,民主進步黨,0,無黨籍及未經政黨推薦,0,中國國民黨,0,無黨籍及未經政黨推薦,0,無黨籍及未經政黨推薦,0,中國國民黨,0,民主進步黨,0,中國國民黨,0,無黨籍及未經政黨推薦,0,無黨籍及未經政黨推薦,0,無黨籍及未經政黨推薦,0,民主進步黨,0,無黨籍及未經政黨推薦,0,無黨籍及未經政黨推薦,0,民主進步黨,0,中國國民黨,0,無黨籍及未經政黨推薦,0,無黨籍及未經政黨推薦,0,無黨籍及未經政黨推薦,0,無黨籍及未經政黨推薦,0,民主進步黨,0,中國國民黨,0,中國國民黨,0,無黨籍及未經政黨推薦,0,民主進步黨,0,無黨籍及未經政黨推薦,0,無黨籍及未經政黨推薦,0,無黨籍及未經政黨推薦,0,無黨籍及未經政黨推薦,1426,52,1478,0,1478,502,1980,74.65
泰興里,0013,1040,民主進步黨,0,中國國民黨,0,中國國民黨,0,民主進步黨,0,民主進步黨,0,中國國民黨,0,中國國民黨,0,中國國民黨,0,中國國民黨,0,無黨籍及未經政黨推薦,0,中國國民黨,0,無黨籍及未經政黨推薦,48,民主進步黨,0,民主進步黨,0,民主進步黨,0,中國國民黨,0,民主進步黨,0,民主進步黨,0,民主進步黨,0,中國國民黨,0,民主進步黨,0,無黨籍及未經政黨推薦,0,無黨籍及未經政黨推薦,0,無黨籍及未經政黨推薦,522,中國國民黨,0,民主進步黨,0,中國國民黨,0,中國國民黨,0,無黨籍及未經政黨推薦,0,中國國民黨,0,中國國民黨,0,民主進步黨,0,無黨籍及未經政黨推薦,0,民主進步黨,0,無黨籍及未經政黨推薦,0,無黨籍及未經政黨推薦,0,中國國民黨,0,中國國民黨,0,民主進步黨,0,中國國民黨,0,中國國民黨,0,民主進步黨,0,民主進步黨,0,無黨籍及未經政黨推薦,0,中國國民黨,0,無黨籍及未經政黨推薦,0,無黨籍及未經政黨推薦,0,中國國民黨,0,民主進步黨,0,中國國民黨,0,無黨籍及未經政黨推薦,0,無黨籍及未經政黨推薦,0,無黨籍及未經政黨推薦,0,民主進步黨,0,無黨籍及未經政黨推薦,0,無黨籍及未經政黨推薦,0,民主進步黨,0,中國國民黨,0,無黨籍及未經政黨推薦,0,無黨籍及未經政黨推薦,0,無黨籍及未經政黨推薦,0,無黨籍及未經政黨推薦,0,民主進步黨,0,中國國民黨,0,中國國民黨,0,無黨籍及未經政黨推薦,0,民主進步黨,0,無黨籍及未經政黨推薦,0,無黨籍及未經政黨推薦,0,無黨籍及未經政黨推薦,0,無黨籍及未經政黨推薦,1610,58,1668,0,1668,518,2186,76.3
長興里,0014,220,民主進步黨,0,中國國民黨,0,中國國民黨,0,民主進步黨,0,民主進步黨,0,中國國民黨,0,中國國民黨,0,中國國民黨,0,中國國民黨,0,無黨籍及未經政黨推薦,0,中國國民黨,0,無黨籍及未經政黨推薦,14,民主進步黨,0,民主進步黨,0,民主進步黨,0,中國國民黨,0,民主進步黨,0,民主進步黨,0,民主進步黨,0,中國國民黨,0,民主進步黨,0,無黨籍及未經政黨推薦,0,無黨籍及未經政黨推薦,0,無黨籍及未經政黨推薦,118,中國國民黨,0,民主進步黨,0,中國國民黨,0,中國國民黨,0,無黨籍及未經政黨推薦,0,中國國民黨,0,中國國民黨,0,民主進步黨,0,無黨籍及未經政黨推薦,0,民主進步黨,0,無黨籍及未經政黨推薦,0,無黨籍及未經政黨推薦,0,中國國民黨,0,中國國民黨,0,民主進步黨,0,中國國民黨,0,中國國民黨,0,民主進步黨,0,民主進步黨,0,無黨籍及未經政黨推薦,0,中國國民黨,0,無黨籍及未經政黨推薦,0,無黨籍及未經政黨推薦,0,中國國民黨,0,民主進步黨,0,中國國民黨,0,無黨籍及未經政黨推薦,0,無黨籍及未經政黨推薦,0,無黨籍及未經政黨推薦,0,民主進步黨,0,無黨籍及未經政黨推薦,0,無黨籍及未經政黨推薦,0,民主進步黨,0,中國國民黨,0,無黨籍及未經政黨推薦,0,無黨籍及未經政黨推薦,0,無黨籍及未經政黨推薦,0,無黨籍及未經政黨推薦,0,民主進步黨,0,中國國民黨,0,中國國民黨,0,無黨籍及未經政黨推薦,0,民主進步黨,0,無黨籍及未經政黨推薦,0,無黨籍及未經政黨推薦,0,無黨籍及未經政黨推薦,0,無黨籍及未經政黨推薦,352,12,364,0,364,152,516,70.54
龍山里,0015,502,民主進步黨,0,中國國民黨,0,中國國民黨,0,民主進步黨,0,民主進步黨,0,中國國民黨,0,中國國民黨,0,中國國民黨,0,中國國民黨,0,無黨籍及未經政黨推薦,0,中國國民黨,0,無黨籍及未經政黨推薦,28,民主進步黨,0,民主進步黨,0,民主進步黨,0,中國國民黨,0,民主進步黨,0,民主進步黨,0,民主進步黨,0,中國國民黨,0,民主進步黨,0,無黨籍及未經政黨推薦,0,無黨籍及未經政黨推薦,0,無黨籍及未經政黨推薦,266,中國國民黨,0,民主進步黨,0,中國國民黨,0,中國國民黨,0,無黨籍及未經政黨推薦,0,中國國民黨,0,中國國民黨,0,民主進步黨,0,無黨籍及未經政黨推薦,0,民主進步黨,0,無黨籍及未經政黨推薦,0,無黨籍及未經政黨推薦,0,中國國民黨,0,中國國民黨,0,民主進步黨,0,中國國民黨,0,中國國民黨,0,民主進步黨,0,民主進步黨,0,無黨籍及未經政黨推薦,0,中國國民黨,0,無黨籍及未經政黨推薦,0,無黨籍及未經政黨推薦,0,中國國民黨,0,民主進步黨,0,中國國民黨,0,無黨籍及未經政黨推薦,0,無黨籍及未經政黨推薦,0,無黨籍及未經政黨推薦,0,民主進步黨,0,無黨籍及未經政黨推薦,0,無黨籍及未經政黨推薦,0,民主進步黨,0,中國國民黨,0,無黨籍及未經政黨推薦,0,無黨籍及未經政黨推薦,0,無黨籍及未經政黨推薦,0,無黨籍及未經政黨推薦,0,民主進步黨,0,中國國民黨,0,中國國民黨,0,無黨籍及未經政黨推薦,0,民主進步黨,0,無黨籍及未經政黨推薦,0,無黨籍及未經政黨推薦,0,無黨籍及未經政黨推薦,0,無黨籍及未經政黨推薦,796,36,832,0,832,322,1154,72.1
興化里,0016,500,民主進步黨,0,中國國民黨,0,中國國民黨,0,民主進步黨,0,民主進步黨,0,中國國民黨,0,中國國民黨,0,中國國民黨,0,中國國民黨,0,無黨籍及未經政黨推薦,0,中國國民黨,0,無黨籍及未經政黨推薦,12,民主進步黨,0,民主進步黨,0,民主進步黨,0,中國國民黨,0,民主進步黨,0,民主進步黨,0,民主進步黨,0,中國國民黨,0,民主進步黨,0,無黨籍及未經政黨推薦,0,無黨籍及未經政黨推薦,0,無黨籍及未經政黨推薦,242,中國國民黨,0,民主進步黨,0,中國國民黨,0,中國國民黨,0,無黨籍及未經政黨推薦,0,中國國民黨,0,中國國民黨,0,民主進步黨,0,無黨籍及未經政黨推薦,0,民主進步黨,0,無黨籍及未經政黨推薦,0,無黨籍及未經政黨推薦,0,中國國民黨,0,中國國民黨,0,民主進步黨,0,中國國民黨,0,中國國民黨,0,民主進步黨,0,民主進步黨,0,無黨籍及未經政黨推薦,0,中國國民黨,0,無黨籍及未經政黨推薦,0,無黨籍及未經政黨推薦,0,中國國民黨,0,民主進步黨,0,中國國民黨,0,無黨籍及未經政黨推薦,0,無黨籍及未經政黨推薦,0,無黨籍及未經政黨推薦,0,民主進步黨,0,無黨籍及未經政黨推薦,0,無黨籍及未經政黨推薦,0,民主進步黨,0,中國國民黨,0,無黨籍及未經政黨推薦,0,無黨籍及未經政黨推薦,0,無黨籍及未經政黨推薦,0,無黨籍及未經政黨推薦,0,民主進步黨,0,中國國民黨,0,中國國民黨,0,無黨籍及未經政黨推薦,0,民主進步黨,0,無黨籍及未經政黨推薦,0,無黨籍及未經政黨推薦,0,無黨籍及未經政黨推薦,0,無黨籍及未經政黨推薦,754,28,782,0,782,302,1084,72.14
菜園里,0017,868,民主進步黨,0,中國國民黨,0,中國國民黨,0,民主進步黨,0,民主進步黨,0,中國國民黨,0,中國國民黨,0,中國國民黨,0,中國國民黨,0,無黨籍及未經政黨推薦,0,中國國民黨,0,無黨籍及未經政黨推薦,46,民主進步黨,0,民主進步黨,0,民主進步黨,0,中國國民黨,0,民主進步黨,0,民主進步黨,0,民主進步黨,0,中國國民黨,0,民主進步黨,0,無黨籍及未經政黨推薦,0,無黨籍及未經政黨推薦,0,無黨籍及未經政黨推薦,272,中國國民黨,0,民主進步黨,0,中國國民黨,0,中國國民黨,0,無黨籍及未經政黨推薦,0,中國國民黨,0,中國國民黨,0,民主進步黨,0,無黨籍及未經政黨推薦,0,民主進步黨,0,無黨籍及未經政黨推薦,0,無黨籍及未經政黨推薦,0,中國國民黨,0,中國國民黨,0,民主進步黨,0,中國國民黨,0,中國國民黨,0,民主進步黨,0,民主進步黨,0,無黨籍及未經政黨推薦,0,中國國民黨,0,無黨籍及未經政黨推薦,0,無黨籍及未經政黨推薦,0,中國國民黨,0,民主進步黨,0,中國國民黨,0,無黨籍及未經政黨推薦,0,無黨籍及未經政黨推薦,0,無黨籍及未經政黨推薦,0,民主進步黨,0,無黨籍及未經政黨推薦,0,無黨籍及未經政黨推薦,0,民主進步黨,0,中國國民黨,0,無黨籍及未經政黨推薦,0,無黨籍及未經政黨推薦,0,無黨籍及未經政黨推薦,0,無黨籍及未經政黨推薦,0,民主進步黨,0,中國國民黨,0,中國國民黨,0,無黨籍及未經政黨推薦,0,民主進步黨,0,無黨籍及未經政黨推薦,0,無黨籍及未經政黨推薦,0,無黨籍及未經政黨推薦,0,無黨籍及未經政黨推薦,1186,42,1228,0,1228,376,1604,76.56
街尾里,0018,2006,民主進步黨,0,中國國民黨,0,中國國民黨,0,民主進步黨,0,民主進步黨,0,中國國民黨,0,中國國民黨,0,中國國民黨,0,中國國民黨,0,無黨籍及未經政黨推薦,0,中國國民黨,0,無黨籍及未經政黨推薦,70,民主進步黨,0,民主進步黨,0,民主進步黨,0,中國國民黨,0,民主進步黨,0,民主進步黨,0,民主進步黨,0,中國國民黨,0,民主進步黨,0,無黨籍及未經政黨推薦,0,無黨籍及未經政黨推薦,0,無黨籍及未經政黨推薦,1054,中國國民黨,0,民主進步黨,0,中國國民黨,0,中國國民黨,0,無黨籍及未經政黨推薦,0,中國國民黨,0,中國國民黨,0,民主進步黨,0,無黨籍及未經政黨推薦,0,民主進步黨,0,無黨籍及未經政黨推薦,0,無黨籍及未經政黨推薦,0,中國國民黨,0,中國國民黨,0,民主進步黨,0,中國國民黨,0,中國國民黨,0,民主進步黨,0,民主進步黨,0,無黨籍及未經政黨推薦,0,中國國民黨,0,無黨籍及未經政黨推薦,0,無黨籍及未經政黨推薦,0,中國國民黨,0,民主進步黨,0,中國國民黨,0,無黨籍及未經政黨推薦,0,無黨籍及未經政黨推薦,0,無黨籍及未經政黨推薦,0,民主進步黨,0,無黨籍及未經政黨推薦,0,無黨籍及未經政黨推薦,0,民主進步黨,0,中國國民黨,0,無黨籍及未經政黨推薦,0,無黨籍及未經政黨推薦,0,無黨籍及未經政黨推薦,0,無黨籍及未經政黨推薦,0,民主進步黨,0,中國國民黨,0,中國國民黨,0,無黨籍及未經政黨推薦,0,民主進步黨,0,無黨籍及未經政黨推薦,0,無黨籍及未經政黨推薦,0,無黨籍及未經政黨推薦,0,無黨籍及未經政黨推薦,3130,70,3200,0,3200,986,4186,76.45
頂番里,0019,2568,民主進步黨,0,中國國民黨,0,中國國民黨,0,民主進步黨,0,民主進步黨,0,中國國民黨,0,中國國民黨,0,中國國民黨,0,中國國民黨,0,無黨籍及未經政黨推薦,0,中國國民黨,0,無黨籍及未經政黨推薦,156,民主進步黨,0,民主進步黨,0,民主進步黨,0,中國國民黨,0,民主進步黨,0,民主進步黨,0,民主進步黨,0,中國國民黨,0,民主進步黨,0,無黨籍及未經政黨推薦,0,無黨籍及未經政黨推薦,0,無黨籍及未經政黨推薦,2518,中國國民黨,0,民主進步黨,0,中國國民黨,0,中國國民黨,0,無黨籍及未經政黨推薦,0,中國國民黨,0,中國國民黨,0,民主進步黨,0,無黨籍及未經政黨推薦,0,民主進步黨,0,無黨籍及未經政黨推薦,0,無黨籍及未經政黨推薦,0,中國國民黨,0,中國國民黨,0,民主進步黨,0,中國國民黨,0,中國國民黨,0,民主進步黨,0,民主進步黨,0,無黨籍及未經政黨推薦,0,中國國民黨,0,無黨籍及未經政黨推薦,0,無黨籍及未經政黨推薦,0,中國國民黨,0,民主進步黨,0,中國國民黨,0,無黨籍及未經政黨推薦,0,無黨籍及未經政黨推薦,0,無黨籍及未經政黨推薦,0,民主進步黨,0,無黨籍及未經政黨推薦,0,無黨籍及未經政黨推薦,0,民主進步黨,0,中國國民黨,0,無黨籍及未經政黨推薦,0,無黨籍及未經政黨推薦,0,無黨籍及未經政黨推薦,0,無黨籍及未經政黨推薦,0,民主進步黨,0,中國國民黨,0,中國國民黨,0,無黨籍及未經政黨推薦,0,民主進步黨,0,無黨籍及未經政黨推薦,0,無黨籍及未經政黨推薦,0,無黨籍及未經政黨推薦,0,無黨籍及未經政黨推薦,5242,174,5416,0,5416,2068,7484,72.37
頭崙里,0020,1742,民主進步黨,0,中國國民黨,0,中國國民黨,0,民主進步黨,0,民主進步黨,0,中國國民黨,0,中國國民黨,0,中國國民黨,0,中國國民黨,0,無黨籍及未經政黨推薦,0,中國國民黨,0,無黨籍及未經政黨推薦,68,民主進步黨,0,民主進步黨,0,民主進步黨,0,中國國民黨,0,民主進步黨,0,民主進步黨,0,民主進步黨,0,中國國民黨,0,民主進步黨,0,無黨籍及未經政黨推薦,0,無黨籍及未經政黨推薦,0,無黨籍及未經政黨推薦,1580,中國國民黨,0,民主進步黨,0,中國國民黨,0,中國國民黨,0,無黨籍及未經政黨推薦,0,中國國民黨,0,中國國民黨,0,民主進步黨,0,無黨籍及未經政黨推薦,0,民主進步黨,0,無黨籍及未經政黨推薦,0,無黨籍及未經政黨推薦,0,中國國民黨,0,中國國民黨,0,民主進步黨,0,中國國民黨,0,中國國民黨,0,民主進步黨,0,民主進步黨,0,無黨籍及未經政黨推薦,0,中國國民黨,0,無黨籍及未經政黨推薦,0,無黨籍及未經政黨推薦,0,中國國民黨,0,民主進步黨,0,中國國民黨,0,無黨籍及未經政黨推薦,0,無黨籍及未經政黨推薦,0,無黨籍及未經政黨推薦,0,民主進步黨,0,無黨籍及未經政黨推薦,0,無黨籍及未經政黨推薦,0,民主進步黨,0,中國國民黨,0,無黨籍及未經政黨推薦,0,無黨籍及未經政黨推薦,0,無黨籍及未經政黨推薦,0,無黨籍及未經政黨推薦,0,民主進步黨,0,中國國民黨,0,中國國民黨,0,無黨籍及未經政黨推薦,0,民主進步黨,0,無黨籍及未經政黨推薦,0,無黨籍及未經政黨推薦,0,無黨籍及未經政黨推薦,0,無黨籍及未經政黨推薦,3390,96,3486,0,3486,1328,4814,72.41
廖厝里,0021,3218,民主進步黨,0,中國國民黨,0,中國國民黨,0,民主進步黨,0,民主進步黨,0,中國國民黨,0,中國國民黨,0,中國國民黨,0,中國國民黨,0,無黨籍及未經政黨推薦,0,中國國民黨,0,無黨籍及未經政黨推薦,132,民主進步黨,0,民主進步黨,0,民主進步黨,0,中國國民黨,0,民主進步黨,0,民主進步黨,0,民主進步黨,0,中國國民黨,0,民主進步黨,0,無黨籍及未經政黨推薦,0,無黨籍及未經政黨推薦,0,無黨籍及未經政黨推薦,2544,中國國民黨,0,民主進步黨,0,中國國民黨,0,中國國民黨,0,無黨籍及未經政黨推薦,0,中國國民黨,0,中國國民黨,0,民主進步黨,0,無黨籍及未經政黨推薦,0,民主進步黨,0,無黨籍及未經政黨推薦,0,無黨籍及未經政黨推薦,0,中國國民黨,0,中國國民黨,0,民主進步黨,0,中國國民黨,0,中國國民黨,0,民主進步黨,0,民主進步黨,0,無黨籍及未經政黨推薦,0,中國國民黨,0,無黨籍及未經政黨推薦,0,無黨籍及未經政黨推薦,0,中國國民黨,0,民主進步黨,0,中國國民黨,0,無黨籍及未經政黨推薦,0,無黨籍及未經政黨推薦,0,無黨籍及未經政黨推薦,0,民主進步黨,0,無黨籍及未經政黨推薦,0,無黨籍及未經政黨推薦,0,民主進步黨,0,中國國民黨,0,無黨籍及未經政黨推薦,0,無黨籍及未經政黨推薦,0,無黨籍及未經政黨推薦,0,無黨籍及未經政黨推薦,0,民主進步黨,0,中國國民黨,0,中國國民黨,0,無黨籍及未經政黨推薦,0,民主進步黨,0,無黨籍及未經政黨推薦,0,無黨籍及未經政黨推薦,0,無黨籍及未經政黨推薦,0,無黨籍及未經政黨推薦,5894,192,6086,0,6086,2152,8238,73.88
溝墘里,0022,2848,民主進步黨,0,中國國民黨,0,中國國民黨,0,民主進步黨,0,民主進步黨,0,中國國民黨,0,中國國民黨,0,中國國民黨,0,中國國民黨,0,無黨籍及未經政黨推薦,0,中國國民黨,0,無黨籍及未經政黨推薦,194,民主進步黨,0,民主進步黨,0,民主進步黨,0,中國國民黨,0,民主進步黨,0,民主進步黨,0,民主進步黨,0,中國國民黨,0,民主進步黨,0,無黨籍及未經政黨推薦,0,無黨籍及未經政黨推薦,0,無黨籍及未經政黨推薦,2718,中國國民黨,0,民主進步黨,0,中國國民黨,0,中國國民黨,0,無黨籍及未經政黨推薦,0,中國國民黨,0,中國國民黨,0,民主進步黨,0,無黨籍及未經政黨推薦,0,民主進步黨,0,無黨籍及未經政黨推薦,0,無黨籍及未經政黨推薦,0,中國國民黨,0,中國國民黨,0,民主進步黨,0,中國國民黨,0,中國國民黨,0,民主進步黨,0,民主進步黨,0,無黨籍及未經政黨推薦,0,中國國民黨,0,無黨籍及未經政黨推薦,0,無黨籍及未經政黨推薦,0,中國國民黨,0,民主進步黨,0,中國國民黨,0,無黨籍及未經政黨推薦,0,無黨籍及未經政黨推薦,0,無黨籍及未經政黨推薦,0,民主進步黨,0,無黨籍及未經政黨推薦,0,無黨籍及未經政黨推薦,0,民主進步黨,0,中國國民黨,0,無黨籍及未經政黨推薦,0,無黨籍及未經政黨推薦,0,無黨籍及未經政黨推薦,0,無黨籍及未經政黨推薦,0,民主進步黨,0,中國國民黨,0,中國國民黨,0,無黨籍及未經政黨推薦,0,民主進步黨,0,無黨籍及未經政黨推薦,0,無黨籍及未經政黨推薦,0,無黨籍及未經政黨推薦,0,無黨籍及未經政黨推薦,5760,178,5938,0,5938,1938,7876,75.39
草中里,0023,2070,民主進步黨,0,中國國民黨,0,中國國民黨,0,民主進步黨,0,民主進步黨,0,中國國民黨,0,中國國民黨,0,中國國民黨,0,中國國民黨,0,無黨籍及未經政黨推薦,0,中國國民黨,0,無黨籍及未經政黨推薦,122,民主進步黨,0,民主進步黨,0,民主進步黨,0,中國國民黨,0,民主進步黨,0,民主進步黨,0,民主進步黨,0,中國國民黨,0,民主進步黨,0,無黨籍及未經政黨推薦,0,無黨籍及未經政黨推薦,0,無黨籍及未經政黨推薦,2058,中國國民黨,0,民主進步黨,0,中國國民黨,0,中國國民黨,0,無黨籍及未經政黨推薦,0,中國國民黨,0,中國國民黨,0,民主進步黨,0,無黨籍及未經政黨推薦,0,民主進步黨,0,無黨籍及未經政黨推薦,0,無黨籍及未經政黨推薦,0,中國國民黨,0,中國國民黨,0,民主進步黨,0,中國國民黨,0,中國國民黨,0,民主進步黨,0,民主進步黨,0,無黨籍及未經政黨推薦,0,中國國民黨,0,無黨籍及未經政黨推薦,0,無黨籍及未經政黨推薦,0,中國國民黨,0,民主進步黨,0,中國國民黨,0,無黨籍及未經政黨推薦,0,無黨籍及未經政黨推薦,0,無黨籍及未經政黨推薦,0,民主進步黨,0,無黨籍及未經政黨推薦,0,無黨籍及未經政黨推薦,0,民主進步黨,0,中國國民黨,0,無黨籍及未經政黨推薦,0,無黨籍及未經政黨推薦,0,無黨籍及未經政黨推薦,0,無黨籍及未經政黨推薦,0,民主進步黨,0,中國國民黨,0,中國國民黨,0,無黨籍及未經政黨推薦,0,民主進步黨,0,無黨籍及未經政黨推薦,0,無黨籍及未經政黨推薦,0,無黨籍及未經政黨推薦,0,無黨籍及未經政黨推薦,4250,140,4390,0,4390,1720,6110,71.85
頭南里,0024,1358,民主進步黨,0,中國國民黨,0,中國國民黨,0,民主進步黨,0,民主進步黨,0,中國國民黨,0,中國國民黨,0,中國國民黨,0,中國國民黨,0,無黨籍及未經政黨推薦,0,中國國民黨,0,無黨籍及未經政黨推薦,90,民主進步黨,0,民主進步黨,0,民主進步黨,0,中國國民黨,0,民主進步黨,0,民主進步黨,0,民主進步黨,0,中國國民黨,0,民主進步黨,0,無黨籍及未經政黨推薦,0,無黨籍及未經政黨推薦,0,無黨籍及未經政黨推薦,1554,中國國民黨,0,民主進步黨,0,中國國民黨,0,中國國民黨,0,無黨籍及未經政黨推薦,0,中國國民黨,0,中國國民黨,0,民主進步黨,0,無黨籍及未經政黨推薦,0,民主進步黨,0,無黨籍及未經政黨推薦,0,無黨籍及未經政黨推薦,0,中國國民黨,0,中國國民黨,0,民主進步黨,0,中國國民黨,0,中國國民黨,0,民主進步黨,0,民主進步黨,0,無黨籍及未經政黨推薦,0,中國國民黨,0,無黨籍及未經政黨推薦,0,無黨籍及未經政黨推薦,0,中國國民黨,0,民主進步黨,0,中國國民黨,0,無黨籍及未經政黨推薦,0,無黨籍及未經政黨推薦,0,無黨籍及未經政黨推薦,0,民主進步黨,0,無黨籍及未經政黨推薦,0,無黨籍及未經政黨推薦,0,民主進步黨,0,中國國民黨,0,無黨籍及未經政黨推薦,0,無黨籍及未經政黨推薦,0,無黨籍及未經政黨推薦,0,無黨籍及未經政黨推薦,0,民主進步黨,0,中國國民黨,0,中國國民黨,0,無黨籍及未經政黨推薦,0,民主進步黨,0,無黨籍及未經政黨推薦,0,無黨籍及未經政黨推薦,0,無黨籍及未經政黨推薦,0,無黨籍及未經政黨推薦,3002,76,3078,0,3078,1138,4216,73.01
山崙里,0025,2206,民主進步黨,0,中國國民黨,0,中國國民黨,0,民主進步黨,0,民主進步黨,0,中國國民黨,0,中國國民黨,0,中國國民黨,0,中國國民黨,0,無黨籍及未經政黨推薦,0,中國國民黨,0,無黨籍及未經政黨推薦,124,民主進步黨,0,民主進步黨,0,民主進步黨,0,中國國民黨,0,民主進步黨,0,民主進步黨,0,民主進步黨,0,中國國民黨,0,民主進步黨,0,無黨籍及未經政黨推薦,0,無黨籍及未經政黨推薦,0,無黨籍及未經政黨推薦,1728,中國國民黨,0,民主進步黨,0,中國國民黨,0,中國國民黨,0,無黨籍及未經政黨推薦,0,中國國民黨,0,中國國民黨,0,民主進步黨,0,無黨籍及未經政黨推薦,0,民主進步黨,0,無黨籍及未經政黨推薦,0,無黨籍及未經政黨推薦,0,中國國民黨,0,中國國民黨,0,民主進步黨,0,中國國民黨,0,中國國民黨,0,民主進步黨,0,民主進步黨,0,無黨籍及未經政黨推薦,0,中國國民黨,0,無黨籍及未經政黨推薦,0,無黨籍及未經政黨推薦,0,中國國民黨,0,民主進步黨,0,中國國民黨,0,無黨籍及未經政黨推薦,0,無黨籍及未經政黨推薦,0,無黨籍及未經政黨推薦,0,民主進步黨,0,無黨籍及未經政黨推薦,0,無黨籍及未經政黨推薦,0,民主進步黨,0,中國國民黨,0,無黨籍及未經政黨推薦,0,無黨籍及未經政黨推薦,0,無黨籍及未經政黨推薦,0,無黨籍及未經政黨推薦,0,民主進步黨,0,中國國民黨,0,中國國民黨,0,無黨籍及未經政黨推薦,0,民主進步黨,0,無黨籍及未經政黨推薦,0,無黨籍及未經政黨推薦,0,無黨籍及未經政黨推薦,0,無黨籍及未經政黨推薦,4058,124,4182,0,4182,1588,5770,72.48
海埔里,0026,2924,民主進步黨,0,中國國民黨,0,中國國民黨,0,民主進步黨,0,民主進步黨,0,中國國民黨,0,中國國民黨,0,中國國民黨,0,中國國民黨,0,無黨籍及未經政黨推薦,0,中國國民黨,0,無黨籍及未經政黨推薦,158,民主進步黨,0,民主進步黨,0,民主進步黨,0,中國國民黨,0,民主進步黨,0,民主進步黨,0,民主進步黨,0,中國國民黨,0,民主進步黨,0,無黨籍及未經政黨推薦,0,無黨籍及未經政黨推薦,0,無黨籍及未經政黨推薦,1582,中國國民黨,0,民主進步黨,0,中國國民黨,0,中國國民黨,0,無黨籍及未經政黨推薦,0,中國國民黨,0,中國國民黨,0,民主進步黨,0,無黨籍及未經政黨推薦,0,民主進步黨,0,無黨籍及未經政黨推薦,0,無黨籍及未經政黨推薦,0,中國國民黨,0,中國國民黨,0,民主進步黨,0,中國國民黨,0,中國國民黨,0,民主進步黨,0,民主進步黨,0,無黨籍及未經政黨推薦,0,中國國民黨,0,無黨籍及未經政黨推薦,0,無黨籍及未經政黨推薦,0,中國國民黨,0,民主進步黨,0,中國國民黨,0,無黨籍及未經政黨推薦,0,無黨籍及未經政黨推薦,0,無黨籍及未經政黨推薦,0,民主進步黨,0,無黨籍及未經政黨推薦,0,無黨籍及未經政黨推薦,0,民主進步黨,0,中國國民黨,0,無黨籍及未經政黨推薦,0,無黨籍及未經政黨推薦,0,無黨籍及未經政黨推薦,0,無黨籍及未經政黨推薦,0,民主進步黨,0,中國國民黨,0,中國國民黨,0,無黨籍及未經政黨推薦,0,民主進步黨,0,無黨籍及未經政黨推薦,0,無黨籍及未經政黨推薦,0,無黨籍及未經政黨推薦,0,無黨籍及未經政黨推薦,4664,174,4838,0,4838,2158,6996,69.15
詔安里,0027,1700,民主進步黨,0,中國國民黨,0,中國國民黨,0,民主進步黨,0,民主進步黨,0,中國國民黨,0,中國國民黨,0,中國國民黨,0,中國國民黨,0,無黨籍及未經政黨推薦,0,中國國民黨,0,無黨籍及未經政黨推薦,72,民主進步黨,0,民主進步黨,0,民主進步黨,0,中國國民黨,0,民主進步黨,0,民主進步黨,0,民主進步黨,0,中國國民黨,0,民主進步黨,0,無黨籍及未經政黨推薦,0,無黨籍及未經政黨推薦,0,無黨籍及未經政黨推薦,1090,中國國民黨,0,民主進步黨,0,中國國民黨,0,中國國民黨,0,無黨籍及未經政黨推薦,0,中國國民黨,0,中國國民黨,0,民主進步黨,0,無黨籍及未經政黨推薦,0,民主進步黨,0,無黨籍及未經政黨推薦,0,無黨籍及未經政黨推薦,0,中國國民黨,0,中國國民黨,0,民主進步黨,0,中國國民黨,0,中國國民黨,0,民主進步黨,0,民主進步黨,0,無黨籍及未經政黨推薦,0,中國國民黨,0,無黨籍及未經政黨推薦,0,無黨籍及未經政黨推薦,0,中國國民黨,0,民主進步黨,0,中國國民黨,0,無黨籍及未經政黨推薦,0,無黨籍及未經政黨推薦,0,無黨籍及未經政黨推薦,0,民主進步黨,0,無黨籍及未經政黨推薦,0,無黨籍及未經政黨推薦,0,民主進步黨,0,中國國民黨,0,無黨籍及未經政黨推薦,0,無黨籍及未經政黨推薦,0,無黨籍及未經政黨推薦,0,無黨籍及未經政黨推薦,0,民主進步黨,0,中國國民黨,0,中國國民黨,0,無黨籍及未經政黨推薦,0,民主進步黨,0,無黨籍及未經政黨推薦,0,無黨籍及未經政黨推薦,0,無黨籍及未經政黨推薦,0,無黨籍及未經政黨推薦,2862,86,2948,0,2948,1148,4096,71.97
洋厝里,0028,1792,民主進步黨,0,中國國民黨,0,中國國民黨,0,民主進步黨,0,民主進步黨,0,中國國民黨,0,中國國民黨,0,中國國民黨,0,中國國民黨,0,無黨籍及未經政黨推薦,0,中國國民黨,0,無黨籍及未經政黨推薦,122,民主進步黨,0,民主進步黨,0,民主進步黨,0,中國國民黨,0,民主進步黨,0,民主進步黨,0,民主進步黨,0,中國國民黨,0,民主進步黨,0,無黨籍及未經政黨推薦,0,無黨籍及未經政黨推薦,0,無黨籍及未經政黨推薦,1300,中國國民黨,0,民主進步黨,0,中國國民黨,0,中國國民黨,0,無黨籍及未經政黨推薦,0,中國國民黨,0,中國國民黨,0,民主進步黨,0,無黨籍及未經政黨推薦,0,民主進步黨,0,無黨籍及未經政黨推薦,0,無黨籍及未經政黨推薦,0,中國國民黨,0,中國國民黨,0,民主進步黨,0,中國國民黨,0,中國國民黨,0,民主進步黨,0,民主進步黨,0,無黨籍及未經政黨推薦,0,中國國民黨,0,無黨籍及未經政黨推薦,0,無黨籍及未經政黨推薦,0,中國國民黨,0,民主進步黨,0,中國國民黨,0,無黨籍及未經政黨推薦,0,無黨籍及未經政黨推薦,0,無黨籍及未經政黨推薦,0,民主進步黨,0,無黨籍及未經政黨推薦,0,無黨籍及未經政黨推薦,0,民主進步黨,0,中國國民黨,0,無黨籍及未經政黨推薦,0,無黨籍及未經政黨推薦,0,無黨籍及未經政黨推薦,0,無黨籍及未經政黨推薦,0,民主進步黨,0,中國國民黨,0,中國國民黨,0,無黨籍及未經政黨推薦,0,民主進步黨,0,無黨籍及未經政黨推薦,0,無黨籍及未經政黨推薦,0,無黨籍及未經政黨推薦,0,無黨籍及未經政黨推薦,3214,104,3318,0,3318,1292,4610,71.97
永安里,0029,3832,民主進步黨,0,中國國民黨,0,中國國民黨,0,民主進步黨,0,民主進步黨,0,中國國民黨,0,中國國民黨,0,中國國民黨,0,中國國民黨,0,無黨籍及未經政黨推薦,0,中國國民黨,0,無黨籍及未經政黨推薦,152,民主進步黨,0,民主進步黨,0,民主進步黨,0,中國國民黨,0,民主進步黨,0,民主進步黨,0,民主進步黨,0,中國國民黨,0,民主進步黨,0,無黨籍及未經政黨推薦,0,無黨籍及未經政黨推薦,0,無黨籍及未經政黨推薦,1986,中國國民黨,0,民主進步黨,0,中國國民黨,0,中國國民黨,0,無黨籍及未經政黨推薦,0,中國國民黨,0,中國國民黨,0,民主進步黨,0,無黨籍及未經政黨推薦,0,民主進步黨,0,無黨籍及未經政黨推薦,0,無黨籍及未經政黨推薦,0,中國國民黨,0,中國國民黨,0,民主進步黨,0,中國國民黨,0,中國國民黨,0,民主進步黨,0,民主進步黨,0,無黨籍及未經政黨推薦,0,中國國民黨,0,無黨籍及未經政黨推薦,0,無黨籍及未經政黨推薦,0,中國國民黨,0,民主進步黨,0,中國國民黨,0,無黨籍及未經政黨推薦,0,無黨籍及未經政黨推薦,0,無黨籍及未經政黨推薦,0,民主進步黨,0,無黨籍及未經政黨推薦,0,無黨籍及未經政黨推薦,0,民主進步黨,0,中國國民黨,0,無黨籍及未經政黨推薦,0,無黨籍及未經政黨推薦,0,無黨籍及未經政黨推薦,0,無黨籍及未經政黨推薦,0,民主進步黨,0,中國國民黨,0,中國國民黨,0,無黨籍及未經政黨推薦,0,民主進步黨,0,無黨籍及未經政黨推薦,0,無黨籍及未經政黨推薦,0,無黨籍及未經政黨推薦,0,無黨籍及未經政黨推薦,5970,152,6122,0,6122,2358,8480,72.19
鹿和里,0030,1984,民主進步黨,0,中國國民黨,0,中國國民黨,0,民主進步黨,0,民主進步黨,0,中國國民黨,0,中國國民黨,0,中國國民黨,0,中國國民黨,0,無黨籍及未經政黨推薦,0,中國國民黨,0,無黨籍及未經政黨推薦,94,民主進步黨,0,民主進步黨,0,民主進步黨,0,中國國民黨,0,民主進步黨,0,民主進步黨,0,民主進步黨,0,中國國民黨,0,民主進步黨,0,無黨籍及未經政黨推薦,0,無黨籍及未經政黨推薦,0,無黨籍及未經政黨推薦,1090,中國國民黨,0,民主進步黨,0,中國國民黨,0,中國國民黨,0,無黨籍及未經政黨推薦,0,中國國民黨,0,中國國民黨,0,民主進步黨,0,無黨籍及未經政黨推薦,0,民主進步黨,0,無黨籍及未經政黨推薦,0,無黨籍及未經政黨推薦,0,中國國民黨,0,中國國民黨,0,民主進步黨,0,中國國民黨,0,中國國民黨,0,民主進步黨,0,民主進步黨,0,無黨籍及未經政黨推薦,0,中國國民黨,0,無黨籍及未經政黨推薦,0,無黨籍及未經政黨推薦,0,中國國民黨,0,民主進步黨,0,中國國民黨,0,無黨籍及未經政黨推薦,0,無黨籍及未經政黨推薦,0,無黨籍及未經政黨推薦,0,民主進步黨,0,無黨籍及未經政黨推薦,0,無黨籍及未經政黨推薦,0,民主進步黨,0,中國國民黨,0,無黨籍及未經政黨推薦,0,無黨籍及未經政黨推薦,0,無黨籍及未經政黨推薦,0,無黨籍及未經政黨推薦,0,民主進步黨,0,中國國民黨,0,中國國民黨,0,無黨籍及未經政黨推薦,0,民主進步黨,0,無黨籍及未經政黨推薦,0,無黨籍及未經政黨推薦,0,無黨籍及未經政黨推薦,0,無黨籍及未經政黨推薦,3168,142,3310,0,3310,1260,4570,72.43
鹿東里,0031,2266,民主進步黨,0,中國國民黨,0,中國國民黨,0,民主進步黨,0,民主進步黨,0,中國國民黨,0,中國國民黨,0,中國國民黨,0,中國國民黨,0,無黨籍及未經政黨推薦,0,中國國民黨,0,無黨籍及未經政黨推薦,96,民主進步黨,0,民主進步黨,0,民主進步黨,0,中國國民黨,0,民主進步黨,0,民主進步黨,0,民主進步黨,0,中國國民黨,0,民主進步黨,0,無黨籍及未經政黨推薦,0,無黨籍及未經政黨推薦,0,無黨籍及未經政黨推薦,1280,中國國民黨,0,民主進步黨,0,中國國民黨,0,中國國民黨,0,無黨籍及未經政黨推薦,0,中國國民黨,0,中國國民黨,0,民主進步黨,0,無黨籍及未經政黨推薦,0,民主進步黨,0,無黨籍及未經政黨推薦,0,無黨籍及未經政黨推薦,0,中國國民黨,0,中國國民黨,0,民主進步黨,0,中國國民黨,0,中國國民黨,0,民主進步黨,0,民主進步黨,0,無黨籍及未經政黨推薦,0,中國國民黨,0,無黨籍及未經政黨推薦,0,無黨籍及未經政黨推薦,0,中國國民黨,0,民主進步黨,0,中國國民黨,0,無黨籍及未經政黨推薦,0,無黨籍及未經政黨推薦,0,無黨籍及未經政黨推薦,0,民主進步黨,0,無黨籍及未經政黨推薦,0,無黨籍及未經政黨推薦,0,民主進步黨,0,中國國民黨,0,無黨籍及未經政黨推薦,0,無黨籍及未經政黨推薦,0,無黨籍及未經政黨推薦,0,無黨籍及未經政黨推薦,0,民主進步黨,0,中國國民黨,0,中國國民黨,0,無黨籍及未經政黨推薦,0,民主進步黨,0,無黨籍及未經政黨推薦,0,無黨籍及未經政黨推薦,0,無黨籍及未經政黨推薦,0,無黨籍及未經政黨推薦,3642,98,3740,0,3740,1238,4978,75.13
竹營里,0001,4228,民主進步黨,0,中國國民黨,0,中國國民黨,0,民主進步黨,0,民主進步黨,0,中國國民黨,0,中國國民黨,0,中國國民黨,0,中國國民黨,0,無黨籍及未經政黨推薦,0,中國國民黨,0,無黨籍及未經政黨推薦,248,民主進步黨,0,民主進步黨,0,民主進步黨,0,中國國民黨,0,民主進步黨,0,民主進步黨,0,民主進步黨,0,中國國民黨,0,民主進步黨,0,無黨籍及未經政黨推薦,0,無黨籍及未經政黨推薦,0,無黨籍及未經政黨推薦,3804,中國國民黨,0,民主進步黨,0,中國國民黨,0,中國國民黨,0,無黨籍及未經政黨推薦,0,中國國民黨,0,中國國民黨,0,民主進步黨,0,無黨籍及未經政黨推薦,0,民主進步黨,0,無黨籍及未經政黨推薦,0,無黨籍及未經政黨推薦,0,中國國民黨,0,中國國民黨,0,民主進步黨,0,中國國民黨,0,中國國民黨,0,民主進步黨,0,民主進步黨,0,無黨籍及未經政黨推薦,0,中國國民黨,0,無黨籍及未經政黨推薦,0,無黨籍及未經政黨推薦,0,中國國民黨,0,民主進步黨,0,中國國民黨,0,無黨籍及未經政黨推薦,0,無黨籍及未經政黨推薦,0,無黨籍及未經政黨推薦,0,民主進步黨,0,無黨籍及未經政黨推薦,0,無黨籍及未經政黨推薦,0,民主進步黨,0,中國國民黨,0,無黨籍及未經政黨推薦,0,無黨籍及未經政黨推薦,0,無黨籍及未經政黨推薦,0,無黨籍及未經政黨推薦,0,民主進步黨,0,中國國民黨,0,中國國民黨,0,無黨籍及未經政黨推薦,0,民主進步黨,0,無黨籍及未經政黨推薦,0,無黨籍及未經政黨推薦,0,無黨籍及未經政黨推薦,0,無黨籍及未經政黨推薦,8280,238,8518,0,8518,3230,11748,72.51
和東里,0002,3036,民主進步黨,0,中國國民黨,0,中國國民黨,0,民主進步黨,0,民主進步黨,0,中國國民黨,0,中國國民黨,0,中國國民黨,0,中國國民黨,0,無黨籍及未經政黨推薦,0,中國國民黨,0,無黨籍及未經政黨推薦,182,民主進步黨,0,民主進步黨,0,民主進步黨,0,中國國民黨,0,民主進步黨,0,民主進步黨,0,民主進步黨,0,中國國民黨,0,民主進步黨,0,無黨籍及未經政黨推薦,0,無黨籍及未經政黨推薦,0,無黨籍及未經政黨推薦,2808,中國國民黨,0,民主進步黨,0,中國國民黨,0,中國國民黨,0,無黨籍及未經政黨推薦,0,中國國民黨,0,中國國民黨,0,民主進步黨,0,無黨籍及未經政黨推薦,0,民主進步黨,0,無黨籍及未經政黨推薦,0,無黨籍及未經政黨推薦,0,中國國民黨,0,中國國民黨,0,民主進步黨,0,中國國民黨,0,中國國民黨,0,民主進步黨,0,民主進步黨,0,無黨籍及未經政黨推薦,0,中國國民黨,0,無黨籍及未經政黨推薦,0,無黨籍及未經政黨推薦,0,中國國民黨,0,民主進步黨,0,中國國民黨,0,無黨籍及未經政黨推薦,0,無黨籍及未經政黨推薦,0,無黨籍及未經政黨推薦,0,民主進步黨,0,無黨籍及未經政黨推薦,0,無黨籍及未經政黨推薦,0,民主進步黨,0,中國國民黨,0,無黨籍及未經政黨推薦,0,無黨籍及未經政黨推薦,0,無黨籍及未經政黨推薦,0,無黨籍及未經政黨推薦,0,民主進步黨,0,中國國民黨,0,中國國民黨,0,無黨籍及未經政黨推薦,0,民主進步黨,0,無黨籍及未經政黨推薦,0,無黨籍及未經政黨推薦,0,無黨籍及未經政黨推薦,0,無黨籍及未經政黨推薦,6026,214,6240,0,6240,2146,8386,74.41
和南里,0003,248,民主進步黨,0,中國國民黨,0,中國國民黨,0,民主進步黨,0,民主進步黨,0,中國國民黨,0,中國國民黨,0,中國國民黨,0,中國國民黨,0,無黨籍及未經政黨推薦,0,中國國民黨,0,無黨籍及未經政黨推薦,14,民主進步黨,0,民主進步黨,0,民主進步黨,0,中國國民黨,0,民主進步黨,0,民主進步黨,0,民主進步黨,0,中國國民黨,0,民主進步黨,0,無黨籍及未經政黨推薦,0,無黨籍及未經政黨推薦,0,無黨籍及未經政黨推薦,278,中國國民黨,0,民主進步黨,0,中國國民黨,0,中國國民黨,0,無黨籍及未經政黨推薦,0,中國國民黨,0,中國國民黨,0,民主進步黨,0,無黨籍及未經政黨推薦,0,民主進步黨,0,無黨籍及未經政黨推薦,0,無黨籍及未經政黨推薦,0,中國國民黨,0,中國國民黨,0,民主進步黨,0,中國國民黨,0,中國國民黨,0,民主進步黨,0,民主進步黨,0,無黨籍及未經政黨推薦,0,中國國民黨,0,無黨籍及未經政黨推薦,0,無黨籍及未經政黨推薦,0,中國國民黨,0,民主進步黨,0,中國國民黨,0,無黨籍及未經政黨推薦,0,無黨籍及未經政黨推薦,0,無黨籍及未經政黨推薦,0,民主進步黨,0,無黨籍及未經政黨推薦,0,無黨籍及未經政黨推薦,0,民主進步黨,0,中國國民黨,0,無黨籍及未經政黨推薦,0,無黨籍及未經政黨推薦,0,無黨籍及未經政黨推薦,0,無黨籍及未經政黨推薦,0,民主進步黨,0,中國國民黨,0,中國國民黨,0,無黨籍及未經政黨推薦,0,民主進步黨,0,無黨籍及未經政黨推薦,0,無黨籍及未經政黨推薦,0,無黨籍及未經政黨推薦,0,無黨籍及未經政黨推薦,540,18,558,0,558,186,744,75.0
和北里,0004,1294,民主進步黨,0,中國國民黨,0,中國國民黨,0,民主進步黨,0,民主進步黨,0,中國國民黨,0,中國國民黨,0,中國國民黨,0,中國國民黨,0,無黨籍及未經政黨推薦,0,中國國民黨,0,無黨籍及未經政黨推薦,74,民主進步黨,0,民主進步黨,0,民主進步黨,0,中國國民黨,0,民主進步黨,0,民主進步黨,0,民主進步黨,0,中國國民黨,0,民主進步黨,0,無黨籍及未經政黨推薦,0,無黨籍及未經政黨推薦,0,無黨籍及未經政黨推薦,1170,中國國民黨,0,民主進步黨,0,中國國民黨,0,中國國民黨,0,無黨籍及未經政黨推薦,0,中國國民黨,0,中國國民黨,0,民主進步黨,0,無黨籍及未經政黨推薦,0,民主進步黨,0,無黨籍及未經政黨推薦,0,無黨籍及未經政黨推薦,0,中國國民黨,0,中國國民黨,0,民主進步黨,0,中國國民黨,0,中國國民黨,0,民主進步黨,0,民主進步黨,0,無黨籍及未經政黨推薦,0,中國國民黨,0,無黨籍及未經政黨推薦,0,無黨籍及未經政黨推薦,0,中國國民黨,0,民主進步黨,0,中國國民黨,0,無黨籍及未經政黨推薦,0,無黨籍及未經政黨推薦,0,無黨籍及未經政黨推薦,0,民主進步黨,0,無黨籍及未經政黨推薦,0,無黨籍及未經政黨推薦,0,民主進步黨,0,中國國民黨,0,無黨籍及未經政黨推薦,0,無黨籍及未經政黨推薦,0,無黨籍及未經政黨推薦,0,無黨籍及未經政黨推薦,0,民主進步黨,0,中國國民黨,0,中國國民黨,0,無黨籍及未經政黨推薦,0,民主進步黨,0,無黨籍及未經政黨推薦,0,無黨籍及未經政黨推薦,0,無黨籍及未經政黨推薦,0,無黨籍及未經政黨推薦,2538,78,2616,0,2616,972,3588,72.91
和西里,0005,2022,民主進步黨,0,中國國民黨,0,中國國民黨,0,民主進步黨,0,民主進步黨,0,中國國民黨,0,中國國民黨,0,中國國民黨,0,中國國民黨,0,無黨籍及未經政黨推薦,0,中國國民黨,0,無黨籍及未經政黨推薦,104,民主進步黨,0,民主進步黨,0,民主進步黨,0,中國國民黨,0,民主進步黨,0,民主進步黨,0,民主進步黨,0,中國國民黨,0,民主進步黨,0,無黨籍及未經政黨推薦,0,無黨籍及未經政黨推薦,0,無黨籍及未經政黨推薦,2196,中國國民黨,0,民主進步黨,0,中國國民黨,0,中國國民黨,0,無黨籍及未經政黨推薦,0,中國國民黨,0,中國國民黨,0,民主進步黨,0,無黨籍及未經政黨推薦,0,民主進步黨,0,無黨籍及未經政黨推薦,0,無黨籍及未經政黨推薦,0,中國國民黨,0,中國國民黨,0,民主進步黨,0,中國國民黨,0,中國國民黨,0,民主進步黨,0,民主進步黨,0,無黨籍及未經政黨推薦,0,中國國民黨,0,無黨籍及未經政黨推薦,0,無黨籍及未經政黨推薦,0,中國國民黨,0,民主進步黨,0,中國國民黨,0,無黨籍及未經政黨推薦,0,無黨籍及未經政黨推薦,0,無黨籍及未經政黨推薦,0,民主進步黨,0,無黨籍及未經政黨推薦,0,無黨籍及未經政黨推薦,0,民主進步黨,0,中國國民黨,0,無黨籍及未經政黨推薦,0,無黨籍及未經政黨推薦,0,無黨籍及未經政黨推薦,0,無黨籍及未經政黨推薦,0,民主進步黨,0,中國國民黨,0,中國國民黨,0,無黨籍及未經政黨推薦,0,民主進步黨,0,無黨籍及未經政黨推薦,0,無黨籍及未經政黨推薦,0,無黨籍及未經政黨推薦,0,無黨籍及未經政黨推薦,4322,148,4470,0,4470,1578,6048,73.91
四張里,0006,1964,民主進步黨,0,中國國民黨,0,中國國民黨,0,民主進步黨,0,民主進步黨,0,中國國民黨,0,中國國民黨,0,中國國民黨,0,中國國民黨,0,無黨籍及未經政黨推薦,0,中國國民黨,0,無黨籍及未經政黨推薦,106,民主進步黨,0,民主進步黨,0,民主進步黨,0,中國國民黨,0,民主進步黨,0,民主進步黨,0,民主進步黨,0,中國國民黨,0,民主進步黨,0,無黨籍及未經政黨推薦,0,無黨籍及未經政黨推薦,0,無黨籍及未經政黨推薦,1770,中國國民黨,0,民主進步黨,0,中國國民黨,0,中國國民黨,0,無黨籍及未經政黨推薦,0,中國國民黨,0,中國國民黨,0,民主進步黨,0,無黨籍及未經政黨推薦,0,民主進步黨,0,無黨籍及未經政黨推薦,0,無黨籍及未經政黨推薦,0,中國國民黨,0,中國國民黨,0,民主進步黨,0,中國國民黨,0,中國國民黨,0,民主進步黨,0,民主進步黨,0,無黨籍及未經政黨推薦,0,中國國民黨,0,無黨籍及未經政黨推薦,0,無黨籍及未經政黨推薦,0,中國國民黨,0,民主進步黨,0,中國國民黨,0,無黨籍及未經政黨推薦,0,無黨籍及未經政黨推薦,0,無黨籍及未經政黨推薦,0,民主進步黨,0,無黨籍及未經政黨推薦,0,無黨籍及未經政黨推薦,0,民主進步黨,0,中國國民黨,0,無黨籍及未經政黨推薦,0,無黨籍及未經政黨推薦,0,無黨籍及未經政黨推薦,0,無黨籍及未經政黨推薦,0,民主進步黨,0,中國國民黨,0,中國國民黨,0,無黨籍及未經政黨推薦,0,民主進步黨,0,無黨籍及未經政黨推薦,0,無黨籍及未經政黨推薦,0,無黨籍及未經政黨推薦,0,無黨籍及未經政黨推薦,3840,122,3962,0,3962,1422,5384,73.59
頭前里,0007,992,民主進步黨,0,中國國民黨,0,中國國民黨,0,民主進步黨,0,民主進步黨,0,中國國民黨,0,中國國民黨,0,中國國民黨,0,中國國民黨,0,無黨籍及未經政黨推薦,0,中國國民黨,0,無黨籍及未經政黨推薦,78,民主進步黨,0,民主進步黨,0,民主進步黨,0,中國國民黨,0,民主進步黨,0,民主進步黨,0,民主進步黨,0,中國國民黨,0,民主進步黨,0,無黨籍及未經政黨推薦,0,無黨籍及未經政黨推薦,0,無黨籍及未經政黨推薦,1190,中國國民黨,0,民主進步黨,0,中國國民黨,0,中國國民黨,0,無黨籍及未經政黨推薦,0,中國國民黨,0,中國國民黨,0,民主進步黨,0,無黨籍及未經政黨推薦,0,民主進步黨,0,無黨籍及未經政黨推薦,0,無黨籍及未經政黨推薦,0,中國國民黨,0,中國國民黨,0,民主進步黨,0,中國國民黨,0,中國國民黨,0,民主進步黨,0,民主進步黨,0,無黨籍及未經政黨推薦,0,中國國民黨,0,無黨籍及未經政黨推薦,0,無黨籍及未經政黨推薦,0,中國國民黨,0,民主進步黨,0,中國國民黨,0,無黨籍及未經政黨推薦,0,無黨籍及未經政黨推薦,0,無黨籍及未經政黨推薦,0,民主進步黨,0,無黨籍及未經政黨推薦,0,無黨籍及未經政黨推薦,0,民主進步黨,0,中國國民黨,0,無黨籍及未經政黨推薦,0,無黨籍及未經政黨推薦,0,無黨籍及未經政黨推薦,0,無黨籍及未經政黨推薦,0,民主進步黨,0,中國國民黨,0,中國國民黨,0,無黨籍及未經政黨推薦,0,民主進步黨,0,無黨籍及未經政黨推薦,0,無黨籍及未經政黨推薦,0,無黨籍及未經政黨推薦,0,無黨籍及未經政黨推薦,2260,68,2328,0,2328,904,3232,72.03
還社里,0008,534,民主進步黨,0,中國國民黨,0,中國國民黨,0,民主進步黨,0,民主進步黨,0,中國國民黨,0,中國國民黨,0,中國國民黨,0,中國國民黨,0,無黨籍及未經政黨推薦,0,中國國民黨,0,無黨籍及未經政黨推薦,42,民主進步黨,0,民主進步黨,0,民主進步黨,0,中國國民黨,0,民主進步黨,0,民主進步黨,0,民主進步黨,0,中國國民黨,0,民主進步黨,0,無黨籍及未經政黨推薦,0,無黨籍及未經政黨推薦,0,無黨籍及未經政黨推薦,668,中國國民黨,0,民主進步黨,0,中國國民黨,0,中國國民黨,0,無黨籍及未經政黨推薦,0,中國國民黨,0,中國國民黨,0,民主進步黨,0,無黨籍及未經政黨推薦,0,民主進步黨,0,無黨籍及未經政黨推薦,0,無黨籍及未經政黨推薦,0,中國國民黨,0,中國國民黨,0,民主進步黨,0,中國國民黨,0,中國國民黨,0,民主進步黨,0,民主進步黨,0,無黨籍及未經政黨推薦,0,中國國民黨,0,無黨籍及未經政黨推薦,0,無黨籍及未經政黨推薦,0,中國國民黨,0,民主進步黨,0,中國國民黨,0,無黨籍及未經政黨推薦,0,無黨籍及未經政黨推薦,0,無黨籍及未經政黨推薦,0,民主進步黨,0,無黨籍及未經政黨推薦,0,無黨籍及未經政黨推薦,0,民主進步黨,0,中國國民黨,0,無黨籍及未經政黨推薦,0,無黨籍及未經政黨推薦,0,無黨籍及未經政黨推薦,0,無黨籍及未經政黨推薦,0,民主進步黨,0,中國國民黨,0,中國國民黨,0,無黨籍及未經政黨推薦,0,民主進步黨,0,無黨籍及未經政黨推薦,0,無黨籍及未經政黨推薦,0,無黨籍及未經政黨推薦,0,無黨籍及未經政黨推薦,1244,34,1278,0,1278,370,1648,77.55
面前里,0009,1528,民主進步黨,0,中國國民黨,0,中國國民黨,0,民主進步黨,0,民主進步黨,0,中國國民黨,0,中國國民黨,0,中國國民黨,0,中國國民黨,0,無黨籍及未經政黨推薦,0,中國國民黨,0,無黨籍及未經政黨推薦,104,民主進步黨,0,民主進步黨,0,民主進步黨,0,中國國民黨,0,民主進步黨,0,民主進步黨,0,民主進步黨,0,中國國民黨,0,民主進步黨,0,無黨籍及未經政黨推薦,0,無黨籍及未經政黨推薦,0,無黨籍及未經政黨推薦,1446,中國國民黨,0,民主進步黨,0,中國國民黨,0,中國國民黨,0,無黨籍及未經政黨推薦,0,中國國民黨,0,中國國民黨,0,民主進步黨,0,無黨籍及未經政黨推薦,0,民主進步黨,0,無黨籍及未經政黨推薦,0,無黨籍及未經政黨推薦,0,中國國民黨,0,中國國民黨,0,民主進步黨,0,中國國民黨,0,中國國民黨,0,民主進步黨,0,民主進步黨,0,無黨籍及未經政黨推薦,0,中國國民黨,0,無黨籍及未經政黨推薦,0,無黨籍及未經政黨推薦,0,中國國民黨,0,民主進步黨,0,中國國民黨,0,無黨籍及未經政黨推薦,0,無黨籍及未經政黨推薦,0,無黨籍及未經政黨推薦,0,民主進步黨,0,無黨籍及未經政黨推薦,0,無黨籍及未經政黨推薦,0,民主進步黨,0,中國國民黨,0,無黨籍及未經政黨推薦,0,無黨籍及未經政黨推薦,0,無黨籍及未經政黨推薦,0,無黨籍及未經政黨推薦,0,民主進步黨,0,中國國民黨,0,中國國民黨,0,無黨籍及未經政黨推薦,0,民主進步黨,0,無黨籍及未經政黨推薦,0,無黨籍及未經政黨推薦,0,無黨籍及未經政黨推薦,0,無黨籍及未經政黨推薦,3078,110,3188,0,3188,998,4186,76.16
鎮平里,0010,2078,民主進步黨,0,中國國民黨,0,中國國民黨,0,民主進步黨,0,民主進步黨,0,中國國民黨,0,中國國民黨,0,中國國民黨,0,中國國民黨,0,無黨籍及未經政黨推薦,0,中國國民黨,0,無黨籍及未經政黨推薦,108,民主進步黨,0,民主進步黨,0,民主進步黨,0,中國國民黨,0,民主進步黨,0,民主進步黨,0,民主進步黨,0,中國國民黨,0,民主進步黨,0,無黨籍及未經政黨推薦,0,無黨籍及未經政黨推薦,0,無黨籍及未經政黨推薦,1836,中國國民黨,0,民主進步黨,0,中國國民黨,0,中國國民黨,0,無黨籍及未經政黨推薦,0,中國國民黨,0,中國國民黨,0,民主進步黨,0,無黨籍及未經政黨推薦,0,民主進步黨,0,無黨籍及未經政黨推薦,0,無黨籍及未經政黨推薦,0,中國國民黨,0,中國國民黨,0,民主進步黨,0,中國國民黨,0,中國國民黨,0,民主進步黨,0,民主進步黨,0,無黨籍及未經政黨推薦,0,中國國民黨,0,無黨籍及未經政黨推薦,0,無黨籍及未經政黨推薦,0,中國國民黨,0,民主進步黨,0,中國國民黨,0,無黨籍及未經政黨推薦,0,無黨籍及未經政黨推薦,0,無黨籍及未經政黨推薦,0,民主進步黨,0,無黨籍及未經政黨推薦,0,無黨籍及未經政黨推薦,0,民主進步黨,0,中國國民黨,0,無黨籍及未經政黨推薦,0,無黨籍及未經政黨推薦,0,無黨籍及未經政黨推薦,0,無黨籍及未經政黨推薦,0,民主進步黨,0,中國國民黨,0,中國國民黨,0,無黨籍及未經政黨推薦,0,民主進步黨,0,無黨籍及未經政黨推薦,0,無黨籍及未經政黨推薦,0,無黨籍及未經政黨推薦,0,無黨籍及未經政黨推薦,4022,146,4168,0,4168,1302,5470,76.2
大霞里,0011,876,民主進步黨,0,中國國民黨,0,中國國民黨,0,民主進步黨,0,民主進步黨,0,中國國民黨,0,中國國民黨,0,中國國民黨,0,中國國民黨,0,無黨籍及未經政黨推薦,0,中國國民黨,0,無黨籍及未經政黨推薦,40,民主進步黨,0,民主進步黨,0,民主進步黨,0,中國國民黨,0,民主進步黨,0,民主進步黨,0,民主進步黨,0,中國國民黨,0,民主進步黨,0,無黨籍及未經政黨推薦,0,無黨籍及未經政黨推薦,0,無黨籍及未經政黨推薦,988,中國國民黨,0,民主進步黨,0,中國國民黨,0,中國國民黨,0,無黨籍及未經政黨推薦,0,中國國民黨,0,中國國民黨,0,民主進步黨,0,無黨籍及未經政黨推薦,0,民主進步黨,0,無黨籍及未經政黨推薦,0,無黨籍及未經政黨推薦,0,中國國民黨,0,中國國民黨,0,民主進步黨,0,中國國民黨,0,中國國民黨,0,民主進步黨,0,民主進步黨,0,無黨籍及未經政黨推薦,0,中國國民黨,0,無黨籍及未經政黨推薦,0,無黨籍及未經政黨推薦,0,中國國民黨,0,民主進步黨,0,中國國民黨,0,無黨籍及未經政黨推薦,0,無黨籍及未經政黨推薦,0,無黨籍及未經政黨推薦,0,民主進步黨,0,無黨籍及未經政黨推薦,0,無黨籍及未經政黨推薦,0,民主進步黨,0,中國國民黨,0,無黨籍及未經政黨推薦,0,無黨籍及未經政黨推薦,0,無黨籍及未經政黨推薦,0,無黨籍及未經政黨推薦,0,民主進步黨,0,中國國民黨,0,中國國民黨,0,無黨籍及未經政黨推薦,0,民主進步黨,0,無黨籍及未經政黨推薦,0,無黨籍及未經政黨推薦,0,無黨籍及未經政黨推薦,0,無黨籍及未經政黨推薦,1904,56,1960,0,1960,776,2736,71.64
源埤里,0012,1406,民主進步黨,0,中國國民黨,0,中國國民黨,0,民主進步黨,0,民主進步黨,0,中國國民黨,0,中國國民黨,0,中國國民黨,0,中國國民黨,0,無黨籍及未經政黨推薦,0,中國國民黨,0,無黨籍及未經政黨推薦,56,民主進步黨,0,民主進步黨,0,民主進步黨,0,中國國民黨,0,民主進步黨,0,民主進步黨,0,民主進步黨,0,中國國民黨,0,民主進步黨,0,無黨籍及未經政黨推薦,0,無黨籍及未經政黨推薦,0,無黨籍及未經政黨推薦,1074,中國國民黨,0,民主進步黨,0,中國國民黨,0,中國國民黨,0,無黨籍及未經政黨推薦,0,中國國民黨,0,中國國民黨,0,民主進步黨,0,無黨籍及未經政黨推薦,0,民主進步黨,0,無黨籍及未經政黨推薦,0,無黨籍及未經政黨推薦,0,中國國民黨,0,中國國民黨,0,民主進步黨,0,中國國民黨,0,中國國民黨,0,民主進步黨,0,民主進步黨,0,無黨籍及未經政黨推薦,0,中國國民黨,0,無黨籍及未經政黨推薦,0,無黨籍及未經政黨推薦,0,中國國民黨,0,民主進步黨,0,中國國民黨,0,無黨籍及未經政黨推薦,0,無黨籍及未經政黨推薦,0,無黨籍及未經政黨推薦,0,民主進步黨,0,無黨籍及未經政黨推薦,0,無黨籍及未經政黨推薦,0,民主進步黨,0,中國國民黨,0,無黨籍及未經政黨推薦,0,無黨籍及未經政黨推薦,0,無黨籍及未經政黨推薦,0,無黨籍及未經政黨推薦,0,民主進步黨,0,中國國民黨,0,中國國民黨,0,無黨籍及未經政黨推薦,0,民主進步黨,0,無黨籍及未經政黨推薦,0,無黨籍及未經政黨推薦,0,無黨籍及未經政黨推薦,0,無黨籍及未經政黨推薦,2536,72,2608,0,2608,956,3564,73.18
南佃里,0013,1462,民主進步黨,0,中國國民黨,0,中國國民黨,0,民主進步黨,0,民主進步黨,0,中國國民黨,0,中國國民黨,0,中國國民黨,0,中國國民黨,0,無黨籍及未經政黨推薦,0,中國國民黨,0,無黨籍及未經政黨推薦,78,民主進步黨,0,民主進步黨,0,民主進步黨,0,中國國民黨,0,民主進步黨,0,民主進步黨,0,民主進步黨,0,中國國民黨,0,民主進步黨,0,無黨籍及未經政黨推薦,0,無黨籍及未經政黨推薦,0,無黨籍及未經政黨推薦,1488,中國國民黨,0,民主進步黨,0,中國國民黨,0,中國國民黨,0,無黨籍及未經政黨推薦,0,中國國民黨,0,中國國民黨,0,民主進步黨,0,無黨籍及未經政黨推薦,0,民主進步黨,0,無黨籍及未經政黨推薦,0,無黨籍及未經政黨推薦,0,中國國民黨,0,中國國民黨,0,民主進步黨,0,中國國民黨,0,中國國民黨,0,民主進步黨,0,民主進步黨,0,無黨籍及未經政黨推薦,0,中國國民黨,0,無黨籍及未經政黨推薦,0,無黨籍及未經政黨推薦,0,中國國民黨,0,民主進步黨,0,中國國民黨,0,無黨籍及未經政黨推薦,0,無黨籍及未經政黨推薦,0,無黨籍及未經政黨推薦,0,民主進步黨,0,無黨籍及未經政黨推薦,0,無黨籍及未經政黨推薦,0,民主進步黨,0,中國國民黨,0,無黨籍及未經政黨推薦,0,無黨籍及未經政黨推薦,0,無黨籍及未經政黨推薦,0,無黨籍及未經政黨推薦,0,民主進步黨,0,中國國民黨,0,中國國民黨,0,無黨籍及未經政黨推薦,0,民主進步黨,0,無黨籍及未經政黨推薦,0,無黨籍及未經政黨推薦,0,無黨籍及未經政黨推薦,0,無黨籍及未經政黨推薦,3028,116,3144,0,3144,1132,4276,73.53
雅溝里,0014,836,民主進步黨,0,中國國民黨,0,中國國民黨,0,民主進步黨,0,民主進步黨,0,中國國民黨,0,中國國民黨,0,中國國民黨,0,中國國民黨,0,無黨籍及未經政黨推薦,0,中國國民黨,0,無黨籍及未經政黨推薦,60,民主進步黨,0,民主進步黨,0,民主進步黨,0,中國國民黨,0,民主進步黨,0,民主進步黨,0,民主進步黨,0,中國國民黨,0,民主進步黨,0,無黨籍及未經政黨推薦,0,無黨籍及未經政黨推薦,0,無黨籍及未經政黨推薦,892,中國國民黨,0,民主進步黨,0,中國國民黨,0,中國國民黨,0,無黨籍及未經政黨推薦,0,中國國民黨,0,中國國民黨,0,民主進步黨,0,無黨籍及未經政黨推薦,0,民主進步黨,0,無黨籍及未經政黨推薦,0,無黨籍及未經政黨推薦,0,中國國民黨,0,中國國民黨,0,民主進步黨,0,中國國民黨,0,中國國民黨,0,民主進步黨,0,民主進步黨,0,無黨籍及未經政黨推薦,0,中國國民黨,0,無黨籍及未經政黨推薦,0,無黨籍及未經政黨推薦,0,中國國民黨,0,民主進步黨,0,中國國民黨,0,無黨籍及未經政黨推薦,0,無黨籍及未經政黨推薦,0,無黨籍及未經政黨推薦,0,民主進步黨,0,無黨籍及未經政黨推薦,0,無黨籍及未經政黨推薦,0,民主進步黨,0,中國國民黨,0,無黨籍及未經政黨推薦,0,無黨籍及未經政黨推薦,0,無黨籍及未經政黨推薦,0,無黨籍及未經政黨推薦,0,民主進步黨,0,中國國民黨,0,中國國民黨,0,無黨籍及未經政黨推薦,0,民主進步黨,0,無黨籍及未經政黨推薦,0,無黨籍及未經政黨推薦,0,無黨籍及未經政黨推薦,0,無黨籍及未經政黨推薦,1788,48,1836,0,1836,668,2504,73.32
山犁里,0015,3570,民主進步黨,0,中國國民黨,0,中國國民黨,0,民主進步黨,0,民主進步黨,0,中國國民黨,0,中國國民黨,0,中國國民黨,0,中國國民黨,0,無黨籍及未經政黨推薦,0,中國國民黨,0,無黨籍及未經政黨推薦,234,民主進步黨,0,民主進步黨,0,民主進步黨,0,中國國民黨,0,民主進步黨,0,民主進步黨,0,民主進步黨,0,中國國民黨,0,民主進步黨,0,無黨籍及未經政黨推薦,0,無黨籍及未經政黨推薦,0,無黨籍及未經政黨推薦,3682,中國國民黨,0,民主進步黨,0,中國國民黨,0,中國國民黨,0,無黨籍及未經政黨推薦,0,中國國民黨,0,中國國民黨,0,民主進步黨,0,無黨籍及未經政黨推薦,0,民主進步黨,0,無黨籍及未經政黨推薦,0,無黨籍及未經政黨推薦,0,中國國民黨,0,中國國民黨,0,民主進步黨,0,中國國民黨,0,中國國民黨,0,民主進步黨,0,民主進步黨,0,無黨籍及未經政黨推薦,0,中國國民黨,0,無黨籍及未經政黨推薦,0,無黨籍及未經政黨推薦,0,中國國民黨,0,民主進步黨,0,中國國民黨,0,無黨籍及未經政黨推薦,0,無黨籍及未經政黨推薦,0,無黨籍及未經政黨推薦,0,民主進步黨,0,無黨籍及未經政黨推薦,0,無黨籍及未經政黨推薦,0,民主進步黨,0,中國國民黨,0,無黨籍及未經政黨推薦,0,無黨籍及未經政黨推薦,0,無黨籍及未經政黨推薦,0,無黨籍及未經政黨推薦,0,民主進步黨,0,中國國民黨,0,中國國民黨,0,無黨籍及未經政黨推薦,0,民主進步黨,0,無黨籍及未經政黨推薦,0,無黨籍及未經政黨推薦,0,無黨籍及未經政黨推薦,0,無黨籍及未經政黨推薦,7486,264,7750,0,7750,2554,10304,75.21
嘉犁里,0016,1068,民主進步黨,0,中國國民黨,0,中國國民黨,0,民主進步黨,0,民主進步黨,0,中國國民黨,0,中國國民黨,0,中國國民黨,0,中國國民黨,0,無黨籍及未經政黨推薦,0,中國國民黨,0,無黨籍及未經政黨推薦,86,民主進步黨,0,民主進步黨,0,民主進步黨,0,中國國民黨,0,民主進步黨,0,民主進步黨,0,民主進步黨,0,中國國民黨,0,民主進步黨,0,無黨籍及未經政黨推薦,0,無黨籍及未經政黨推薦,0,無黨籍及未經政黨推薦,1540,中國國民黨,0,民主進步黨,0,中國國民黨,0,中國國民黨,0,無黨籍及未經政黨推薦,0,中國國民黨,0,中國國民黨,0,民主進步黨,0,無黨籍及未經政黨推薦,0,民主進步黨,0,無黨籍及未經政黨推薦,0,無黨籍及未經政黨推薦,0,中國國民黨,0,中國國民黨,0,民主進步黨,0,中國國民黨,0,中國國民黨,0,民主進步黨,0,民主進步黨,0,無黨籍及未經政黨推薦,0,中國國民黨,0,無黨籍及未經政黨推薦,0,無黨籍及未經政黨推薦,0,中國國民黨,0,民主進步黨,0,中國國民黨,0,無黨籍及未經政黨推薦,0,無黨籍及未經政黨推薦,0,無黨籍及未經政黨推薦,0,民主進步黨,0,無黨籍及未經政黨推薦,0,無黨籍及未經政黨推薦,0,民主進步黨,0,中國國民黨,0,無黨籍及未經政黨推薦,0,無黨籍及未經政黨推薦,0,無黨籍及未經政黨推薦,0,無黨籍及未經政黨推薦,0,民主進步黨,0,中國國民黨,0,中國國民黨,0,無黨籍及未經政黨推薦,0,民主進步黨,0,無黨籍及未經政黨推薦,0,無黨籍及未經政黨推薦,0,無黨籍及未經政黨推薦,0,無黨籍及未經政黨推薦,2694,46,2740,0,2740,924,3664,74.78
鐵山里,0017,1750,民主進步黨,0,中國國民黨,0,中國國民黨,0,民主進步黨,0,民主進步黨,0,中國國民黨,0,中國國民黨,0,中國國民黨,0,中國國民黨,0,無黨籍及未經政黨推薦,0,中國國民黨,0,無黨籍及未經政黨推薦,88,民主進步黨,0,民主進步黨,0,民主進步黨,0,中國國民黨,0,民主進步黨,0,民主進步黨,0,民主進步黨,0,中國國民黨,0,民主進步黨,0,無黨籍及未經政黨推薦,0,無黨籍及未經政黨推薦,0,無黨籍及未經政黨推薦,1886,中國國民黨,0,民主進步黨,0,中國國民黨,0,中國國民黨,0,無黨籍及未經政黨推薦,0,中國國民黨,0,中國國民黨,0,民主進步黨,0,無黨籍及未經政黨推薦,0,民主進步黨,0,無黨籍及未經政黨推薦,0,無黨籍及未經政黨推薦,0,中國國民黨,0,中國國民黨,0,民主進步黨,0,中國國民黨,0,中國國民黨,0,民主進步黨,0,民主進步黨,0,無黨籍及未經政黨推薦,0,中國國民黨,0,無黨籍及未經政黨推薦,0,無黨籍及未經政黨推薦,0,中國國民黨,0,民主進步黨,0,中國國民黨,0,無黨籍及未經政黨推薦,0,無黨籍及未經政黨推薦,0,無黨籍及未經政黨推薦,0,民主進步黨,0,無黨籍及未經政黨推薦,0,無黨籍及未經政黨推薦,0,民主進步黨,0,中國國民黨,0,無黨籍及未經政黨推薦,0,無黨籍及未經政黨推薦,0,無黨籍及未經政黨推薦,0,無黨籍及未經政黨推薦,0,民主進步黨,0,中國國民黨,0,中國國民黨,0,無黨籍及未經政黨推薦,0,民主進步黨,0,無黨籍及未經政黨推薦,0,無黨籍及未經政黨推薦,0,無黨籍及未經政黨推薦,0,無黨籍及未經政黨推薦,3724,112,3836,0,3836,1192,5028,76.29
詔安里,0018,1338,民主進步黨,0,中國國民黨,0,中國國民黨,0,民主進步黨,0,民主進步黨,0,中國國民黨,0,中國國民黨,0,中國國民黨,0,中國國民黨,0,無黨籍及未經政黨推薦,0,中國國民黨,0,無黨籍及未經政黨推薦,76,民主進步黨,0,民主進步黨,0,民主進步黨,0,中國國民黨,0,民主進步黨,0,民主進步黨,0,民主進步黨,0,中國國民黨,0,民主進步黨,0,無黨籍及未經政黨推薦,0,無黨籍及未經政黨推薦,0,無黨籍及未經政黨推薦,1268,中國國民黨,0,民主進步黨,0,中國國民黨,0,中國國民黨,0,無黨籍及未經政黨推薦,0,中國國民黨,0,中國國民黨,0,民主進步黨,0,無黨籍及未經政黨推薦,0,民主進步黨,0,無黨籍及未經政黨推薦,0,無黨籍及未經政黨推薦,0,中國國民黨,0,中國國民黨,0,民主進步黨,0,中國國民黨,0,中國國民黨,0,民主進步黨,0,民主進步黨,0,無黨籍及未經政黨推薦,0,中國國民黨,0,無黨籍及未經政黨推薦,0,無黨籍及未經政黨推薦,0,中國國民黨,0,民主進步黨,0,中國國民黨,0,無黨籍及未經政黨推薦,0,無黨籍及未經政黨推薦,0,無黨籍及未經政黨推薦,0,民主進步黨,0,無黨籍及未經政黨推薦,0,無黨籍及未經政黨推薦,0,民主進步黨,0,中國國民黨,0,無黨籍及未經政黨推薦,0,無黨籍及未經政黨推薦,0,無黨籍及未經政黨推薦,0,無黨籍及未經政黨推薦,0,民主進步黨,0,中國國民黨,0,中國國民黨,0,無黨籍及未經政黨推薦,0,民主進步黨,0,無黨籍及未經政黨推薦,0,無黨籍及未經政黨推薦,0,無黨籍及未經政黨推薦,0,無黨籍及未經政黨推薦,2682,102,2784,0,2784,1046,3830,72.69
柑井里,0019,2380,民主進步黨,0,中國國民黨,0,中國國民黨,0,民主進步黨,0,民主進步黨,0,中國國民黨,0,中國國民黨,0,中國國民黨,0,中國國民黨,0,無黨籍及未經政黨推薦,0,中國國民黨,0,無黨籍及未經政黨推薦,130,民主進步黨,0,民主進步黨,0,民主進步黨,0,中國國民黨,0,民主進步黨,0,民主進步黨,0,民主進步黨,0,中國國民黨,0,民主進步黨,0,無黨籍及未經政黨推薦,0,無黨籍及未經政黨推薦,0,無黨籍及未經政黨推薦,2204,中國國民黨,0,民主進步黨,0,中國國民黨,0,中國國民黨,0,無黨籍及未經政黨推薦,0,中國國民黨,0,中國國民黨,0,民主進步黨,0,無黨籍及未經政黨推薦,0,民主進步黨,0,無黨籍及未經政黨推薦,0,無黨籍及未經政黨推薦,0,中國國民黨,0,中國國民黨,0,民主進步黨,0,中國國民黨,0,中國國民黨,0,民主進步黨,0,民主進步黨,0,無黨籍及未經政黨推薦,0,中國國民黨,0,無黨籍及未經政黨推薦,0,無黨籍及未經政黨推薦,0,中國國民黨,0,民主進步黨,0,中國國民黨,0,無黨籍及未經政黨推薦,0,無黨籍及未經政黨推薦,0,無黨籍及未經政黨推薦,0,民主進步黨,0,無黨籍及未經政黨推薦,0,無黨籍及未經政黨推薦,0,民主進步黨,0,中國國民黨,0,無黨籍及未經政黨推薦,0,無黨籍及未經政黨推薦,0,無黨籍及未經政黨推薦,0,無黨籍及未經政黨推薦,0,民主進步黨,0,中國國民黨,0,中國國民黨,0,無黨籍及未經政黨推薦,0,民主進步黨,0,無黨籍及未經政黨推薦,0,無黨籍及未經政黨推薦,0,無黨籍及未經政黨推薦,0,無黨籍及未經政黨推薦,4714,108,4822,0,4822,1846,6668,72.32
竹園里,0020,792,民主進步黨,0,中國國民黨,0,中國國民黨,0,民主進步黨,0,民主進步黨,0,中國國民黨,0,中國國民黨,0,中國國民黨,0,中國國民黨,0,無黨籍及未經政黨推薦,0,中國國民黨,0,無黨籍及未經政黨推薦,36,民主進步黨,0,民主進步黨,0,民主進步黨,0,中國國民黨,0,民主進步黨,0,民主進步黨,0,民主進步黨,0,中國國民黨,0,民主進步黨,0,無黨籍及未經政黨推薦,0,無黨籍及未經政黨推薦,0,無黨籍及未經政黨推薦,588,中國國民黨,0,民主進步黨,0,中國國民黨,0,中國國民黨,0,無黨籍及未經政黨推薦,0,中國國民黨,0,中國國民黨,0,民主進步黨,0,無黨籍及未經政黨推薦,0,民主進步黨,0,無黨籍及未經政黨推薦,0,無黨籍及未經政黨推薦,0,中國國民黨,0,中國國民黨,0,民主進步黨,0,中國國民黨,0,中國國民黨,0,民主進步黨,0,民主進步黨,0,無黨籍及未經政黨推薦,0,中國國民黨,0,無黨籍及未經政黨推薦,0,無黨籍及未經政黨推薦,0,中國國民黨,0,民主進步黨,0,中國國民黨,0,無黨籍及未經政黨推薦,0,無黨籍及未經政黨推薦,0,無黨籍及未經政黨推薦,0,民主進步黨,0,無黨籍及未經政黨推薦,0,無黨籍及未經政黨推薦,0,民主進步黨,0,中國國民黨,0,無黨籍及未經政黨推薦,0,無黨籍及未經政黨推薦,0,無黨籍及未經政黨推薦,0,無黨籍及未經政黨推薦,0,民主進步黨,0,中國國民黨,0,中國國民黨,0,無黨籍及未經政黨推薦,0,民主進步黨,0,無黨籍及未經政黨推薦,0,無黨籍及未經政黨推薦,0,無黨籍及未經政黨推薦,0,無黨籍及未經政黨推薦,1416,32,1448,0,1448,348,1796,80.62
新庄里,0021,1636,民主進步黨,0,中國國民黨,0,中國國民黨,0,民主進步黨,0,民主進步黨,0,中國國民黨,0,中國國民黨,0,中國國民黨,0,中國國民黨,0,無黨籍及未經政黨推薦,0,中國國民黨,0,無黨籍及未經政黨推薦,114,民主進步黨,0,民主進步黨,0,民主進步黨,0,中國國民黨,0,民主進步黨,0,民主進步黨,0,民主進步黨,0,中國國民黨,0,民主進步黨,0,無黨籍及未經政黨推薦,0,無黨籍及未經政黨推薦,0,無黨籍及未經政黨推薦,1668,中國國民黨,0,民主進步黨,0,中國國民黨,0,中國國民黨,0,無黨籍及未經政黨推薦,0,中國國民黨,0,中國國民黨,0,民主進步黨,0,無黨籍及未經政黨推薦,0,民主進步黨,0,無黨籍及未經政黨推薦,0,無黨籍及未經政黨推薦,0,中國國民黨,0,中國國民黨,0,民主進步黨,0,中國國民黨,0,中國國民黨,0,民主進步黨,0,民主進步黨,0,無黨籍及未經政黨推薦,0,中國國民黨,0,無黨籍及未經政黨推薦,0,無黨籍及未經政黨推薦,0,中國國民黨,0,民主進步黨,0,中國國民黨,0,無黨籍及未經政黨推薦,0,無黨籍及未經政黨推薦,0,無黨籍及未經政黨推薦,0,民主進步黨,0,無黨籍及未經政黨推薦,0,無黨籍及未經政黨推薦,0,民主進步黨,0,中國國民黨,0,無黨籍及未經政黨推薦,0,無黨籍及未經政黨推薦,0,無黨籍及未經政黨推薦,0,無黨籍及未經政黨推薦,0,民主進步黨,0,中國國民黨,0,中國國民黨,0,無黨籍及未經政黨推薦,0,民主進步黨,0,無黨籍及未經政黨推薦,0,無黨籍及未經政黨推薦,0,無黨籍及未經政黨推薦,0,無黨籍及未經政黨推薦,3418,124,3542,0,3542,1114,4656,76.07
犁盛里,0022,1576,民主進步黨,0,中國國民黨,0,中國國民黨,0,民主進步黨,0,民主進步黨,0,中國國民黨,0,中國國民黨,0,中國國民黨,0,中國國民黨,0,無黨籍及未經政黨推薦,0,中國國民黨,0,無黨籍及未經政黨推薦,98,民主進步黨,0,民主進步黨,0,民主進步黨,0,中國國民黨,0,民主進步黨,0,民主進步黨,0,民主進步黨,0,中國國民黨,0,民主進步黨,0,無黨籍及未經政黨推薦,0,無黨籍及未經政黨推薦,0,無黨籍及未經政黨推薦,1490,中國國民黨,0,民主進步黨,0,中國國民黨,0,中國國民黨,0,無黨籍及未經政黨推薦,0,中國國民黨,0,中國國民黨,0,民主進步黨,0,無黨籍及未經政黨推薦,0,民主進步黨,0,無黨籍及未經政黨推薦,0,無黨籍及未經政黨推薦,0,中國國民黨,0,中國國民黨,0,民主進步黨,0,中國國民黨,0,中國國民黨,0,民主進步黨,0,民主進步黨,0,無黨籍及未經政黨推薦,0,中國國民黨,0,無黨籍及未經政黨推薦,0,無黨籍及未經政黨推薦,0,中國國民黨,0,民主進步黨,0,中國國民黨,0,無黨籍及未經政黨推薦,0,無黨籍及未經政黨推薦,0,無黨籍及未經政黨推薦,0,民主進步黨,0,無黨籍及未經政黨推薦,0,無黨籍及未經政黨推薦,0,民主進步黨,0,中國國民黨,0,無黨籍及未經政黨推薦,0,無黨籍及未經政黨推薦,0,無黨籍及未經政黨推薦,0,無黨籍及未經政黨推薦,0,民主進步黨,0,中國國民黨,0,中國國民黨,0,無黨籍及未經政黨推薦,0,民主進步黨,0,無黨籍及未經政黨推薦,0,無黨籍及未經政黨推薦,0,無黨籍及未經政黨推薦,0,無黨籍及未經政黨推薦,3164,84,3248,0,3248,1094,4342,74.8
中寮里,0023,748,民主進步黨,0,中國國民黨,0,中國國民黨,0,民主進步黨,0,民主進步黨,0,中國國民黨,0,中國國民黨,0,中國國民黨,0,中國國民黨,0,無黨籍及未經政黨推薦,0,中國國民黨,0,無黨籍及未經政黨推薦,34,民主進步黨,0,民主進步黨,0,民主進步黨,0,中國國民黨,0,民主進步黨,0,民主進步黨,0,民主進步黨,0,中國國民黨,0,民主進步黨,0,無黨籍及未經政黨推薦,0,無黨籍及未經政黨推薦,0,無黨籍及未經政黨推薦,684,中國國民黨,0,民主進步黨,0,中國國民黨,0,中國國民黨,0,無黨籍及未經政黨推薦,0,中國國民黨,0,中國國民黨,0,民主進步黨,0,無黨籍及未經政黨推薦,0,民主進步黨,0,無黨籍及未經政黨推薦,0,無黨籍及未經政黨推薦,0,中國國民黨,0,中國國民黨,0,民主進步黨,0,中國國民黨,0,中國國民黨,0,民主進步黨,0,民主進步黨,0,無黨籍及未經政黨推薦,0,中國國民黨,0,無黨籍及未經政黨推薦,0,無黨籍及未經政黨推薦,0,中國國民黨,0,民主進步黨,0,中國國民黨,0,無黨籍及未經政黨推薦,0,無黨籍及未經政黨推薦,0,無黨籍及未經政黨推薦,0,民主進步黨,0,無黨籍及未經政黨推薦,0,無黨籍及未經政黨推薦,0,民主進步黨,0,中國國民黨,0,無黨籍及未經政黨推薦,0,無黨籍及未經政黨推薦,0,無黨籍及未經政黨推薦,0,無黨籍及未經政黨推薦,0,民主進步黨,0,中國國民黨,0,中國國民黨,0,無黨籍及未經政黨推薦,0,民主進步黨,0,無黨籍及未經政黨推薦,0,無黨籍及未經政黨推薦,0,無黨籍及未經政黨推薦,0,無黨籍及未經政黨推薦,1466,38,1504,0,1504,596,2100,71.62
中圍里,0024,2018,民主進步黨,0,中國國民黨,0,中國國民黨,0,民主進步黨,0,民主進步黨,0,中國國民黨,0,中國國民黨,0,中國國民黨,0,中國國民黨,0,無黨籍及未經政黨推薦,0,中國國民黨,0,無黨籍及未經政黨推薦,138,民主進步黨,0,民主進步黨,0,民主進步黨,0,中國國民黨,0,民主進步黨,0,民主進步黨,0,民主進步黨,0,中國國民黨,0,民主進步黨,0,無黨籍及未經政黨推薦,0,無黨籍及未經政黨推薦,0,無黨籍及未經政黨推薦,1812,中國國民黨,0,民主進步黨,0,中國國民黨,0,中國國民黨,0,無黨籍及未經政黨推薦,0,中國國民黨,0,中國國民黨,0,民主進步黨,0,無黨籍及未經政黨推薦,0,民主進步黨,0,無黨籍及未經政黨推薦,0,無黨籍及未經政黨推薦,0,中國國民黨,0,中國國民黨,0,民主進步黨,0,中國國民黨,0,中國國民黨,0,民主進步黨,0,民主進步黨,0,無黨籍及未經政黨推薦,0,中國國民黨,0,無黨籍及未經政黨推薦,0,無黨籍及未經政黨推薦,0,中國國民黨,0,民主進步黨,0,中國國民黨,0,無黨籍及未經政黨推薦,0,無黨籍及未經政黨推薦,0,無黨籍及未經政黨推薦,0,民主進步黨,0,無黨籍及未經政黨推薦,0,無黨籍及未經政黨推薦,0,民主進步黨,0,中國國民黨,0,無黨籍及未經政黨推薦,0,無黨籍及未經政黨推薦,0,無黨籍及未經政黨推薦,0,無黨籍及未經政黨推薦,0,民主進步黨,0,中國國民黨,0,中國國民黨,0,無黨籍及未經政黨推薦,0,民主進步黨,0,無黨籍及未經政黨推薦,0,無黨籍及未經政黨推薦,0,無黨籍及未經政黨推薦,0,無黨籍及未經政黨推薦,3968,106,4074,0,4074,1348,5422,75.14
糖友里,0025,2922,民主進步黨,0,中國國民黨,0,中國國民黨,0,民主進步黨,0,民主進步黨,0,中國國民黨,0,中國國民黨,0,中國國民黨,0,中國國民黨,0,無黨籍及未經政黨推薦,0,中國國民黨,0,無黨籍及未經政黨推薦,224,民主進步黨,0,民主進步黨,0,民主進步黨,0,中國國民黨,0,民主進步黨,0,民主進步黨,0,民主進步黨,0,中國國民黨,0,民主進步黨,0,無黨籍及未經政黨推薦,0,無黨籍及未經政黨推薦,0,無黨籍及未經政黨推薦,3014,中國國民黨,0,民主進步黨,0,中國國民黨,0,中國國民黨,0,無黨籍及未經政黨推薦,0,中國國民黨,0,中國國民黨,0,民主進步黨,0,無黨籍及未經政黨推薦,0,民主進步黨,0,無黨籍及未經政黨推薦,0,無黨籍及未經政黨推薦,0,中國國民黨,0,中國國民黨,0,民主進步黨,0,中國國民黨,0,中國國民黨,0,民主進步黨,0,民主進步黨,0,無黨籍及未經政黨推薦,0,中國國民黨,0,無黨籍及未經政黨推薦,0,無黨籍及未經政黨推薦,0,中國國民黨,0,民主進步黨,0,中國國民黨,0,無黨籍及未經政黨推薦,0,無黨籍及未經政黨推薦,0,無黨籍及未經政黨推薦,0,民主進步黨,0,無黨籍及未經政黨推薦,0,無黨籍及未經政黨推薦,0,民主進步黨,0,中國國民黨,0,無黨籍及未經政黨推薦,0,無黨籍及未經政黨推薦,0,無黨籍及未經政黨推薦,0,無黨籍及未經政黨推薦,0,民主進步黨,0,中國國民黨,0,中國國民黨,0,無黨籍及未經政黨推薦,0,民主進步黨,0,無黨籍及未經政黨推薦,0,無黨籍及未經政黨推薦,0,無黨籍及未經政黨推薦,0,無黨籍及未經政黨推薦,6160,190,6350,0,6350,2168,8518,74.55
塗厝里,0026,1086,民主進步黨,0,中國國民黨,0,中國國民黨,0,民主進步黨,0,民主進步黨,0,中國國民黨,0,中國國民黨,0,中國國民黨,0,中國國民黨,0,無黨籍及未經政黨推薦,0,中國國民黨,0,無黨籍及未經政黨推薦,78,民主進步黨,0,民主進步黨,0,民主進步黨,0,中國國民黨,0,民主進步黨,0,民主進步黨,0,民主進步黨,0,中國國民黨,0,民主進步黨,0,無黨籍及未經政黨推薦,0,無黨籍及未經政黨推薦,0,無黨籍及未經政黨推薦,1090,中國國民黨,0,民主進步黨,0,中國國民黨,0,中國國民黨,0,無黨籍及未經政黨推薦,0,中國國民黨,0,中國國民黨,0,民主進步黨,0,無黨籍及未經政黨推薦,0,民主進步黨,0,無黨籍及未經政黨推薦,0,無黨籍及未經政黨推薦,0,中國國民黨,0,中國國民黨,0,民主進步黨,0,中國國民黨,0,中國國民黨,0,民主進步黨,0,民主進步黨,0,無黨籍及未經政黨推薦,0,中國國民黨,0,無黨籍及未經政黨推薦,0,無黨籍及未經政黨推薦,0,中國國民黨,0,民主進步黨,0,中國國民黨,0,無黨籍及未經政黨推薦,0,無黨籍及未經政黨推薦,0,無黨籍及未經政黨推薦,0,民主進步黨,0,無黨籍及未經政黨推薦,0,無黨籍及未經政黨推薦,0,民主進步黨,0,中國國民黨,0,無黨籍及未經政黨推薦,0,無黨籍及未經政黨推薦,0,無黨籍及未經政黨推薦,0,無黨籍及未經政黨推薦,0,民主進步黨,0,中國國民黨,0,中國國民黨,0,無黨籍及未經政黨推薦,0,民主進步黨,0,無黨籍及未經政黨推薦,0,無黨籍及未經政黨推薦,0,無黨籍及未經政黨推薦,0,無黨籍及未經政黨推薦,2254,60,2314,0,2314,926,3240,71.42
地潭里,0027,498,民主進步黨,0,中國國民黨,0,中國國民黨,0,民主進步黨,0,民主進步黨,0,中國國民黨,0,中國國民黨,0,中國國民黨,0,中國國民黨,0,無黨籍及未經政黨推薦,0,中國國民黨,0,無黨籍及未經政黨推薦,36,民主進步黨,0,民主進步黨,0,民主進步黨,0,中國國民黨,0,民主進步黨,0,民主進步黨,0,民主進步黨,0,中國國民黨,0,民主進步黨,0,無黨籍及未經政黨推薦,0,無黨籍及未經政黨推薦,0,無黨籍及未經政黨推薦,568,中國國民黨,0,民主進步黨,0,中國國民黨,0,中國國民黨,0,無黨籍及未經政黨推薦,0,中國國民黨,0,中國國民黨,0,民主進步黨,0,無黨籍及未經政黨推薦,0,民主進步黨,0,無黨籍及未經政黨推薦,0,無黨籍及未經政黨推薦,0,中國國民黨,0,中國國民黨,0,民主進步黨,0,中國國民黨,0,中國國民黨,0,民主進步黨,0,民主進步黨,0,無黨籍及未經政黨推薦,0,中國國民黨,0,無黨籍及未經政黨推薦,0,無黨籍及未經政黨推薦,0,中國國民黨,0,民主進步黨,0,中國國民黨,0,無黨籍及未經政黨推薦,0,無黨籍及未經政黨推薦,0,無黨籍及未經政黨推薦,0,民主進步黨,0,無黨籍及未經政黨推薦,0,無黨籍及未經政黨推薦,0,民主進步黨,0,中國國民黨,0,無黨籍及未經政黨推薦,0,無黨籍及未經政黨推薦,0,無黨籍及未經政黨推薦,0,無黨籍及未經政黨推薦,0,民主進步黨,0,中國國民黨,0,中國國民黨,0,無黨籍及未經政黨推薦,0,民主進步黨,0,無黨籍及未經政黨推薦,0,無黨籍及未經政黨推薦,0,無黨籍及未經政黨推薦,0,無黨籍及未經政黨推薦,1102,30,1132,0,1132,424,1556,72.75
湖內里,0028,950,民主進步黨,0,中國國民黨,0,中國國民黨,0,民主進步黨,0,民主進步黨,0,中國國民黨,0,中國國民黨,0,中國國民黨,0,中國國民黨,0,無黨籍及未經政黨推薦,0,中國國民黨,0,無黨籍及未經政黨推薦,36,民主進步黨,0,民主進步黨,0,民主進步黨,0,中國國民黨,0,民主進步黨,0,民主進步黨,0,民主進步黨,0,中國國民黨,0,民主進步黨,0,無黨籍及未經政黨推薦,0,無黨籍及未經政黨推薦,0,無黨籍及未經政黨推薦,696,中國國民黨,0,民主進步黨,0,中國國民黨,0,中國國民黨,0,無黨籍及未經政黨推薦,0,中國國民黨,0,中國國民黨,0,民主進步黨,0,無黨籍及未經政黨推薦,0,民主進步黨,0,無黨籍及未經政黨推薦,0,無黨籍及未經政黨推薦,0,中國國民黨,0,中國國民黨,0,民主進步黨,0,中國國民黨,0,中國國民黨,0,民主進步黨,0,民主進步黨,0,無黨籍及未經政黨推薦,0,中國國民黨,0,無黨籍及未經政黨推薦,0,無黨籍及未經政黨推薦,0,中國國民黨,0,民主進步黨,0,中國國民黨,0,無黨籍及未經政黨推薦,0,無黨籍及未經政黨推薦,0,無黨籍及未經政黨推薦,0,民主進步黨,0,無黨籍及未經政黨推薦,0,無黨籍及未經政黨推薦,0,民主進步黨,0,中國國民黨,0,無黨籍及未經政黨推薦,0,無黨籍及未經政黨推薦,0,無黨籍及未經政黨推薦,0,無黨籍及未經政黨推薦,0,民主進步黨,0,中國國民黨,0,中國國民黨,0,無黨籍及未經政黨推薦,0,民主進步黨,0,無黨籍及未經政黨推薦,0,無黨籍及未經政黨推薦,0,無黨籍及未經政黨推薦,0,無黨籍及未經政黨推薦,1682,40,1722,0,1722,566,2288,75.26
嘉寶里,0029,1296,民主進步黨,0,中國國民黨,0,中國國民黨,0,民主進步黨,0,民主進步黨,0,中國國民黨,0,中國國民黨,0,中國國民黨,0,中國國民黨,0,無黨籍及未經政黨推薦,0,中國國民黨,0,無黨籍及未經政黨推薦,56,民主進步黨,0,民主進步黨,0,民主進步黨,0,中國國民黨,0,民主進步黨,0,民主進步黨,0,民主進步黨,0,中國國民黨,0,民主進步黨,0,無黨籍及未經政黨推薦,0,無黨籍及未經政黨推薦,0,無黨籍及未經政黨推薦,1248,中國國民黨,0,民主進步黨,0,中國國民黨,0,中國國民黨,0,無黨籍及未經政黨推薦,0,中國國民黨,0,中國國民黨,0,民主進步黨,0,無黨籍及未經政黨推薦,0,民主進步黨,0,無黨籍及未經政黨推薦,0,無黨籍及未經政黨推薦,0,中國國民黨,0,中國國民黨,0,民主進步黨,0,中國國民黨,0,中國國民黨,0,民主進步黨,0,民主進步黨,0,無黨籍及未經政黨推薦,0,中國國民黨,0,無黨籍及未經政黨推薦,0,無黨籍及未經政黨推薦,0,中國國民黨,0,民主進步黨,0,中國國民黨,0,無黨籍及未經政黨推薦,0,無黨籍及未經政黨推薦,0,無黨籍及未經政黨推薦,0,民主進步黨,0,無黨籍及未經政黨推薦,0,無黨籍及未經政黨推薦,0,民主進步黨,0,中國國民黨,0,無黨籍及未經政黨推薦,0,無黨籍及未經政黨推薦,0,無黨籍及未經政黨推薦,0,無黨籍及未經政黨推薦,0,民主進步黨,0,中國國民黨,0,中國國民黨,0,無黨籍及未經政黨推薦,0,民主進步黨,0,無黨籍及未經政黨推薦,0,無黨籍及未經政黨推薦,0,無黨籍及未經政黨推薦,0,無黨籍及未經政黨推薦,2600,60,2660,0,2660,1148,3808,69.85
月眉里,0030,2186,民主進步黨,0,中國國民黨,0,中國國民黨,0,民主進步黨,0,民主進步黨,0,中國國民黨,0,中國國民黨,0,中國國民黨,0,中國國民黨,0,無黨籍及未經政黨推薦,0,中國國民黨,0,無黨籍及未經政黨推薦,102,民主進步黨,0,民主進步黨,0,民主進步黨,0,中國國民黨,0,民主進步黨,0,民主進步黨,0,民主進步黨,0,中國國民黨,0,民主進步黨,0,無黨籍及未經政黨推薦,0,無黨籍及未經政黨推薦,0,無黨籍及未經政黨推薦,1922,中國國民黨,0,民主進步黨,0,中國國民黨,0,中國國民黨,0,無黨籍及未經政黨推薦,0,中國國民黨,0,中國國民黨,0,民主進步黨,0,無黨籍及未經政黨推薦,0,民主進步黨,0,無黨籍及未經政黨推薦,0,無黨籍及未經政黨推薦,0,中國國民黨,0,中國國民黨,0,民主進步黨,0,中國國民黨,0,中國國民黨,0,民主進步黨,0,民主進步黨,0,無黨籍及未經政黨推薦,0,中國國民黨,0,無黨籍及未經政黨推薦,0,無黨籍及未經政黨推薦,0,中國國民黨,0,民主進步黨,0,中國國民黨,0,無黨籍及未經政黨推薦,0,無黨籍及未經政黨推薦,0,無黨籍及未經政黨推薦,0,民主進步黨,0,無黨籍及未經政黨推薦,0,無黨籍及未經政黨推薦,0,民主進步黨,0,中國國民黨,0,無黨籍及未經政黨推薦,0,無黨籍及未經政黨推薦,0,無黨籍及未經政黨推薦,0,無黨籍及未經政黨推薦,0,民主進步黨,0,中國國民黨,0,中國國民黨,0,無黨籍及未經政黨推薦,0,民主進步黨,0,無黨籍及未經政黨推薦,0,無黨籍及未經政黨推薦,0,無黨籍及未經政黨推薦,0,無黨籍及未經政黨推薦,4210,98,4308,0,4308,1490,5798,74.3
好修里,0031,1154,民主進步黨,0,中國國民黨,0,中國國民黨,0,民主進步黨,0,民主進步黨,0,中國國民黨,0,中國國民黨,0,中國國民黨,0,中國國民黨,0,無黨籍及未經政黨推薦,0,中國國民黨,0,無黨籍及未經政黨推薦,42,民主進步黨,0,民主進步黨,0,民主進步黨,0,中國國民黨,0,民主進步黨,0,民主進步黨,0,民主進步黨,0,中國國民黨,0,民主進步黨,0,無黨籍及未經政黨推薦,0,無黨籍及未經政黨推薦,0,無黨籍及未經政黨推薦,832,中國國民黨,0,民主進步黨,0,中國國民黨,0,中國國民黨,0,無黨籍及未經政黨推薦,0,中國國民黨,0,中國國民黨,0,民主進步黨,0,無黨籍及未經政黨推薦,0,民主進步黨,0,無黨籍及未經政黨推薦,0,無黨籍及未經政黨推薦,0,中國國民黨,0,中國國民黨,0,民主進步黨,0,中國國民黨,0,中國國民黨,0,民主進步黨,0,民主進步黨,0,無黨籍及未經政黨推薦,0,中國國民黨,0,無黨籍及未經政黨推薦,0,無黨籍及未經政黨推薦,0,中國國民黨,0,民主進步黨,0,中國國民黨,0,無黨籍及未經政黨推薦,0,無黨籍及未經政黨推薦,0,無黨籍及未經政黨推薦,0,民主進步黨,0,無黨籍及未經政黨推薦,0,無黨籍及未經政黨推薦,0,民主進步黨,0,中國國民黨,0,無黨籍及未經政黨推薦,0,無黨籍及未經政黨推薦,0,無黨籍及未經政黨推薦,0,無黨籍及未經政黨推薦,0,民主進步黨,0,中國國民黨,0,中國國民黨,0,無黨籍及未經政黨推薦,0,民主進步黨,0,無黨籍及未經政黨推薦,0,無黨籍及未經政黨推薦,0,無黨籍及未經政黨推薦,0,無黨籍及未經政黨推薦,2028,68,2096,0,2096,820,2916,71.88
仁愛里,0032,1890,民主進步黨,0,中國國民黨,0,中國國民黨,0,民主進步黨,0,民主進步黨,0,中國國民黨,0,中國國民黨,0,中國國民黨,0,中國國民黨,0,無黨籍及未經政黨推薦,0,中國國民黨,0,無黨籍及未經政黨推薦,144,民主進步黨,0,民主進步黨,0,民主進步黨,0,中國國民黨,0,民主進步黨,0,民主進步黨,0,民主進步黨,0,中國國民黨,0,民主進步黨,0,無黨籍及未經政黨推薦,0,無黨籍及未經政黨推薦,0,無黨籍及未經政黨推薦,1726,中國國民黨,0,民主進步黨,0,中國國民黨,0,中國國民黨,0,無黨籍及未經政黨推薦,0,中國國民黨,0,中國國民黨,0,民主進步黨,0,無黨籍及未經政黨推薦,0,民主進步黨,0,無黨籍及未經政黨推薦,0,無黨籍及未經政黨推薦,0,中國國民黨,0,中國國民黨,0,民主進步黨,0,中國國民黨,0,中國國民黨,0,民主進步黨,0,民主進步黨,0,無黨籍及未經政黨推薦,0,中國國民黨,0,無黨籍及未經政黨推薦,0,無黨籍及未經政黨推薦,0,中國國民黨,0,民主進步黨,0,中國國民黨,0,無黨籍及未經政黨推薦,0,無黨籍及未經政黨推薦,0,無黨籍及未經政黨推薦,0,民主進步黨,0,無黨籍及未經政黨推薦,0,無黨籍及未經政黨推薦,0,民主進步黨,0,中國國民黨,0,無黨籍及未經政黨推薦,0,無黨籍及未經政黨推薦,0,無黨籍及未經政黨推薦,0,無黨籍及未經政黨推薦,0,民主進步黨,0,中國國民黨,0,中國國民黨,0,無黨籍及未經政黨推薦,0,民主進步黨,0,無黨籍及未經政黨推薦,0,無黨籍及未經政黨推薦,0,無黨籍及未經政黨推薦,0,無黨籍及未經政黨推薦,3760,120,3880,0,3880,1532,5412,71.69
線西村,0001,1382,民主進步黨,0,中國國民黨,0,中國國民黨,0,民主進步黨,0,民主進步黨,0,中國國民黨,0,中國國民黨,0,中國國民黨,0,中國國民黨,0,無黨籍及未經政黨推薦,0,中國國民黨,0,無黨籍及未經政黨推薦,104,民主進步黨,0,民主進步黨,0,民主進步黨,0,中國國民黨,0,民主進步黨,0,民主進步黨,0,民主進步黨,0,中國國民黨,0,民主進步黨,0,無黨籍及未經政黨推薦,0,無黨籍及未經政黨推薦,0,無黨籍及未經政黨推薦,1680,中國國民黨,0,民主進步黨,0,中國國民黨,0,中國國民黨,0,無黨籍及未經政黨推薦,0,中國國民黨,0,中國國民黨,0,民主進步黨,0,無黨籍及未經政黨推薦,0,民主進步黨,0,無黨籍及未經政黨推薦,0,無黨籍及未經政黨推薦,0,中國國民黨,0,中國國民黨,0,民主進步黨,0,中國國民黨,0,中國國民黨,0,民主進步黨,0,民主進步黨,0,無黨籍及未經政黨推薦,0,中國國民黨,0,無黨籍及未經政黨推薦,0,無黨籍及未經政黨推薦,0,中國國民黨,0,民主進步黨,0,中國國民黨,0,無黨籍及未經政黨推薦,0,無黨籍及未經政黨推薦,0,無黨籍及未經政黨推薦,0,民主進步黨,0,無黨籍及未經政黨推薦,0,無黨籍及未經政黨推薦,0,民主進步黨,0,中國國民黨,0,無黨籍及未經政黨推薦,0,無黨籍及未經政黨推薦,0,無黨籍及未經政黨推薦,0,無黨籍及未經政黨推薦,0,民主進步黨,0,中國國民黨,0,中國國民黨,0,無黨籍及未經政黨推薦,0,民主進步黨,0,無黨籍及未經政黨推薦,0,無黨籍及未經政黨推薦,0,無黨籍及未經政黨推薦,0,無黨籍及未經政黨推薦,3166,86,3252,0,3252,1144,4396,73.98
頂庄村,0002,674,民主進步黨,0,中國國民黨,0,中國國民黨,0,民主進步黨,0,民主進步黨,0,中國國民黨,0,中國國民黨,0,中國國民黨,0,中國國民黨,0,無黨籍及未經政黨推薦,0,中國國民黨,0,無黨籍及未經政黨推薦,54,民主進步黨,0,民主進步黨,0,民主進步黨,0,中國國民黨,0,民主進步黨,0,民主進步黨,0,民主進步黨,0,中國國民黨,0,民主進步黨,0,無黨籍及未經政黨推薦,0,無黨籍及未經政黨推薦,0,無黨籍及未經政黨推薦,878,中國國民黨,0,民主進步黨,0,中國國民黨,0,中國國民黨,0,無黨籍及未經政黨推薦,0,中國國民黨,0,中國國民黨,0,民主進步黨,0,無黨籍及未經政黨推薦,0,民主進步黨,0,無黨籍及未經政黨推薦,0,無黨籍及未經政黨推薦,0,中國國民黨,0,中國國民黨,0,民主進步黨,0,中國國民黨,0,中國國民黨,0,民主進步黨,0,民主進步黨,0,無黨籍及未經政黨推薦,0,中國國民黨,0,無黨籍及未經政黨推薦,0,無黨籍及未經政黨推薦,0,中國國民黨,0,民主進步黨,0,中國國民黨,0,無黨籍及未經政黨推薦,0,無黨籍及未經政黨推薦,0,無黨籍及未經政黨推薦,0,民主進步黨,0,無黨籍及未經政黨推薦,0,無黨籍及未經政黨推薦,0,民主進步黨,0,中國國民黨,0,無黨籍及未經政黨推薦,0,無黨籍及未經政黨推薦,0,無黨籍及未經政黨推薦,0,無黨籍及未經政黨推薦,0,民主進步黨,0,中國國民黨,0,中國國民黨,0,無黨籍及未經政黨推薦,0,民主進步黨,0,無黨籍及未經政黨推薦,0,無黨籍及未經政黨推薦,0,無黨籍及未經政黨推薦,0,無黨籍及未經政黨推薦,1606,52,1658,0,1658,704,2362,70.19
寓埔村,0003,1534,民主進步黨,0,中國國民黨,0,中國國民黨,0,民主進步黨,0,民主進步黨,0,中國國民黨,0,中國國民黨,0,中國國民黨,0,中國國民黨,0,無黨籍及未經政黨推薦,0,中國國民黨,0,無黨籍及未經政黨推薦,120,民主進步黨,0,民主進步黨,0,民主進步黨,0,中國國民黨,0,民主進步黨,0,民主進步黨,0,民主進步黨,0,中國國民黨,0,民主進步黨,0,無黨籍及未經政黨推薦,0,無黨籍及未經政黨推薦,0,無黨籍及未經政黨推薦,1508,中國國民黨,0,民主進步黨,0,中國國民黨,0,中國國民黨,0,無黨籍及未經政黨推薦,0,中國國民黨,0,中國國民黨,0,民主進步黨,0,無黨籍及未經政黨推薦,0,民主進步黨,0,無黨籍及未經政黨推薦,0,無黨籍及未經政黨推薦,0,中國國民黨,0,中國國民黨,0,民主進步黨,0,中國國民黨,0,中國國民黨,0,民主進步黨,0,民主進步黨,0,無黨籍及未經政黨推薦,0,中國國民黨,0,無黨籍及未經政黨推薦,0,無黨籍及未經政黨推薦,0,中國國民黨,0,民主進步黨,0,中國國民黨,0,無黨籍及未經政黨推薦,0,無黨籍及未經政黨推薦,0,無黨籍及未經政黨推薦,0,民主進步黨,0,無黨籍及未經政黨推薦,0,無黨籍及未經政黨推薦,0,民主進步黨,0,中國國民黨,0,無黨籍及未經政黨推薦,0,無黨籍及未經政黨推薦,0,無黨籍及未經政黨推薦,0,無黨籍及未經政黨推薦,0,民主進步黨,0,中國國民黨,0,中國國民黨,0,無黨籍及未經政黨推薦,0,民主進步黨,0,無黨籍及未經政黨推薦,0,無黨籍及未經政黨推薦,0,無黨籍及未經政黨推薦,0,無黨籍及未經政黨推薦,3162,96,3258,0,3258,1184,4442,73.35
塭仔村,0004,860,民主進步黨,0,中國國民黨,0,中國國民黨,0,民主進步黨,0,民主進步黨,0,中國國民黨,0,中國國民黨,0,中國國民黨,0,中國國民黨,0,無黨籍及未經政黨推薦,0,中國國民黨,0,無黨籍及未經政黨推薦,54,民主進步黨,0,民主進步黨,0,民主進步黨,0,中國國民黨,0,民主進步黨,0,民主進步黨,0,民主進步黨,0,中國國民黨,0,民主進步黨,0,無黨籍及未經政黨推薦,0,無黨籍及未經政黨推薦,0,無黨籍及未經政黨推薦,776,中國國民黨,0,民主進步黨,0,中國國民黨,0,中國國民黨,0,無黨籍及未經政黨推薦,0,中國國民黨,0,中國國民黨,0,民主進步黨,0,無黨籍及未經政黨推薦,0,民主進步黨,0,無黨籍及未經政黨推薦,0,無黨籍及未經政黨推薦,0,中國國民黨,0,中國國民黨,0,民主進步黨,0,中國國民黨,0,中國國民黨,0,民主進步黨,0,民主進步黨,0,無黨籍及未經政黨推薦,0,中國國民黨,0,無黨籍及未經政黨推薦,0,無黨籍及未經政黨推薦,0,中國國民黨,0,民主進步黨,0,中國國民黨,0,無黨籍及未經政黨推薦,0,無黨籍及未經政黨推薦,0,無黨籍及未經政黨推薦,0,民主進步黨,0,無黨籍及未經政黨推薦,0,無黨籍及未經政黨推薦,0,民主進步黨,0,中國國民黨,0,無黨籍及未經政黨推薦,0,無黨籍及未經政黨推薦,0,無黨籍及未經政黨推薦,0,無黨籍及未經政黨推薦,0,民主進步黨,0,中國國民黨,0,中國國民黨,0,無黨籍及未經政黨推薦,0,民主進步黨,0,無黨籍及未經政黨推薦,0,無黨籍及未經政黨推薦,0,無黨籍及未經政黨推薦,0,無黨籍及未經政黨推薦,1690,36,1726,0,1726,682,2408,71.68
溝內村,0005,724,民主進步黨,0,中國國民黨,0,中國國民黨,0,民主進步黨,0,民主進步黨,0,中國國民黨,0,中國國民黨,0,中國國民黨,0,中國國民黨,0,無黨籍及未經政黨推薦,0,中國國民黨,0,無黨籍及未經政黨推薦,48,民主進步黨,0,民主進步黨,0,民主進步黨,0,中國國民黨,0,民主進步黨,0,民主進步黨,0,民主進步黨,0,中國國民黨,0,民主進步黨,0,無黨籍及未經政黨推薦,0,無黨籍及未經政黨推薦,0,無黨籍及未經政黨推薦,802,中國國民黨,0,民主進步黨,0,中國國民黨,0,中國國民黨,0,無黨籍及未經政黨推薦,0,中國國民黨,0,中國國民黨,0,民主進步黨,0,無黨籍及未經政黨推薦,0,民主進步黨,0,無黨籍及未經政黨推薦,0,無黨籍及未經政黨推薦,0,中國國民黨,0,中國國民黨,0,民主進步黨,0,中國國民黨,0,中國國民黨,0,民主進步黨,0,民主進步黨,0,無黨籍及未經政黨推薦,0,中國國民黨,0,無黨籍及未經政黨推薦,0,無黨籍及未經政黨推薦,0,中國國民黨,0,民主進步黨,0,中國國民黨,0,無黨籍及未經政黨推薦,0,無黨籍及未經政黨推薦,0,無黨籍及未經政黨推薦,0,民主進步黨,0,無黨籍及未經政黨推薦,0,無黨籍及未經政黨推薦,0,民主進步黨,0,中國國民黨,0,無黨籍及未經政黨推薦,0,無黨籍及未經政黨推薦,0,無黨籍及未經政黨推薦,0,無黨籍及未經政黨推薦,0,民主進步黨,0,中國國民黨,0,中國國民黨,0,無黨籍及未經政黨推薦,0,民主進步黨,0,無黨籍及未經政黨推薦,0,無黨籍及未經政黨推薦,0,無黨籍及未經政黨推薦,0,無黨籍及未經政黨推薦,1574,68,1642,0,1642,714,2356,69.69
下犁村,0006,1252,民主進步黨,0,中國國民黨,0,中國國民黨,0,民主進步黨,0,民主進步黨,0,中國國民黨,0,中國國民黨,0,中國國民黨,0,中國國民黨,0,無黨籍及未經政黨推薦,0,中國國民黨,0,無黨籍及未經政黨推薦,92,民主進步黨,0,民主進步黨,0,民主進步黨,0,中國國民黨,0,民主進步黨,0,民主進步黨,0,民主進步黨,0,中國國民黨,0,民主進步黨,0,無黨籍及未經政黨推薦,0,無黨籍及未經政黨推薦,0,無黨籍及未經政黨推薦,1266,中國國民黨,0,民主進步黨,0,中國國民黨,0,中國國民黨,0,無黨籍及未經政黨推薦,0,中國國民黨,0,中國國民黨,0,民主進步黨,0,無黨籍及未經政黨推薦,0,民主進步黨,0,無黨籍及未經政黨推薦,0,無黨籍及未經政黨推薦,0,中國國民黨,0,中國國民黨,0,民主進步黨,0,中國國民黨,0,中國國民黨,0,民主進步黨,0,民主進步黨,0,無黨籍及未經政黨推薦,0,中國國民黨,0,無黨籍及未經政黨推薦,0,無黨籍及未經政黨推薦,0,中國國民黨,0,民主進步黨,0,中國國民黨,0,無黨籍及未經政黨推薦,0,無黨籍及未經政黨推薦,0,無黨籍及未經政黨推薦,0,民主進步黨,0,無黨籍及未經政黨推薦,0,無黨籍及未經政黨推薦,0,民主進步黨,0,中國國民黨,0,無黨籍及未經政黨推薦,0,無黨籍及未經政黨推薦,0,無黨籍及未經政黨推薦,0,無黨籍及未經政黨推薦,0,民主進步黨,0,中國國民黨,0,中國國民黨,0,無黨籍及未經政黨推薦,0,民主進步黨,0,無黨籍及未經政黨推薦,0,無黨籍及未經政黨推薦,0,無黨籍及未經政黨推薦,0,無黨籍及未經政黨推薦,2610,86,2696,0,2696,938,3634,74.19
頂犁村,0007,1620,民主進步黨,0,中國國民黨,0,中國國民黨,0,民主進步黨,0,民主進步黨,0,中國國民黨,0,中國國民黨,0,中國國民黨,0,中國國民黨,0,無黨籍及未經政黨推薦,0,中國國民黨,0,無黨籍及未經政黨推薦,102,民主進步黨,0,民主進步黨,0,民主進步黨,0,中國國民黨,0,民主進步黨,0,民主進步黨,0,民主進步黨,0,中國國民黨,0,民主進步黨,0,無黨籍及未經政黨推薦,0,無黨籍及未經政黨推薦,0,無黨籍及未經政黨推薦,1676,中國國民黨,0,民主進步黨,0,中國國民黨,0,中國國民黨,0,無黨籍及未經政黨推薦,0,中國國民黨,0,中國國民黨,0,民主進步黨,0,無黨籍及未經政黨推薦,0,民主進步黨,0,無黨籍及未經政黨推薦,0,無黨籍及未經政黨推薦,0,中國國民黨,0,中國國民黨,0,民主進步黨,0,中國國民黨,0,中國國民黨,0,民主進步黨,0,民主進步黨,0,無黨籍及未經政黨推薦,0,中國國民黨,0,無黨籍及未經政黨推薦,0,無黨籍及未經政黨推薦,0,中國國民黨,0,民主進步黨,0,中國國民黨,0,無黨籍及未經政黨推薦,0,無黨籍及未經政黨推薦,0,無黨籍及未經政黨推薦,0,民主進步黨,0,無黨籍及未經政黨推薦,0,無黨籍及未經政黨推薦,0,民主進步黨,0,中國國民黨,0,無黨籍及未經政黨推薦,0,無黨籍及未經政黨推薦,0,無黨籍及未經政黨推薦,0,無黨籍及未經政黨推薦,0,民主進步黨,0,中國國民黨,0,中國國民黨,0,無黨籍及未經政黨推薦,0,民主進步黨,0,無黨籍及未經政黨推薦,0,無黨籍及未經政黨推薦,0,無黨籍及未經政黨推薦,0,無黨籍及未經政黨推薦,3398,122,3520,0,3520,1406,4926,71.46
德興村,0008,950,民主進步黨,0,中國國民黨,0,中國國民黨,0,民主進步黨,0,民主進步黨,0,中國國民黨,0,中國國民黨,0,中國國民黨,0,中國國民黨,0,無黨籍及未經政黨推薦,0,中國國民黨,0,無黨籍及未經政黨推薦,60,民主進步黨,0,民主進步黨,0,民主進步黨,0,中國國民黨,0,民主進步黨,0,民主進步黨,0,民主進步黨,0,中國國民黨,0,民主進步黨,0,無黨籍及未經政黨推薦,0,無黨籍及未經政黨推薦,0,無黨籍及未經政黨推薦,882,中國國民黨,0,民主進步黨,0,中國國民黨,0,中國國民黨,0,無黨籍及未經政黨推薦,0,中國國民黨,0,中國國民黨,0,民主進步黨,0,無黨籍及未經政黨推薦,0,民主進步黨,0,無黨籍及未經政黨推薦,0,無黨籍及未經政黨推薦,0,中國國民黨,0,中國國民黨,0,民主進步黨,0,中國國民黨,0,中國國民黨,0,民主進步黨,0,民主進步黨,0,無黨籍及未經政黨推薦,0,中國國民黨,0,無黨籍及未經政黨推薦,0,無黨籍及未經政黨推薦,0,中國國民黨,0,民主進步黨,0,中國國民黨,0,無黨籍及未經政黨推薦,0,無黨籍及未經政黨推薦,0,無黨籍及未經政黨推薦,0,民主進步黨,0,無黨籍及未經政黨推薦,0,無黨籍及未經政黨推薦,0,民主進步黨,0,中國國民黨,0,無黨籍及未經政黨推薦,0,無黨籍及未經政黨推薦,0,無黨籍及未經政黨推薦,0,無黨籍及未經政黨推薦,0,民主進步黨,0,中國國民黨,0,中國國民黨,0,無黨籍及未經政黨推薦,0,民主進步黨,0,無黨籍及未經政黨推薦,0,無黨籍及未經政黨推薦,0,無黨籍及未經政黨推薦,0,無黨籍及未經政黨推薦,1892,44,1936,0,1936,724,2660,72.78
曾家村,0001,1176,民主進步黨,0,中國國民黨,0,中國國民黨,0,民主進步黨,0,民主進步黨,0,中國國民黨,0,中國國民黨,0,中國國民黨,0,中國國民黨,0,無黨籍及未經政黨推薦,0,中國國民黨,0,無黨籍及未經政黨推薦,66,民主進步黨,0,民主進步黨,0,民主進步黨,0,中國國民黨,0,民主進步黨,0,民主進步黨,0,民主進步黨,0,中國國民黨,0,民主進步黨,0,無黨籍及未經政黨推薦,0,無黨籍及未經政黨推薦,0,無黨籍及未經政黨推薦,1034,中國國民黨,0,民主進步黨,0,中國國民黨,0,中國國民黨,0,無黨籍及未經政黨推薦,0,中國國民黨,0,中國國民黨,0,民主進步黨,0,無黨籍及未經政黨推薦,0,民主進步黨,0,無黨籍及未經政黨推薦,0,無黨籍及未經政黨推薦,0,中國國民黨,0,中國國民黨,0,民主進步黨,0,中國國民黨,0,中國國民黨,0,民主進步黨,0,民主進步黨,0,無黨籍及未經政黨推薦,0,中國國民黨,0,無黨籍及未經政黨推薦,0,無黨籍及未經政黨推薦,0,中國國民黨,0,民主進步黨,0,中國國民黨,0,無黨籍及未經政黨推薦,0,無黨籍及未經政黨推薦,0,無黨籍及未經政黨推薦,0,民主進步黨,0,無黨籍及未經政黨推薦,0,無黨籍及未經政黨推薦,0,民主進步黨,0,中國國民黨,0,無黨籍及未經政黨推薦,0,無黨籍及未經政黨推薦,0,無黨籍及未經政黨推薦,0,無黨籍及未經政黨推薦,0,民主進步黨,0,中國國民黨,0,中國國民黨,0,無黨籍及未經政黨推薦,0,民主進步黨,0,無黨籍及未經政黨推薦,0,無黨籍及未經政黨推薦,0,無黨籍及未經政黨推薦,0,無黨籍及未經政黨推薦,2276,74,2350,0,2350,1026,3376,69.61
蚵寮村,0002,996,民主進步黨,0,中國國民黨,0,中國國民黨,0,民主進步黨,0,民主進步黨,0,中國國民黨,0,中國國民黨,0,中國國民黨,0,中國國民黨,0,無黨籍及未經政黨推薦,0,中國國民黨,0,無黨籍及未經政黨推薦,40,民主進步黨,0,民主進步黨,0,民主進步黨,0,中國國民黨,0,民主進步黨,0,民主進步黨,0,民主進步黨,0,中國國民黨,0,民主進步黨,0,無黨籍及未經政黨推薦,0,無黨籍及未經政黨推薦,0,無黨籍及未經政黨推薦,510,中國國民黨,0,民主進步黨,0,中國國民黨,0,中國國民黨,0,無黨籍及未經政黨推薦,0,中國國民黨,0,中國國民黨,0,民主進步黨,0,無黨籍及未經政黨推薦,0,民主進步黨,0,無黨籍及未經政黨推薦,0,無黨籍及未經政黨推薦,0,中國國民黨,0,中國國民黨,0,民主進步黨,0,中國國民黨,0,中國國民黨,0,民主進步黨,0,民主進步黨,0,無黨籍及未經政黨推薦,0,中國國民黨,0,無黨籍及未經政黨推薦,0,無黨籍及未經政黨推薦,0,中國國民黨,0,民主進步黨,0,中國國民黨,0,無黨籍及未經政黨推薦,0,無黨籍及未經政黨推薦,0,無黨籍及未經政黨推薦,0,民主進步黨,0,無黨籍及未經政黨推薦,0,無黨籍及未經政黨推薦,0,民主進步黨,0,中國國民黨,0,無黨籍及未經政黨推薦,0,無黨籍及未經政黨推薦,0,無黨籍及未經政黨推薦,0,無黨籍及未經政黨推薦,0,民主進步黨,0,中國國民黨,0,中國國民黨,0,無黨籍及未經政黨推薦,0,民主進步黨,0,無黨籍及未經政黨推薦,0,無黨籍及未經政黨推薦,0,無黨籍及未經政黨推薦,0,無黨籍及未經政黨推薦,1546,30,1576,0,1576,648,2224,70.86
埤墘村,0003,1166,民主進步黨,0,中國國民黨,0,中國國民黨,0,民主進步黨,0,民主進步黨,0,中國國民黨,0,中國國民黨,0,中國國民黨,0,中國國民黨,0,無黨籍及未經政黨推薦,0,中國國民黨,0,無黨籍及未經政黨推薦,86,民主進步黨,0,民主進步黨,0,民主進步黨,0,中國國民黨,0,民主進步黨,0,民主進步黨,0,民主進步黨,0,中國國民黨,0,民主進步黨,0,無黨籍及未經政黨推薦,0,無黨籍及未經政黨推薦,0,無黨籍及未經政黨推薦,924,中國國民黨,0,民主進步黨,0,中國國民黨,0,中國國民黨,0,無黨籍及未經政黨推薦,0,中國國民黨,0,中國國民黨,0,民主進步黨,0,無黨籍及未經政黨推薦,0,民主進步黨,0,無黨籍及未經政黨推薦,0,無黨籍及未經政黨推薦,0,中國國民黨,0,中國國民黨,0,民主進步黨,0,中國國民黨,0,中國國民黨,0,民主進步黨,0,民主進步黨,0,無黨籍及未經政黨推薦,0,中國國民黨,0,無黨籍及未經政黨推薦,0,無黨籍及未經政黨推薦,0,中國國民黨,0,民主進步黨,0,中國國民黨,0,無黨籍及未經政黨推薦,0,無黨籍及未經政黨推薦,0,無黨籍及未經政黨推薦,0,民主進步黨,0,無黨籍及未經政黨推薦,0,無黨籍及未經政黨推薦,0,民主進步黨,0,中國國民黨,0,無黨籍及未經政黨推薦,0,無黨籍及未經政黨推薦,0,無黨籍及未經政黨推薦,0,無黨籍及未經政黨推薦,0,民主進步黨,0,中國國民黨,0,中國國民黨,0,無黨籍及未經政黨推薦,0,民主進步黨,0,無黨籍及未經政黨推薦,0,無黨籍及未經政黨推薦,0,無黨籍及未經政黨推薦,0,無黨籍及未經政黨推薦,2176,64,2240,0,2240,760,3000,74.67
溪底村,0004,1554,民主進步黨,0,中國國民黨,0,中國國民黨,0,民主進步黨,0,民主進步黨,0,中國國民黨,0,中國國民黨,0,中國國民黨,0,中國國民黨,0,無黨籍及未經政黨推薦,0,中國國民黨,0,無黨籍及未經政黨推薦,100,民主進步黨,0,民主進步黨,0,民主進步黨,0,中國國民黨,0,民主進步黨,0,民主進步黨,0,民主進步黨,0,中國國民黨,0,民主進步黨,0,無黨籍及未經政黨推薦,0,無黨籍及未經政黨推薦,0,無黨籍及未經政黨推薦,1162,中國國民黨,0,民主進步黨,0,中國國民黨,0,中國國民黨,0,無黨籍及未經政黨推薦,0,中國國民黨,0,中國國民黨,0,民主進步黨,0,無黨籍及未經政黨推薦,0,民主進步黨,0,無黨籍及未經政黨推薦,0,無黨籍及未經政黨推薦,0,中國國民黨,0,中國國民黨,0,民主進步黨,0,中國國民黨,0,中國國民黨,0,民主進步黨,0,民主進步黨,0,無黨籍及未經政黨推薦,0,中國國民黨,0,無黨籍及未經政黨推薦,0,無黨籍及未經政黨推薦,0,中國國民黨,0,民主進步黨,0,中國國民黨,0,無黨籍及未經政黨推薦,0,無黨籍及未經政黨推薦,0,無黨籍及未經政黨推薦,0,民主進步黨,0,無黨籍及未經政黨推薦,0,無黨籍及未經政黨推薦,0,民主進步黨,0,中國國民黨,0,無黨籍及未經政黨推薦,0,無黨籍及未經政黨推薦,0,無黨籍及未經政黨推薦,0,無黨籍及未經政黨推薦,0,民主進步黨,0,中國國民黨,0,中國國民黨,0,無黨籍及未經政黨推薦,0,民主進步黨,0,無黨籍及未經政黨推薦,0,無黨籍及未經政黨推薦,0,無黨籍及未經政黨推薦,0,無黨籍及未經政黨推薦,2816,102,2918,0,2918,1260,4178,69.84
泉州村,0005,1328,民主進步黨,0,中國國民黨,0,中國國民黨,0,民主進步黨,0,民主進步黨,0,中國國民黨,0,中國國民黨,0,中國國民黨,0,中國國民黨,0,無黨籍及未經政黨推薦,0,中國國民黨,0,無黨籍及未經政黨推薦,120,民主進步黨,0,民主進步黨,0,民主進步黨,0,中國國民黨,0,民主進步黨,0,民主進步黨,0,民主進步黨,0,中國國民黨,0,民主進步黨,0,無黨籍及未經政黨推薦,0,無黨籍及未經政黨推薦,0,無黨籍及未經政黨推薦,1300,中國國民黨,0,民主進步黨,0,中國國民黨,0,中國國民黨,0,無黨籍及未經政黨推薦,0,中國國民黨,0,中國國民黨,0,民主進步黨,0,無黨籍及未經政黨推薦,0,民主進步黨,0,無黨籍及未經政黨推薦,0,無黨籍及未經政黨推薦,0,中國國民黨,0,中國國民黨,0,民主進步黨,0,中國國民黨,0,中國國民黨,0,民主進步黨,0,民主進步黨,0,無黨籍及未經政黨推薦,0,中國國民黨,0,無黨籍及未經政黨推薦,0,無黨籍及未經政黨推薦,0,中國國民黨,0,民主進步黨,0,中國國民黨,0,無黨籍及未經政黨推薦,0,無黨籍及未經政黨推薦,0,無黨籍及未經政黨推薦,0,民主進步黨,0,無黨籍及未經政黨推薦,0,無黨籍及未經政黨推薦,0,民主進步黨,0,中國國民黨,0,無黨籍及未經政黨推薦,0,無黨籍及未經政黨推薦,0,無黨籍及未經政黨推薦,0,無黨籍及未經政黨推薦,0,民主進步黨,0,中國國民黨,0,中國國民黨,0,無黨籍及未經政黨推薦,0,民主進步黨,0,無黨籍及未經政黨推薦,0,無黨籍及未經政黨推薦,0,無黨籍及未經政黨推薦,0,無黨籍及未經政黨推薦,2748,66,2814,0,2814,1016,3830,73.47
泉厝村,0006,778,民主進步黨,0,中國國民黨,0,中國國民黨,0,民主進步黨,0,民主進步黨,0,中國國民黨,0,中國國民黨,0,中國國民黨,0,中國國民黨,0,無黨籍及未經政黨推薦,0,中國國民黨,0,無黨籍及未經政黨推薦,50,民主進步黨,0,民主進步黨,0,民主進步黨,0,中國國民黨,0,民主進步黨,0,民主進步黨,0,民主進步黨,0,中國國民黨,0,民主進步黨,0,無黨籍及未經政黨推薦,0,無黨籍及未經政黨推薦,0,無黨籍及未經政黨推薦,896,中國國民黨,0,民主進步黨,0,中國國民黨,0,中國國民黨,0,無黨籍及未經政黨推薦,0,中國國民黨,0,中國國民黨,0,民主進步黨,0,無黨籍及未經政黨推薦,0,民主進步黨,0,無黨籍及未經政黨推薦,0,無黨籍及未經政黨推薦,0,中國國民黨,0,中國國民黨,0,民主進步黨,0,中國國民黨,0,中國國民黨,0,民主進步黨,0,民主進步黨,0,無黨籍及未經政黨推薦,0,中國國民黨,0,無黨籍及未經政黨推薦,0,無黨籍及未經政黨推薦,0,中國國民黨,0,民主進步黨,0,中國國民黨,0,無黨籍及未經政黨推薦,0,無黨籍及未經政黨推薦,0,無黨籍及未經政黨推薦,0,民主進步黨,0,無黨籍及未經政黨推薦,0,無黨籍及未經政黨推薦,0,民主進步黨,0,中國國民黨,0,無黨籍及未經政黨推薦,0,無黨籍及未經政黨推薦,0,無黨籍及未經政黨推薦,0,無黨籍及未經政黨推薦,0,民主進步黨,0,中國國民黨,0,中國國民黨,0,無黨籍及未經政黨推薦,0,民主進步黨,0,無黨籍及未經政黨推薦,0,無黨籍及未經政黨推薦,0,無黨籍及未經政黨推薦,0,無黨籍及未經政黨推薦,1724,52,1776,0,1776,640,2416,73.51
海尾村,0007,1210,民主進步黨,0,中國國民黨,0,中國國民黨,0,民主進步黨,0,民主進步黨,0,中國國民黨,0,中國國民黨,0,中國國民黨,0,中國國民黨,0,無黨籍及未經政黨推薦,0,中國國民黨,0,無黨籍及未經政黨推薦,52,民主進步黨,0,民主進步黨,0,民主進步黨,0,中國國民黨,0,民主進步黨,0,民主進步黨,0,民主進步黨,0,中國國民黨,0,民主進步黨,0,無黨籍及未經政黨推薦,0,無黨籍及未經政黨推薦,0,無黨籍及未經政黨推薦,1216,中國國民黨,0,民主進步黨,0,中國國民黨,0,中國國民黨,0,無黨籍及未經政黨推薦,0,中國國民黨,0,中國國民黨,0,民主進步黨,0,無黨籍及未經政黨推薦,0,民主進步黨,0,無黨籍及未經政黨推薦,0,無黨籍及未經政黨推薦,0,中國國民黨,0,中國國民黨,0,民主進步黨,0,中國國民黨,0,中國國民黨,0,民主進步黨,0,民主進步黨,0,無黨籍及未經政黨推薦,0,中國國民黨,0,無黨籍及未經政黨推薦,0,無黨籍及未經政黨推薦,0,中國國民黨,0,民主進步黨,0,中國國民黨,0,無黨籍及未經政黨推薦,0,無黨籍及未經政黨推薦,0,無黨籍及未經政黨推薦,0,民主進步黨,0,無黨籍及未經政黨推薦,0,無黨籍及未經政黨推薦,0,民主進步黨,0,中國國民黨,0,無黨籍及未經政黨推薦,0,無黨籍及未經政黨推薦,0,無黨籍及未經政黨推薦,0,無黨籍及未經政黨推薦,0,民主進步黨,0,中國國民黨,0,中國國民黨,0,無黨籍及未經政黨推薦,0,民主進步黨,0,無黨籍及未經政黨推薦,0,無黨籍及未經政黨推薦,0,無黨籍及未經政黨推薦,0,無黨籍及未經政黨推薦,2478,80,2558,0,2558,942,3500,73.09
全興村,0008,798,民主進步黨,0,中國國民黨,0,中國國民黨,0,民主進步黨,0,民主進步黨,0,中國國民黨,0,中國國民黨,0,中國國民黨,0,中國國民黨,0,無黨籍及未經政黨推薦,0,中國國民黨,0,無黨籍及未經政黨推薦,46,民主進步黨,0,民主進步黨,0,民主進步黨,0,中國國民黨,0,民主進步黨,0,民主進步黨,0,民主進步黨,0,中國國民黨,0,民主進步黨,0,無黨籍及未經政黨推薦,0,無黨籍及未經政黨推薦,0,無黨籍及未經政黨推薦,1364,中國國民黨,0,民主進步黨,0,中國國民黨,0,中國國民黨,0,無黨籍及未經政黨推薦,0,中國國民黨,0,中國國民黨,0,民主進步黨,0,無黨籍及未經政黨推薦,0,民主進步黨,0,無黨籍及未經政黨推薦,0,無黨籍及未經政黨推薦,0,中國國民黨,0,中國國民黨,0,民主進步黨,0,中國國民黨,0,中國國民黨,0,民主進步黨,0,民主進步黨,0,無黨籍及未經政黨推薦,0,中國國民黨,0,無黨籍及未經政黨推薦,0,無黨籍及未經政黨推薦,0,中國國民黨,0,民主進步黨,0,中國國民黨,0,無黨籍及未經政黨推薦,0,無黨籍及未經政黨推薦,0,無黨籍及未經政黨推薦,0,民主進步黨,0,無黨籍及未經政黨推薦,0,無黨籍及未經政黨推薦,0,民主進步黨,0,中國國民黨,0,無黨籍及未經政黨推薦,0,無黨籍及未經政黨推薦,0,無黨籍及未經政黨推薦,0,無黨籍及未經政黨推薦,0,民主進步黨,0,中國國民黨,0,中國國民黨,0,無黨籍及未經政黨推薦,0,民主進步黨,0,無黨籍及未經政黨推薦,0,無黨籍及未經政黨推薦,0,無黨籍及未經政黨推薦,0,無黨籍及未經政黨推薦,2208,68,2276,0,2276,978,3254,69.94
定興村,0009,1558,民主進步黨,0,中國國民黨,0,中國國民黨,0,民主進步黨,0,民主進步黨,0,中國國民黨,0,中國國民黨,0,中國國民黨,0,中國國民黨,0,無黨籍及未經政黨推薦,0,中國國民黨,0,無黨籍及未經政黨推薦,108,民主進步黨,0,民主進步黨,0,民主進步黨,0,中國國民黨,0,民主進步黨,0,民主進步黨,0,民主進步黨,0,中國國民黨,0,民主進步黨,0,無黨籍及未經政黨推薦,0,無黨籍及未經政黨推薦,0,無黨籍及未經政黨推薦,1836,中國國民黨,0,民主進步黨,0,中國國民黨,0,中國國民黨,0,無黨籍及未經政黨推薦,0,中國國民黨,0,中國國民黨,0,民主進步黨,0,無黨籍及未經政黨推薦,0,民主進步黨,0,無黨籍及未經政黨推薦,0,無黨籍及未經政黨推薦,0,中國國民黨,0,中國國民黨,0,民主進步黨,0,中國國民黨,0,中國國民黨,0,民主進步黨,0,民主進步黨,0,無黨籍及未經政黨推薦,0,中國國民黨,0,無黨籍及未經政黨推薦,0,無黨籍及未經政黨推薦,0,中國國民黨,0,民主進步黨,0,中國國民黨,0,無黨籍及未經政黨推薦,0,無黨籍及未經政黨推薦,0,無黨籍及未經政黨推薦,0,民主進步黨,0,無黨籍及未經政黨推薦,0,無黨籍及未經政黨推薦,0,民主進步黨,0,中國國民黨,0,無黨籍及未經政黨推薦,0,無黨籍及未經政黨推薦,0,無黨籍及未經政黨推薦,0,無黨籍及未經政黨推薦,0,民主進步黨,0,中國國民黨,0,中國國民黨,0,無黨籍及未經政黨推薦,0,民主進步黨,0,無黨籍及未經政黨推薦,0,無黨籍及未經政黨推薦,0,無黨籍及未經政黨推薦,0,無黨籍及未經政黨推薦,3502,106,3608,0,3608,1578,5186,69.57
新港村,0010,3478,民主進步黨,0,中國國民黨,0,中國國民黨,0,民主進步黨,0,民主進步黨,0,中國國民黨,0,中國國民黨,0,中國國民黨,0,中國國民黨,0,無黨籍及未經政黨推薦,0,中國國民黨,0,無黨籍及未經政黨推薦,222,民主進步黨,0,民主進步黨,0,民主進步黨,0,中國國民黨,0,民主進步黨,0,民主進步黨,0,民主進步黨,0,中國國民黨,0,民主進步黨,0,無黨籍及未經政黨推薦,0,無黨籍及未經政黨推薦,0,無黨籍及未經政黨推薦,3446,中國國民黨,0,民主進步黨,0,中國國民黨,0,中國國民黨,0,無黨籍及未經政黨推薦,0,中國國民黨,0,中國國民黨,0,民主進步黨,0,無黨籍及未經政黨推薦,0,民主進步黨,0,無黨籍及未經政黨推薦,0,無黨籍及未經政黨推薦,0,中國國民黨,0,中國國民黨,0,民主進步黨,0,中國國民黨,0,中國國民黨,0,民主進步黨,0,民主進步黨,0,無黨籍及未經政黨推薦,0,中國國民黨,0,無黨籍及未經政黨推薦,0,無黨籍及未經政黨推薦,0,中國國民黨,0,民主進步黨,0,中國國民黨,0,無黨籍及未經政黨推薦,0,無黨籍及未經政黨推薦,0,無黨籍及未經政黨推薦,0,民主進步黨,0,無黨籍及未經政黨推薦,0,無黨籍及未經政黨推薦,0,民主進步黨,0,中國國民黨,0,無黨籍及未經政黨推薦,0,無黨籍及未經政黨推薦,0,無黨籍及未經政黨推薦,0,無黨籍及未經政黨推薦,0,民主進步黨,0,中國國民黨,0,中國國民黨,0,無黨籍及未經政黨推薦,0,民主進步黨,0,無黨籍及未經政黨推薦,0,無黨籍及未經政黨推薦,0,無黨籍及未經政黨推薦,0,無黨籍及未經政黨推薦,7146,230,7376,0,7376,2886,10262,71.88
什股村,0011,1698,民主進步黨,0,中國國民黨,0,中國國民黨,0,民主進步黨,0,民主進步黨,0,中國國民黨,0,中國國民黨,0,中國國民黨,0,中國國民黨,0,無黨籍及未經政黨推薦,0,中國國民黨,0,無黨籍及未經政黨推薦,94,民主進步黨,0,民主進步黨,0,民主進步黨,0,中國國民黨,0,民主進步黨,0,民主進步黨,0,民主進步黨,0,中國國民黨,0,民主進步黨,0,無黨籍及未經政黨推薦,0,無黨籍及未經政黨推薦,0,無黨籍及未經政黨推薦,1632,中國國民黨,0,民主進步黨,0,中國國民黨,0,中國國民黨,0,無黨籍及未經政黨推薦,0,中國國民黨,0,中國國民黨,0,民主進步黨,0,無黨籍及未經政黨推薦,0,民主進步黨,0,無黨籍及未經政黨推薦,0,無黨籍及未經政黨推薦,0,中國國民黨,0,中國國民黨,0,民主進步黨,0,中國國民黨,0,中國國民黨,0,民主進步黨,0,民主進步黨,0,無黨籍及未經政黨推薦,0,中國國民黨,0,無黨籍及未經政黨推薦,0,無黨籍及未經政黨推薦,0,中國國民黨,0,民主進步黨,0,中國國民黨,0,無黨籍及未經政黨推薦,0,無黨籍及未經政黨推薦,0,無黨籍及未經政黨推薦,0,民主進步黨,0,無黨籍及未經政黨推薦,0,無黨籍及未經政黨推薦,0,民主進步黨,0,中國國民黨,0,無黨籍及未經政黨推薦,0,無黨籍及未經政黨推薦,0,無黨籍及未經政黨推薦,0,無黨籍及未經政黨推薦,0,民主進步黨,0,中國國民黨,0,中國國民黨,0,無黨籍及未經政黨推薦,0,民主進步黨,0,無黨籍及未經政黨推薦,0,無黨籍及未經政黨推薦,0,無黨籍及未經政黨推薦,0,無黨籍及未經政黨推薦,3424,116,3540,0,3540,1432,4972,71.2
大同村,0012,2156,民主進步黨,0,中國國民黨,0,中國國民黨,0,民主進步黨,0,民主進步黨,0,中國國民黨,0,中國國民黨,0,中國國民黨,0,中國國民黨,0,無黨籍及未經政黨推薦,0,中國國民黨,0,無黨籍及未經政黨推薦,112,民主進步黨,0,民主進步黨,0,民主進步黨,0,中國國民黨,0,民主進步黨,0,民主進步黨,0,民主進步黨,0,中國國民黨,0,民主進步黨,0,無黨籍及未經政黨推薦,0,無黨籍及未經政黨推薦,0,無黨籍及未經政黨推薦,1898,中國國民黨,0,民主進步黨,0,中國國民黨,0,中國國民黨,0,無黨籍及未經政黨推薦,0,中國國民黨,0,中國國民黨,0,民主進步黨,0,無黨籍及未經政黨推薦,0,民主進步黨,0,無黨籍及未經政黨推薦,0,無黨籍及未經政黨推薦,0,中國國民黨,0,中國國民黨,0,民主進步黨,0,中國國民黨,0,中國國民黨,0,民主進步黨,0,民主進步黨,0,無黨籍及未經政黨推薦,0,中國國民黨,0,無黨籍及未經政黨推薦,0,無黨籍及未經政黨推薦,0,中國國民黨,0,民主進步黨,0,中國國民黨,0,無黨籍及未經政黨推薦,0,無黨籍及未經政黨推薦,0,無黨籍及未經政黨推薦,0,民主進步黨,0,無黨籍及未經政黨推薦,0,無黨籍及未經政黨推薦,0,民主進步黨,0,中國國民黨,0,無黨籍及未經政黨推薦,0,無黨籍及未經政黨推薦,0,無黨籍及未經政黨推薦,0,無黨籍及未經政黨推薦,0,民主進步黨,0,中國國民黨,0,中國國民黨,0,無黨籍及未經政黨推薦,0,民主進步黨,0,無黨籍及未經政黨推薦,0,無黨籍及未經政黨推薦,0,無黨籍及未經政黨推薦,0,無黨籍及未經政黨推薦,4166,124,4290,0,4290,1446,5736,74.79
七嘉村,0013,2068,民主進步黨,0,中國國民黨,0,中國國民黨,0,民主進步黨,0,民主進步黨,0,中國國民黨,0,中國國民黨,0,中國國民黨,0,中國國民黨,0,無黨籍及未經政黨推薦,0,中國國民黨,0,無黨籍及未經政黨推薦,110,民主進步黨,0,民主進步黨,0,民主進步黨,0,中國國民黨,0,民主進步黨,0,民主進步黨,0,民主進步黨,0,中國國民黨,0,民主進步黨,0,無黨籍及未經政黨推薦,0,無黨籍及未經政黨推薦,0,無黨籍及未經政黨推薦,2058,中國國民黨,0,民主進步黨,0,中國國民黨,0,中國國民黨,0,無黨籍及未經政黨推薦,0,中國國民黨,0,中國國民黨,0,民主進步黨,0,無黨籍及未經政黨推薦,0,民主進步黨,0,無黨籍及未經政黨推薦,0,無黨籍及未經政黨推薦,0,中國國民黨,0,中國國民黨,0,民主進步黨,0,中國國民黨,0,中國國民黨,0,民主進步黨,0,民主進步黨,0,無黨籍及未經政黨推薦,0,中國國民黨,0,無黨籍及未經政黨推薦,0,無黨籍及未經政黨推薦,0,中國國民黨,0,民主進步黨,0,中國國民黨,0,無黨籍及未經政黨推薦,0,無黨籍及未經政黨推薦,0,無黨籍及未經政黨推薦,0,民主進步黨,0,無黨籍及未經政黨推薦,0,無黨籍及未經政黨推薦,0,民主進步黨,0,中國國民黨,0,無黨籍及未經政黨推薦,0,無黨籍及未經政黨推薦,0,無黨籍及未經政黨推薦,0,無黨籍及未經政黨推薦,0,民主進步黨,0,中國國民黨,0,中國國民黨,0,無黨籍及未經政黨推薦,0,民主進步黨,0,無黨籍及未經政黨推薦,0,無黨籍及未經政黨推薦,0,無黨籍及未經政黨推薦,0,無黨籍及未經政黨推薦,4236,136,4372,0,4372,1628,6000,72.87
汴頭村,0014,1528,民主進步黨,0,中國國民黨,0,中國國民黨,0,民主進步黨,0,民主進步黨,0,中國國民黨,0,中國國民黨,0,中國國民黨,0,中國國民黨,0,無黨籍及未經政黨推薦,0,中國國民黨,0,無黨籍及未經政黨推薦,60,民主進步黨,0,民主進步黨,0,民主進步黨,0,中國國民黨,0,民主進步黨,0,民主進步黨,0,民主進步黨,0,中國國民黨,0,民主進步黨,0,無黨籍及未經政黨推薦,0,無黨籍及未經政黨推薦,0,無黨籍及未經政黨推薦,1532,中國國民黨,0,民主進步黨,0,中國國民黨,0,中國國民黨,0,無黨籍及未經政黨推薦,0,中國國民黨,0,中國國民黨,0,民主進步黨,0,無黨籍及未經政黨推薦,0,民主進步黨,0,無黨籍及未經政黨推薦,0,無黨籍及未經政黨推薦,0,中國國民黨,0,中國國民黨,0,民主進步黨,0,中國國民黨,0,中國國民黨,0,民主進步黨,0,民主進步黨,0,無黨籍及未經政黨推薦,0,中國國民黨,0,無黨籍及未經政黨推薦,0,無黨籍及未經政黨推薦,0,中國國民黨,0,民主進步黨,0,中國國民黨,0,無黨籍及未經政黨推薦,0,無黨籍及未經政黨推薦,0,無黨籍及未經政黨推薦,0,民主進步黨,0,無黨籍及未經政黨推薦,0,無黨籍及未經政黨推薦,0,民主進步黨,0,中國國民黨,0,無黨籍及未經政黨推薦,0,無黨籍及未經政黨推薦,0,無黨籍及未經政黨推薦,0,無黨籍及未經政黨推薦,0,民主進步黨,0,中國國民黨,0,中國國民黨,0,無黨籍及未經政黨推薦,0,民主進步黨,0,無黨籍及未經政黨推薦,0,無黨籍及未經政黨推薦,0,無黨籍及未經政黨推薦,0,無黨籍及未經政黨推薦,3120,92,3212,0,3212,1096,4308,74.56
番社村,0001,1518,民主進步黨,0,中國國民黨,0,中國國民黨,0,民主進步黨,0,民主進步黨,0,中國國民黨,0,中國國民黨,0,中國國民黨,0,中國國民黨,0,無黨籍及未經政黨推薦,0,中國國民黨,0,無黨籍及未經政黨推薦,58,民主進步黨,0,民主進步黨,0,民主進步黨,0,中國國民黨,0,民主進步黨,0,民主進步黨,0,民主進步黨,0,中國國民黨,0,民主進步黨,0,無黨籍及未經政黨推薦,0,無黨籍及未經政黨推薦,0,無黨籍及未經政黨推薦,516,中國國民黨,0,民主進步黨,0,中國國民黨,0,中國國民黨,0,無黨籍及未經政黨推薦,0,中國國民黨,0,中國國民黨,0,民主進步黨,0,無黨籍及未經政黨推薦,0,民主進步黨,0,無黨籍及未經政黨推薦,0,無黨籍及未經政黨推薦,0,中國國民黨,0,中國國民黨,0,民主進步黨,0,中國國民黨,0,中國國民黨,0,民主進步黨,0,民主進步黨,0,無黨籍及未經政黨推薦,0,中國國民黨,0,無黨籍及未經政黨推薦,0,無黨籍及未經政黨推薦,0,中國國民黨,0,民主進步黨,0,中國國民黨,0,無黨籍及未經政黨推薦,0,無黨籍及未經政黨推薦,0,無黨籍及未經政黨推薦,0,民主進步黨,0,無黨籍及未經政黨推薦,0,無黨籍及未經政黨推薦,0,民主進步黨,0,中國國民黨,0,無黨籍及未經政黨推薦,0,無黨籍及未經政黨推薦,0,無黨籍及未經政黨推薦,0,無黨籍及未經政黨推薦,0,民主進步黨,0,中國國民黨,0,中國國民黨,0,無黨籍及未經政黨推薦,0,民主進步黨,0,無黨籍及未經政黨推薦,0,無黨籍及未經政黨推薦,0,無黨籍及未經政黨推薦,0,無黨籍及未經政黨推薦,2092,34,2126,0,2126,698,2824,75.28
社尾村,0002,1346,民主進步黨,0,中國國民黨,0,中國國民黨,0,民主進步黨,0,民主進步黨,0,中國國民黨,0,中國國民黨,0,中國國民黨,0,中國國民黨,0,無黨籍及未經政黨推薦,0,中國國民黨,0,無黨籍及未經政黨推薦,30,民主進步黨,0,民主進步黨,0,民主進步黨,0,中國國民黨,0,民主進步黨,0,民主進步黨,0,民主進步黨,0,中國國民黨,0,民主進步黨,0,無黨籍及未經政黨推薦,0,無黨籍及未經政黨推薦,0,無黨籍及未經政黨推薦,542,中國國民黨,0,民主進步黨,0,中國國民黨,0,中國國民黨,0,無黨籍及未經政黨推薦,0,中國國民黨,0,中國國民黨,0,民主進步黨,0,無黨籍及未經政黨推薦,0,民主進步黨,0,無黨籍及未經政黨推薦,0,無黨籍及未經政黨推薦,0,中國國民黨,0,中國國民黨,0,民主進步黨,0,中國國民黨,0,中國國民黨,0,民主進步黨,0,民主進步黨,0,無黨籍及未經政黨推薦,0,中國國民黨,0,無黨籍及未經政黨推薦,0,無黨籍及未經政黨推薦,0,中國國民黨,0,民主進步黨,0,中國國民黨,0,無黨籍及未經政黨推薦,0,無黨籍及未經政黨推薦,0,無黨籍及未經政黨推薦,0,民主進步黨,0,無黨籍及未經政黨推薦,0,無黨籍及未經政黨推薦,0,民主進步黨,0,中國國民黨,0,無黨籍及未經政黨推薦,0,無黨籍及未經政黨推薦,0,無黨籍及未經政黨推薦,0,無黨籍及未經政黨推薦,0,民主進步黨,0,中國國民黨,0,中國國民黨,0,無黨籍及未經政黨推薦,0,民主進步黨,0,無黨籍及未經政黨推薦,0,無黨籍及未經政黨推薦,0,無黨籍及未經政黨推薦,0,無黨籍及未經政黨推薦,1918,52,1970,0,1970,798,2768,71.17
大崙村,0003,1054,民主進步黨,0,中國國民黨,0,中國國民黨,0,民主進步黨,0,民主進步黨,0,中國國民黨,0,中國國民黨,0,中國國民黨,0,中國國民黨,0,無黨籍及未經政黨推薦,0,中國國民黨,0,無黨籍及未經政黨推薦,34,民主進步黨,0,民主進步黨,0,民主進步黨,0,中國國民黨,0,民主進步黨,0,民主進步黨,0,民主進步黨,0,中國國民黨,0,民主進步黨,0,無黨籍及未經政黨推薦,0,無黨籍及未經政黨推薦,0,無黨籍及未經政黨推薦,604,中國國民黨,0,民主進步黨,0,中國國民黨,0,中國國民黨,0,無黨籍及未經政黨推薦,0,中國國民黨,0,中國國民黨,0,民主進步黨,0,無黨籍及未經政黨推薦,0,民主進步黨,0,無黨籍及未經政黨推薦,0,無黨籍及未經政黨推薦,0,中國國民黨,0,中國國民黨,0,民主進步黨,0,中國國民黨,0,中國國民黨,0,民主進步黨,0,民主進步黨,0,無黨籍及未經政黨推薦,0,中國國民黨,0,無黨籍及未經政黨推薦,0,無黨籍及未經政黨推薦,0,中國國民黨,0,民主進步黨,0,中國國民黨,0,無黨籍及未經政黨推薦,0,無黨籍及未經政黨推薦,0,無黨籍及未經政黨推薦,0,民主進步黨,0,無黨籍及未經政黨推薦,0,無黨籍及未經政黨推薦,0,民主進步黨,0,中國國民黨,0,無黨籍及未經政黨推薦,0,無黨籍及未經政黨推薦,0,無黨籍及未經政黨推薦,0,無黨籍及未經政黨推薦,0,民主進步黨,0,中國國民黨,0,中國國民黨,0,無黨籍及未經政黨推薦,0,民主進步黨,0,無黨籍及未經政黨推薦,0,無黨籍及未經政黨推薦,0,無黨籍及未經政黨推薦,0,無黨籍及未經政黨推薦,1692,90,1782,0,1782,608,2390,74.56
外埔村,0004,1270,民主進步黨,0,中國國民黨,0,中國國民黨,0,民主進步黨,0,民主進步黨,0,中國國民黨,0,中國國民黨,0,中國國民黨,0,中國國民黨,0,無黨籍及未經政黨推薦,0,中國國民黨,0,無黨籍及未經政黨推薦,66,民主進步黨,0,民主進步黨,0,民主進步黨,0,中國國民黨,0,民主進步黨,0,民主進步黨,0,民主進步黨,0,中國國民黨,0,民主進步黨,0,無黨籍及未經政黨推薦,0,無黨籍及未經政黨推薦,0,無黨籍及未經政黨推薦,664,中國國民黨,0,民主進步黨,0,中國國民黨,0,中國國民黨,0,無黨籍及未經政黨推薦,0,中國國民黨,0,中國國民黨,0,民主進步黨,0,無黨籍及未經政黨推薦,0,民主進步黨,0,無黨籍及未經政黨推薦,0,無黨籍及未經政黨推薦,0,中國國民黨,0,中國國民黨,0,民主進步黨,0,中國國民黨,0,中國國民黨,0,民主進步黨,0,民主進步黨,0,無黨籍及未經政黨推薦,0,中國國民黨,0,無黨籍及未經政黨推薦,0,無黨籍及未經政黨推薦,0,中國國民黨,0,民主進步黨,0,中國國民黨,0,無黨籍及未經政黨推薦,0,無黨籍及未經政黨推薦,0,無黨籍及未經政黨推薦,0,民主進步黨,0,無黨籍及未經政黨推薦,0,無黨籍及未經政黨推薦,0,民主進步黨,0,中國國民黨,0,無黨籍及未經政黨推薦,0,無黨籍及未經政黨推薦,0,無黨籍及未經政黨推薦,0,無黨籍及未經政黨推薦,0,民主進步黨,0,中國國民黨,0,中國國民黨,0,無黨籍及未經政黨推薦,0,民主進步黨,0,無黨籍及未經政黨推薦,0,無黨籍及未經政黨推薦,0,無黨籍及未經政黨推薦,0,無黨籍及未經政黨推薦,2000,44,2044,0,2044,866,2910,70.24
外中村,0005,1102,民主進步黨,0,中國國民黨,0,中國國民黨,0,民主進步黨,0,民主進步黨,0,中國國民黨,0,中國國民黨,0,中國國民黨,0,中國國民黨,0,無黨籍及未經政黨推薦,0,中國國民黨,0,無黨籍及未經政黨推薦,44,民主進步黨,0,民主進步黨,0,民主進步黨,0,中國國民黨,0,民主進步黨,0,民主進步黨,0,民主進步黨,0,中國國民黨,0,民主進步黨,0,無黨籍及未經政黨推薦,0,無黨籍及未經政黨推薦,0,無黨籍及未經政黨推薦,480,中國國民黨,0,民主進步黨,0,中國國民黨,0,中國國民黨,0,無黨籍及未經政黨推薦,0,中國國民黨,0,中國國民黨,0,民主進步黨,0,無黨籍及未經政黨推薦,0,民主進步黨,0,無黨籍及未經政黨推薦,0,無黨籍及未經政黨推薦,0,中國國民黨,0,中國國民黨,0,民主進步黨,0,中國國民黨,0,中國國民黨,0,民主進步黨,0,民主進步黨,0,無黨籍及未經政黨推薦,0,中國國民黨,0,無黨籍及未經政黨推薦,0,無黨籍及未經政黨推薦,0,中國國民黨,0,民主進步黨,0,中國國民黨,0,無黨籍及未經政黨推薦,0,無黨籍及未經政黨推薦,0,無黨籍及未經政黨推薦,0,民主進步黨,0,無黨籍及未經政黨推薦,0,無黨籍及未經政黨推薦,0,民主進步黨,0,中國國民黨,0,無黨籍及未經政黨推薦,0,無黨籍及未經政黨推薦,0,無黨籍及未經政黨推薦,0,無黨籍及未經政黨推薦,0,民主進步黨,0,中國國民黨,0,中國國民黨,0,無黨籍及未經政黨推薦,0,民主進步黨,0,無黨籍及未經政黨推薦,0,無黨籍及未經政黨推薦,0,無黨籍及未經政黨推薦,0,無黨籍及未經政黨推薦,1626,52,1678,0,1678,602,2280,73.6
元中村,0006,992,民主進步黨,0,中國國民黨,0,中國國民黨,0,民主進步黨,0,民主進步黨,0,中國國民黨,0,中國國民黨,0,中國國民黨,0,中國國民黨,0,無黨籍及未經政黨推薦,0,中國國民黨,0,無黨籍及未經政黨推薦,50,民主進步黨,0,民主進步黨,0,民主進步黨,0,中國國民黨,0,民主進步黨,0,民主進步黨,0,民主進步黨,0,中國國民黨,0,民主進步黨,0,無黨籍及未經政黨推薦,0,無黨籍及未經政黨推薦,0,無黨籍及未經政黨推薦,578,中國國民黨,0,民主進步黨,0,中國國民黨,0,中國國民黨,0,無黨籍及未經政黨推薦,0,中國國民黨,0,中國國民黨,0,民主進步黨,0,無黨籍及未經政黨推薦,0,民主進步黨,0,無黨籍及未經政黨推薦,0,無黨籍及未經政黨推薦,0,中國國民黨,0,中國國民黨,0,民主進步黨,0,中國國民黨,0,中國國民黨,0,民主進步黨,0,民主進步黨,0,無黨籍及未經政黨推薦,0,中國國民黨,0,無黨籍及未經政黨推薦,0,無黨籍及未經政黨推薦,0,中國國民黨,0,民主進步黨,0,中國國民黨,0,無黨籍及未經政黨推薦,0,無黨籍及未經政黨推薦,0,無黨籍及未經政黨推薦,0,民主進步黨,0,無黨籍及未經政黨推薦,0,無黨籍及未經政黨推薦,0,民主進步黨,0,中國國民黨,0,無黨籍及未經政黨推薦,0,無黨籍及未經政黨推薦,0,無黨籍及未經政黨推薦,0,無黨籍及未經政黨推薦,0,民主進步黨,0,中國國民黨,0,中國國民黨,0,無黨籍及未經政黨推薦,0,民主進步黨,0,無黨籍及未經政黨推薦,0,無黨籍及未經政黨推薦,0,無黨籍及未經政黨推薦,0,無黨籍及未經政黨推薦,1620,68,1688,0,1688,680,2368,71.28
三汴村,0007,1160,民主進步黨,0,中國國民黨,0,中國國民黨,0,民主進步黨,0,民主進步黨,0,中國國民黨,0,中國國民黨,0,中國國民黨,0,中國國民黨,0,無黨籍及未經政黨推薦,0,中國國民黨,0,無黨籍及未經政黨推薦,78,民主進步黨,0,民主進步黨,0,民主進步黨,0,中國國民黨,0,民主進步黨,0,民主進步黨,0,民主進步黨,0,中國國民黨,0,民主進步黨,0,無黨籍及未經政黨推薦,0,無黨籍及未經政黨推薦,0,無黨籍及未經政黨推薦,580,中國國民黨,0,民主進步黨,0,中國國民黨,0,中國國民黨,0,無黨籍及未經政黨推薦,0,中國國民黨,0,中國國民黨,0,民主進步黨,0,無黨籍及未經政黨推薦,0,民主進步黨,0,無黨籍及未經政黨推薦,0,無黨籍及未經政黨推薦,0,中國國民黨,0,中國國民黨,0,民主進步黨,0,中國國民黨,0,中國國民黨,0,民主進步黨,0,民主進步黨,0,無黨籍及未經政黨推薦,0,中國國民黨,0,無黨籍及未經政黨推薦,0,無黨籍及未經政黨推薦,0,中國國民黨,0,民主進步黨,0,中國國民黨,0,無黨籍及未經政黨推薦,0,無黨籍及未經政黨推薦,0,無黨籍及未經政黨推薦,0,民主進步黨,0,無黨籍及未經政黨推薦,0,無黨籍及未經政黨推薦,0,民主進步黨,0,中國國民黨,0,無黨籍及未經政黨推薦,0,無黨籍及未經政黨推薦,0,無黨籍及未經政黨推薦,0,無黨籍及未經政黨推薦,0,民主進步黨,0,中國國民黨,0,中國國民黨,0,無黨籍及未經政黨推薦,0,民主進步黨,0,無黨籍及未經政黨推薦,0,無黨籍及未經政黨推薦,0,無黨籍及未經政黨推薦,0,無黨籍及未經政黨推薦,1818,64,1882,0,1882,680,2562,73.46
萬豐村,0008,710,民主進步黨,0,中國國民黨,0,中國國民黨,0,民主進步黨,0,民主進步黨,0,中國國民黨,0,中國國民黨,0,中國國民黨,0,中國國民黨,0,無黨籍及未經政黨推薦,0,中國國民黨,0,無黨籍及未經政黨推薦,36,民主進步黨,0,民主進步黨,0,民主進步黨,0,中國國民黨,0,民主進步黨,0,民主進步黨,0,民主進步黨,0,中國國民黨,0,民主進步黨,0,無黨籍及未經政黨推薦,0,無黨籍及未經政黨推薦,0,無黨籍及未經政黨推薦,404,中國國民黨,0,民主進步黨,0,中國國民黨,0,中國國民黨,0,無黨籍及未經政黨推薦,0,中國國民黨,0,中國國民黨,0,民主進步黨,0,無黨籍及未經政黨推薦,0,民主進步黨,0,無黨籍及未經政黨推薦,0,無黨籍及未經政黨推薦,0,中國國民黨,0,中國國民黨,0,民主進步黨,0,中國國民黨,0,中國國民黨,0,民主進步黨,0,民主進步黨,0,無黨籍及未經政黨推薦,0,中國國民黨,0,無黨籍及未經政黨推薦,0,無黨籍及未經政黨推薦,0,中國國民黨,0,民主進步黨,0,中國國民黨,0,無黨籍及未經政黨推薦,0,無黨籍及未經政黨推薦,0,無黨籍及未經政黨推薦,0,民主進步黨,0,無黨籍及未經政黨推薦,0,無黨籍及未經政黨推薦,0,民主進步黨,0,中國國民黨,0,無黨籍及未經政黨推薦,0,無黨籍及未經政黨推薦,0,無黨籍及未經政黨推薦,0,無黨籍及未經政黨推薦,0,民主進步黨,0,中國國民黨,0,中國國民黨,0,無黨籍及未經政黨推薦,0,民主進步黨,0,無黨籍及未經政黨推薦,0,無黨籍及未經政黨推薦,0,無黨籍及未經政黨推薦,0,無黨籍及未經政黨推薦,1150,38,1188,0,1188,368,1556,76.35
番婆村,0009,1940,民主進步黨,0,中國國民黨,0,中國國民黨,0,民主進步黨,0,民主進步黨,0,中國國民黨,0,中國國民黨,0,中國國民黨,0,中國國民黨,0,無黨籍及未經政黨推薦,0,中國國民黨,0,無黨籍及未經政黨推薦,68,民主進步黨,0,民主進步黨,0,民主進步黨,0,中國國民黨,0,民主進步黨,0,民主進步黨,0,民主進步黨,0,中國國民黨,0,民主進步黨,0,無黨籍及未經政黨推薦,0,無黨籍及未經政黨推薦,0,無黨籍及未經政黨推薦,1062,中國國民黨,0,民主進步黨,0,中國國民黨,0,中國國民黨,0,無黨籍及未經政黨推薦,0,中國國民黨,0,中國國民黨,0,民主進步黨,0,無黨籍及未經政黨推薦,0,民主進步黨,0,無黨籍及未經政黨推薦,0,無黨籍及未經政黨推薦,0,中國國民黨,0,中國國民黨,0,民主進步黨,0,中國國民黨,0,中國國民黨,0,民主進步黨,0,民主進步黨,0,無黨籍及未經政黨推薦,0,中國國民黨,0,無黨籍及未經政黨推薦,0,無黨籍及未經政黨推薦,0,中國國民黨,0,民主進步黨,0,中國國民黨,0,無黨籍及未經政黨推薦,0,無黨籍及未經政黨推薦,0,無黨籍及未經政黨推薦,0,民主進步黨,0,無黨籍及未經政黨推薦,0,無黨籍及未經政黨推薦,0,民主進步黨,0,中國國民黨,0,無黨籍及未經政黨推薦,0,無黨籍及未經政黨推薦,0,無黨籍及未經政黨推薦,0,無黨籍及未經政黨推薦,0,民主進步黨,0,中國國民黨,0,中國國民黨,0,無黨籍及未經政黨推薦,0,民主進步黨,0,無黨籍及未經政黨推薦,0,無黨籍及未經政黨推薦,0,無黨籍及未經政黨推薦,0,無黨籍及未經政黨推薦,3070,90,3160,0,3160,1534,4694,67.32
橋頭村,0010,2134,民主進步黨,0,中國國民黨,0,中國國民黨,0,民主進步黨,0,民主進步黨,0,中國國民黨,0,中國國民黨,0,中國國民黨,0,中國國民黨,0,無黨籍及未經政黨推薦,0,中國國民黨,0,無黨籍及未經政黨推薦,106,民主進步黨,0,民主進步黨,0,民主進步黨,0,中國國民黨,0,民主進步黨,0,民主進步黨,0,民主進步黨,0,中國國民黨,0,民主進步黨,0,無黨籍及未經政黨推薦,0,無黨籍及未經政黨推薦,0,無黨籍及未經政黨推薦,1258,中國國民黨,0,民主進步黨,0,中國國民黨,0,中國國民黨,0,無黨籍及未經政黨推薦,0,中國國民黨,0,中國國民黨,0,民主進步黨,0,無黨籍及未經政黨推薦,0,民主進步黨,0,無黨籍及未經政黨推薦,0,無黨籍及未經政黨推薦,0,中國國民黨,0,中國國民黨,0,民主進步黨,0,中國國民黨,0,中國國民黨,0,民主進步黨,0,民主進步黨,0,無黨籍及未經政黨推薦,0,中國國民黨,0,無黨籍及未經政黨推薦,0,無黨籍及未經政黨推薦,0,中國國民黨,0,民主進步黨,0,中國國民黨,0,無黨籍及未經政黨推薦,0,無黨籍及未經政黨推薦,0,無黨籍及未經政黨推薦,0,民主進步黨,0,無黨籍及未經政黨推薦,0,無黨籍及未經政黨推薦,0,民主進步黨,0,中國國民黨,0,無黨籍及未經政黨推薦,0,無黨籍及未經政黨推薦,0,無黨籍及未經政黨推薦,0,無黨籍及未經政黨推薦,0,民主進步黨,0,中國國民黨,0,中國國民黨,0,無黨籍及未經政黨推薦,0,民主進步黨,0,無黨籍及未經政黨推薦,0,無黨籍及未經政黨推薦,0,無黨籍及未經政黨推薦,0,無黨籍及未經政黨推薦,3498,142,3640,0,3640,1436,5076,71.71
秀厝村,0011,2360,民主進步黨,0,中國國民黨,0,中國國民黨,0,民主進步黨,0,民主進步黨,0,中國國民黨,0,中國國民黨,0,中國國民黨,0,中國國民黨,0,無黨籍及未經政黨推薦,0,中國國民黨,0,無黨籍及未經政黨推薦,124,民主進步黨,0,民主進步黨,0,民主進步黨,0,中國國民黨,0,民主進步黨,0,民主進步黨,0,民主進步黨,0,中國國民黨,0,民主進步黨,0,無黨籍及未經政黨推薦,0,無黨籍及未經政黨推薦,0,無黨籍及未經政黨推薦,1148,中國國民黨,0,民主進步黨,0,中國國民黨,0,中國國民黨,0,無黨籍及未經政黨推薦,0,中國國民黨,0,中國國民黨,0,民主進步黨,0,無黨籍及未經政黨推薦,0,民主進步黨,0,無黨籍及未經政黨推薦,0,無黨籍及未經政黨推薦,0,中國國民黨,0,中國國民黨,0,民主進步黨,0,中國國民黨,0,中國國民黨,0,民主進步黨,0,民主進步黨,0,無黨籍及未經政黨推薦,0,中國國民黨,0,無黨籍及未經政黨推薦,0,無黨籍及未經政黨推薦,0,中國國民黨,0,民主進步黨,0,中國國民黨,0,無黨籍及未經政黨推薦,0,無黨籍及未經政黨推薦,0,無黨籍及未經政黨推薦,0,民主進步黨,0,無黨籍及未經政黨推薦,0,無黨籍及未經政黨推薦,0,民主進步黨,0,中國國民黨,0,無黨籍及未經政黨推薦,0,無黨籍及未經政黨推薦,0,無黨籍及未經政黨推薦,0,無黨籍及未經政黨推薦,0,民主進步黨,0,中國國民黨,0,中國國民黨,0,無黨籍及未經政黨推薦,0,民主進步黨,0,無黨籍及未經政黨推薦,0,無黨籍及未經政黨推薦,0,無黨籍及未經政黨推薦,0,無黨籍及未經政黨推薦,3632,88,3720,0,3720,1302,5022,74.07
鎮平村,0012,844,民主進步黨,0,中國國民黨,0,中國國民黨,0,民主進步黨,0,民主進步黨,0,中國國民黨,0,中國國民黨,0,中國國民黨,0,中國國民黨,0,無黨籍及未經政黨推薦,0,中國國民黨,0,無黨籍及未經政黨推薦,28,民主進步黨,0,民主進步黨,0,民主進步黨,0,中國國民黨,0,民主進步黨,0,民主進步黨,0,民主進步黨,0,中國國民黨,0,民主進步黨,0,無黨籍及未經政黨推薦,0,無黨籍及未經政黨推薦,0,無黨籍及未經政黨推薦,608,中國國民黨,0,民主進步黨,0,中國國民黨,0,中國國民黨,0,無黨籍及未經政黨推薦,0,中國國民黨,0,中國國民黨,0,民主進步黨,0,無黨籍及未經政黨推薦,0,民主進步黨,0,無黨籍及未經政黨推薦,0,無黨籍及未經政黨推薦,0,中國國民黨,0,中國國民黨,0,民主進步黨,0,中國國民黨,0,中國國民黨,0,民主進步黨,0,民主進步黨,0,無黨籍及未經政黨推薦,0,中國國民黨,0,無黨籍及未經政黨推薦,0,無黨籍及未經政黨推薦,0,中國國民黨,0,民主進步黨,0,中國國民黨,0,無黨籍及未經政黨推薦,0,無黨籍及未經政黨推薦,0,無黨籍及未經政黨推薦,0,民主進步黨,0,無黨籍及未經政黨推薦,0,無黨籍及未經政黨推薦,0,民主進步黨,0,中國國民黨,0,無黨籍及未經政黨推薦,0,無黨籍及未經政黨推薦,0,無黨籍及未經政黨推薦,0,無黨籍及未經政黨推薦,0,民主進步黨,0,中國國民黨,0,中國國民黨,0,無黨籍及未經政黨推薦,0,民主進步黨,0,無黨籍及未經政黨推薦,0,無黨籍及未經政黨推薦,0,無黨籍及未經政黨推薦,0,無黨籍及未經政黨推薦,1480,54,1534,0,1534,702,2236,68.6
三和村,0013,998,民主進步黨,0,中國國民黨,0,中國國民黨,0,民主進步黨,0,民主進步黨,0,中國國民黨,0,中國國民黨,0,中國國民黨,0,中國國民黨,0,無黨籍及未經政黨推薦,0,中國國民黨,0,無黨籍及未經政黨推薦,42,民主進步黨,0,民主進步黨,0,民主進步黨,0,中國國民黨,0,民主進步黨,0,民主進步黨,0,民主進步黨,0,中國國民黨,0,民主進步黨,0,無黨籍及未經政黨推薦,0,無黨籍及未經政黨推薦,0,無黨籍及未經政黨推薦,384,中國國民黨,0,民主進步黨,0,中國國民黨,0,中國國民黨,0,無黨籍及未經政黨推薦,0,中國國民黨,0,中國國民黨,0,民主進步黨,0,無黨籍及未經政黨推薦,0,民主進步黨,0,無黨籍及未經政黨推薦,0,無黨籍及未經政黨推薦,0,中國國民黨,0,中國國民黨,0,民主進步黨,0,中國國民黨,0,中國國民黨,0,民主進步黨,0,民主進步黨,0,無黨籍及未經政黨推薦,0,中國國民黨,0,無黨籍及未經政黨推薦,0,無黨籍及未經政黨推薦,0,中國國民黨,0,民主進步黨,0,中國國民黨,0,無黨籍及未經政黨推薦,0,無黨籍及未經政黨推薦,0,無黨籍及未經政黨推薦,0,民主進步黨,0,無黨籍及未經政黨推薦,0,無黨籍及未經政黨推薦,0,民主進步黨,0,中國國民黨,0,無黨籍及未經政黨推薦,0,無黨籍及未經政黨推薦,0,無黨籍及未經政黨推薦,0,無黨籍及未經政黨推薦,0,民主進步黨,0,中國國民黨,0,中國國民黨,0,無黨籍及未經政黨推薦,0,民主進步黨,0,無黨籍及未經政黨推薦,0,無黨籍及未經政黨推薦,0,無黨籍及未經政黨推薦,0,無黨籍及未經政黨推薦,1424,36,1460,0,1460,542,2002,72.93
麥厝村,0014,1930,民主進步黨,0,中國國民黨,0,中國國民黨,0,民主進步黨,0,民主進步黨,0,中國國民黨,0,中國國民黨,0,中國國民黨,0,中國國民黨,0,無黨籍及未經政黨推薦,0,中國國民黨,0,無黨籍及未經政黨推薦,62,民主進步黨,0,民主進步黨,0,民主進步黨,0,中國國民黨,0,民主進步黨,0,民主進步黨,0,民主進步黨,0,中國國民黨,0,民主進步黨,0,無黨籍及未經政黨推薦,0,無黨籍及未經政黨推薦,0,無黨籍及未經政黨推薦,646,中國國民黨,0,民主進步黨,0,中國國民黨,0,中國國民黨,0,無黨籍及未經政黨推薦,0,中國國民黨,0,中國國民黨,0,民主進步黨,0,無黨籍及未經政黨推薦,0,民主進步黨,0,無黨籍及未經政黨推薦,0,無黨籍及未經政黨推薦,0,中國國民黨,0,中國國民黨,0,民主進步黨,0,中國國民黨,0,中國國民黨,0,民主進步黨,0,民主進步黨,0,無黨籍及未經政黨推薦,0,中國國民黨,0,無黨籍及未經政黨推薦,0,無黨籍及未經政黨推薦,0,中國國民黨,0,民主進步黨,0,中國國民黨,0,無黨籍及未經政黨推薦,0,無黨籍及未經政黨推薦,0,無黨籍及未經政黨推薦,0,民主進步黨,0,無黨籍及未經政黨推薦,0,無黨籍及未經政黨推薦,0,民主進步黨,0,中國國民黨,0,無黨籍及未經政黨推薦,0,無黨籍及未經政黨推薦,0,無黨籍及未經政黨推薦,0,無黨籍及未經政黨推薦,0,民主進步黨,0,中國國民黨,0,中國國民黨,0,無黨籍及未經政黨推薦,0,民主進步黨,0,無黨籍及未經政黨推薦,0,無黨籍及未經政黨推薦,0,無黨籍及未經政黨推薦,0,無黨籍及未經政黨推薦,2638,88,2726,0,2726,1386,4112,66.29
廈粘村,0015,1568,民主進步黨,0,中國國民黨,0,中國國民黨,0,民主進步黨,0,民主進步黨,0,中國國民黨,0,中國國民黨,0,中國國民黨,0,中國國民黨,0,無黨籍及未經政黨推薦,0,中國國民黨,0,無黨籍及未經政黨推薦,90,民主進步黨,0,民主進步黨,0,民主進步黨,0,中國國民黨,0,民主進步黨,0,民主進步黨,0,民主進步黨,0,中國國民黨,0,民主進步黨,0,無黨籍及未經政黨推薦,0,無黨籍及未經政黨推薦,0,無黨籍及未經政黨推薦,866,中國國民黨,0,民主進步黨,0,中國國民黨,0,中國國民黨,0,無黨籍及未經政黨推薦,0,中國國民黨,0,中國國民黨,0,民主進步黨,0,無黨籍及未經政黨推薦,0,民主進步黨,0,無黨籍及未經政黨推薦,0,無黨籍及未經政黨推薦,0,中國國民黨,0,中國國民黨,0,民主進步黨,0,中國國民黨,0,中國國民黨,0,民主進步黨,0,民主進步黨,0,無黨籍及未經政黨推薦,0,中國國民黨,0,無黨籍及未經政黨推薦,0,無黨籍及未經政黨推薦,0,中國國民黨,0,民主進步黨,0,中國國民黨,0,無黨籍及未經政黨推薦,0,無黨籍及未經政黨推薦,0,無黨籍及未經政黨推薦,0,民主進步黨,0,無黨籍及未經政黨推薦,0,無黨籍及未經政黨推薦,0,民主進步黨,0,中國國民黨,0,無黨籍及未經政黨推薦,0,無黨籍及未經政黨推薦,0,無黨籍及未經政黨推薦,0,無黨籍及未經政黨推薦,0,民主進步黨,0,中國國民黨,0,中國國民黨,0,無黨籍及未經政黨推薦,0,民主進步黨,0,無黨籍及未經政黨推薦,0,無黨籍及未經政黨推薦,0,無黨籍及未經政黨推薦,0,無黨籍及未經政黨推薦,2524,48,2572,0,2572,1066,3638,70.7
頂粘村,0016,1732,民主進步黨,0,中國國民黨,0,中國國民黨,0,民主進步黨,0,民主進步黨,0,中國國民黨,0,中國國民黨,0,中國國民黨,0,中國國民黨,0,無黨籍及未經政黨推薦,0,中國國民黨,0,無黨籍及未經政黨推薦,48,民主進步黨,0,民主進步黨,0,民主進步黨,0,中國國民黨,0,民主進步黨,0,民主進步黨,0,民主進步黨,0,中國國民黨,0,民主進步黨,0,無黨籍及未經政黨推薦,0,無黨籍及未經政黨推薦,0,無黨籍及未經政黨推薦,1258,中國國民黨,0,民主進步黨,0,中國國民黨,0,中國國民黨,0,無黨籍及未經政黨推薦,0,中國國民黨,0,中國國民黨,0,民主進步黨,0,無黨籍及未經政黨推薦,0,民主進步黨,0,無黨籍及未經政黨推薦,0,無黨籍及未經政黨推薦,0,中國國民黨,0,中國國民黨,0,民主進步黨,0,中國國民黨,0,中國國民黨,0,民主進步黨,0,民主進步黨,0,無黨籍及未經政黨推薦,0,中國國民黨,0,無黨籍及未經政黨推薦,0,無黨籍及未經政黨推薦,0,中國國民黨,0,民主進步黨,0,中國國民黨,0,無黨籍及未經政黨推薦,0,無黨籍及未經政黨推薦,0,無黨籍及未經政黨推薦,0,民主進步黨,0,無黨籍及未經政黨推薦,0,無黨籍及未經政黨推薦,0,民主進步黨,0,中國國民黨,0,無黨籍及未經政黨推薦,0,無黨籍及未經政黨推薦,0,無黨籍及未經政黨推薦,0,無黨籍及未經政黨推薦,0,民主進步黨,0,中國國民黨,0,中國國民黨,0,無黨籍及未經政黨推薦,0,民主進步黨,0,無黨籍及未經政黨推薦,0,無黨籍及未經政黨推薦,0,無黨籍及未經政黨推薦,0,無黨籍及未經政黨推薦,3038,60,3098,0,3098,1346,4444,69.71
福寶村,0017,872,民主進步黨,0,中國國民黨,0,中國國民黨,0,民主進步黨,0,民主進步黨,0,中國國民黨,0,中國國民黨,0,中國國民黨,0,中國國民黨,0,無黨籍及未經政黨推薦,0,中國國民黨,0,無黨籍及未經政黨推薦,30,民主進步黨,0,民主進步黨,0,民主進步黨,0,中國國民黨,0,民主進步黨,0,民主進步黨,0,民主進步黨,0,中國國民黨,0,民主進步黨,0,無黨籍及未經政黨推薦,0,無黨籍及未經政黨推薦,0,無黨籍及未經政黨推薦,642,中國國民黨,0,民主進步黨,0,中國國民黨,0,中國國民黨,0,無黨籍及未經政黨推薦,0,中國國民黨,0,中國國民黨,0,民主進步黨,0,無黨籍及未經政黨推薦,0,民主進步黨,0,無黨籍及未經政黨推薦,0,無黨籍及未經政黨推薦,0,中國國民黨,0,中國國民黨,0,民主進步黨,0,中國國民黨,0,中國國民黨,0,民主進步黨,0,民主進步黨,0,無黨籍及未經政黨推薦,0,中國國民黨,0,無黨籍及未經政黨推薦,0,無黨籍及未經政黨推薦,0,中國國民黨,0,民主進步黨,0,中國國民黨,0,無黨籍及未經政黨推薦,0,無黨籍及未經政黨推薦,0,無黨籍及未經政黨推薦,0,民主進步黨,0,無黨籍及未經政黨推薦,0,無黨籍及未經政黨推薦,0,民主進步黨,0,中國國民黨,0,無黨籍及未經政黨推薦,0,無黨籍及未經政黨推薦,0,無黨籍及未經政黨推薦,0,無黨籍及未經政黨推薦,0,民主進步黨,0,中國國民黨,0,中國國民黨,0,無黨籍及未經政黨推薦,0,民主進步黨,0,無黨籍及未經政黨推薦,0,無黨籍及未經政黨推薦,0,無黨籍及未經政黨推薦,0,無黨籍及未經政黨推薦,1544,48,1592,0,1592,790,2382,66.83
二港村,0018,1144,民主進步黨,0,中國國民黨,0,中國國民黨,0,民主進步黨,0,民主進步黨,0,中國國民黨,0,中國國民黨,0,中國國民黨,0,中國國民黨,0,無黨籍及未經政黨推薦,0,中國國民黨,0,無黨籍及未經政黨推薦,36,民主進步黨,0,民主進步黨,0,民主進步黨,0,中國國民黨,0,民主進步黨,0,民主進步黨,0,民主進步黨,0,中國國民黨,0,民主進步黨,0,無黨籍及未經政黨推薦,0,無黨籍及未經政黨推薦,0,無黨籍及未經政黨推薦,560,中國國民黨,0,民主進步黨,0,中國國民黨,0,中國國民黨,0,無黨籍及未經政黨推薦,0,中國國民黨,0,中國國民黨,0,民主進步黨,0,無黨籍及未經政黨推薦,0,民主進步黨,0,無黨籍及未經政黨推薦,0,無黨籍及未經政黨推薦,0,中國國民黨,0,中國國民黨,0,民主進步黨,0,中國國民黨,0,中國國民黨,0,民主進步黨,0,民主進步黨,0,無黨籍及未經政黨推薦,0,中國國民黨,0,無黨籍及未經政黨推薦,0,無黨籍及未經政黨推薦,0,中國國民黨,0,民主進步黨,0,中國國民黨,0,無黨籍及未經政黨推薦,0,無黨籍及未經政黨推薦,0,無黨籍及未經政黨推薦,0,民主進步黨,0,無黨籍及未經政黨推薦,0,無黨籍及未經政黨推薦,0,民主進步黨,0,中國國民黨,0,無黨籍及未經政黨推薦,0,無黨籍及未經政黨推薦,0,無黨籍及未經政黨推薦,0,無黨籍及未經政黨推薦,0,民主進步黨,0,中國國民黨,0,中國國民黨,0,無黨籍及未經政黨推薦,0,民主進步黨,0,無黨籍及未經政黨推薦,0,無黨籍及未經政黨推薦,0,無黨籍及未經政黨推薦,0,無黨籍及未經政黨推薦,1740,52,1792,0,1792,678,2470,72.55
福興村,0019,3190,民主進步黨,0,中國國民黨,0,中國國民黨,0,民主進步黨,0,民主進步黨,0,中國國民黨,0,中國國民黨,0,中國國民黨,0,中國國民黨,0,無黨籍及未經政黨推薦,0,中國國民黨,0,無黨籍及未經政黨推薦,166,民主進步黨,0,民主進步黨,0,民主進步黨,0,中國國民黨,0,民主進步黨,0,民主進步黨,0,民主進步黨,0,中國國民黨,0,民主進步黨,0,無黨籍及未經政黨推薦,0,無黨籍及未經政黨推薦,0,無黨籍及未經政黨推薦,1596,中國國民黨,0,民主進步黨,0,中國國民黨,0,中國國民黨,0,無黨籍及未經政黨推薦,0,中國國民黨,0,中國國民黨,0,民主進步黨,0,無黨籍及未經政黨推薦,0,民主進步黨,0,無黨籍及未經政黨推薦,0,無黨籍及未經政黨推薦,0,中國國民黨,0,中國國民黨,0,民主進步黨,0,中國國民黨,0,中國國民黨,0,民主進步黨,0,民主進步黨,0,無黨籍及未經政黨推薦,0,中國國民黨,0,無黨籍及未經政黨推薦,0,無黨籍及未經政黨推薦,0,中國國民黨,0,民主進步黨,0,中國國民黨,0,無黨籍及未經政黨推薦,0,無黨籍及未經政黨推薦,0,無黨籍及未經政黨推薦,0,民主進步黨,0,無黨籍及未經政黨推薦,0,無黨籍及未經政黨推薦,0,民主進步黨,0,中國國民黨,0,無黨籍及未經政黨推薦,0,無黨籍及未經政黨推薦,0,無黨籍及未經政黨推薦,0,無黨籍及未經政黨推薦,0,民主進步黨,0,中國國民黨,0,中國國民黨,0,無黨籍及未經政黨推薦,0,民主進步黨,0,無黨籍及未經政黨推薦,0,無黨籍及未經政黨推薦,0,無黨籍及未經政黨推薦,0,無黨籍及未經政黨推薦,4952,146,5098,0,5098,1948,7046,72.35
福南村,0020,2100,民主進步黨,0,中國國民黨,0,中國國民黨,0,民主進步黨,0,民主進步黨,0,中國國民黨,0,中國國民黨,0,中國國民黨,0,中國國民黨,0,無黨籍及未經政黨推薦,0,中國國民黨,0,無黨籍及未經政黨推薦,74,民主進步黨,0,民主進步黨,0,民主進步黨,0,中國國民黨,0,民主進步黨,0,民主進步黨,0,民主進步黨,0,中國國民黨,0,民主進步黨,0,無黨籍及未經政黨推薦,0,無黨籍及未經政黨推薦,0,無黨籍及未經政黨推薦,1148,中國國民黨,0,民主進步黨,0,中國國民黨,0,中國國民黨,0,無黨籍及未經政黨推薦,0,中國國民黨,0,中國國民黨,0,民主進步黨,0,無黨籍及未經政黨推薦,0,民主進步黨,0,無黨籍及未經政黨推薦,0,無黨籍及未經政黨推薦,0,中國國民黨,0,中國國民黨,0,民主進步黨,0,中國國民黨,0,中國國民黨,0,民主進步黨,0,民主進步黨,0,無黨籍及未經政黨推薦,0,中國國民黨,0,無黨籍及未經政黨推薦,0,無黨籍及未經政黨推薦,0,中國國民黨,0,民主進步黨,0,中國國民黨,0,無黨籍及未經政黨推薦,0,無黨籍及未經政黨推薦,0,無黨籍及未經政黨推薦,0,民主進步黨,0,無黨籍及未經政黨推薦,0,無黨籍及未經政黨推薦,0,民主進步黨,0,中國國民黨,0,無黨籍及未經政黨推薦,0,無黨籍及未經政黨推薦,0,無黨籍及未經政黨推薦,0,無黨籍及未經政黨推薦,0,民主進步黨,0,中國國民黨,0,中國國民黨,0,無黨籍及未經政黨推薦,0,民主進步黨,0,無黨籍及未經政黨推薦,0,無黨籍及未經政黨推薦,0,無黨籍及未經政黨推薦,0,無黨籍及未經政黨推薦,3322,86,3408,0,3408,1588,4996,68.21
同安村,0021,1878,民主進步黨,0,中國國民黨,0,中國國民黨,0,民主進步黨,0,民主進步黨,0,中國國民黨,0,中國國民黨,0,中國國民黨,0,中國國民黨,0,無黨籍及未經政黨推薦,0,中國國民黨,0,無黨籍及未經政黨推薦,80,民主進步黨,0,民主進步黨,0,民主進步黨,0,中國國民黨,0,民主進步黨,0,民主進步黨,0,民主進步黨,0,中國國民黨,0,民主進步黨,0,無黨籍及未經政黨推薦,0,無黨籍及未經政黨推薦,0,無黨籍及未經政黨推薦,1088,中國國民黨,0,民主進步黨,0,中國國民黨,0,中國國民黨,0,無黨籍及未經政黨推薦,0,中國國民黨,0,中國國民黨,0,民主進步黨,0,無黨籍及未經政黨推薦,0,民主進步黨,0,無黨籍及未經政黨推薦,0,無黨籍及未經政黨推薦,0,中國國民黨,0,中國國民黨,0,民主進步黨,0,中國國民黨,0,中國國民黨,0,民主進步黨,0,民主進步黨,0,無黨籍及未經政黨推薦,0,中國國民黨,0,無黨籍及未經政黨推薦,0,無黨籍及未經政黨推薦,0,中國國民黨,0,民主進步黨,0,中國國民黨,0,無黨籍及未經政黨推薦,0,無黨籍及未經政黨推薦,0,無黨籍及未經政黨推薦,0,民主進步黨,0,無黨籍及未經政黨推薦,0,無黨籍及未經政黨推薦,0,民主進步黨,0,中國國民黨,0,無黨籍及未經政黨推薦,0,無黨籍及未經政黨推薦,0,無黨籍及未經政黨推薦,0,無黨籍及未經政黨推薦,0,民主進步黨,0,中國國民黨,0,中國國民黨,0,無黨籍及未經政黨推薦,0,民主進步黨,0,無黨籍及未經政黨推薦,0,無黨籍及未經政黨推薦,0,無黨籍及未經政黨推薦,0,無黨籍及未經政黨推薦,3046,100,3146,0,3146,1334,4480,70.22
西勢村,0022,1652,民主進步黨,0,中國國民黨,0,中國國民黨,0,民主進步黨,0,民主進步黨,0,中國國民黨,0,中國國民黨,0,中國國民黨,0,中國國民黨,0,無黨籍及未經政黨推薦,0,中國國民黨,0,無黨籍及未經政黨推薦,80,民主進步黨,0,民主進步黨,0,民主進步黨,0,中國國民黨,0,民主進步黨,0,民主進步黨,0,民主進步黨,0,中國國民黨,0,民主進步黨,0,無黨籍及未經政黨推薦,0,無黨籍及未經政黨推薦,0,無黨籍及未經政黨推薦,860,中國國民黨,0,民主進步黨,0,中國國民黨,0,中國國民黨,0,無黨籍及未經政黨推薦,0,中國國民黨,0,中國國民黨,0,民主進步黨,0,無黨籍及未經政黨推薦,0,民主進步黨,0,無黨籍及未經政黨推薦,0,無黨籍及未經政黨推薦,0,中國國民黨,0,中國國民黨,0,民主進步黨,0,中國國民黨,0,中國國民黨,0,民主進步黨,0,民主進步黨,0,無黨籍及未經政黨推薦,0,中國國民黨,0,無黨籍及未經政黨推薦,0,無黨籍及未經政黨推薦,0,中國國民黨,0,民主進步黨,0,中國國民黨,0,無黨籍及未經政黨推薦,0,無黨籍及未經政黨推薦,0,無黨籍及未經政黨推薦,0,民主進步黨,0,無黨籍及未經政黨推薦,0,無黨籍及未經政黨推薦,0,民主進步黨,0,中國國民黨,0,無黨籍及未經政黨推薦,0,無黨籍及未經政黨推薦,0,無黨籍及未經政黨推薦,0,無黨籍及未經政黨推薦,0,民主進步黨,0,中國國民黨,0,中國國民黨,0,無黨籍及未經政黨推薦,0,民主進步黨,0,無黨籍及未經政黨推薦,0,無黨籍及未經政黨推薦,0,無黨籍及未經政黨推薦,0,無黨籍及未經政黨推薦,2592,88,2680,0,2680,1016,3696,72.51
秀水村,0001,1312,民主進步黨,0,中國國民黨,0,中國國民黨,0,民主進步黨,0,民主進步黨,0,中國國民黨,0,中國國民黨,0,中國國民黨,0,中國國民黨,0,無黨籍及未經政黨推薦,0,中國國民黨,0,無黨籍及未經政黨推薦,112,民主進步黨,0,民主進步黨,0,民主進步黨,0,中國國民黨,0,民主進步黨,0,民主進步黨,0,民主進步黨,0,中國國民黨,0,民主進步黨,0,無黨籍及未經政黨推薦,0,無黨籍及未經政黨推薦,0,無黨籍及未經政黨推薦,896,中國國民黨,0,民主進步黨,0,中國國民黨,0,中國國民黨,0,無黨籍及未經政黨推薦,0,中國國民黨,0,中國國民黨,0,民主進步黨,0,無黨籍及未經政黨推薦,0,民主進步黨,0,無黨籍及未經政黨推薦,0,無黨籍及未經政黨推薦,0,中國國民黨,0,中國國民黨,0,民主進步黨,0,中國國民黨,0,中國國民黨,0,民主進步黨,0,民主進步黨,0,無黨籍及未經政黨推薦,0,中國國民黨,0,無黨籍及未經政黨推薦,0,無黨籍及未經政黨推薦,0,中國國民黨,0,民主進步黨,0,中國國民黨,0,無黨籍及未經政黨推薦,0,無黨籍及未經政黨推薦,0,無黨籍及未經政黨推薦,0,民主進步黨,0,無黨籍及未經政黨推薦,0,無黨籍及未經政黨推薦,0,民主進步黨,0,中國國民黨,0,無黨籍及未經政黨推薦,0,無黨籍及未經政黨推薦,0,無黨籍及未經政黨推薦,0,無黨籍及未經政黨推薦,0,民主進步黨,0,中國國民黨,0,中國國民黨,0,無黨籍及未經政黨推薦,0,民主進步黨,0,無黨籍及未經政黨推薦,0,無黨籍及未經政黨推薦,0,無黨籍及未經政黨推薦,0,無黨籍及未經政黨推薦,2320,70,2390,0,2390,878,3268,73.13
安溪村,0002,1668,民主進步黨,0,中國國民黨,0,中國國民黨,0,民主進步黨,0,民主進步黨,0,中國國民黨,0,中國國民黨,0,中國國民黨,0,中國國民黨,0,無黨籍及未經政黨推薦,0,中國國民黨,0,無黨籍及未經政黨推薦,110,民主進步黨,0,民主進步黨,0,民主進步黨,0,中國國民黨,0,民主進步黨,0,民主進步黨,0,民主進步黨,0,中國國民黨,0,民主進步黨,0,無黨籍及未經政黨推薦,0,無黨籍及未經政黨推薦,0,無黨籍及未經政黨推薦,1086,中國國民黨,0,民主進步黨,0,中國國民黨,0,中國國民黨,0,無黨籍及未經政黨推薦,0,中國國民黨,0,中國國民黨,0,民主進步黨,0,無黨籍及未經政黨推薦,0,民主進步黨,0,無黨籍及未經政黨推薦,0,無黨籍及未經政黨推薦,0,中國國民黨,0,中國國民黨,0,民主進步黨,0,中國國民黨,0,中國國民黨,0,民主進步黨,0,民主進步黨,0,無黨籍及未經政黨推薦,0,中國國民黨,0,無黨籍及未經政黨推薦,0,無黨籍及未經政黨推薦,0,中國國民黨,0,民主進步黨,0,中國國民黨,0,無黨籍及未經政黨推薦,0,無黨籍及未經政黨推薦,0,無黨籍及未經政黨推薦,0,民主進步黨,0,無黨籍及未經政黨推薦,0,無黨籍及未經政黨推薦,0,民主進步黨,0,中國國民黨,0,無黨籍及未經政黨推薦,0,無黨籍及未經政黨推薦,0,無黨籍及未經政黨推薦,0,無黨籍及未經政黨推薦,0,民主進步黨,0,中國國民黨,0,中國國民黨,0,無黨籍及未經政黨推薦,0,民主進步黨,0,無黨籍及未經政黨推薦,0,無黨籍及未經政黨推薦,0,無黨籍及未經政黨推薦,0,無黨籍及未經政黨推薦,2864,104,2968,0,2968,1016,3984,74.5
莊雅村,0003,1860,民主進步黨,0,中國國民黨,0,中國國民黨,0,民主進步黨,0,民主進步黨,0,中國國民黨,0,中國國民黨,0,中國國民黨,0,中國國民黨,0,無黨籍及未經政黨推薦,0,中國國民黨,0,無黨籍及未經政黨推薦,126,民主進步黨,0,民主進步黨,0,民主進步黨,0,中國國民黨,0,民主進步黨,0,民主進步黨,0,民主進步黨,0,中國國民黨,0,民主進步黨,0,無黨籍及未經政黨推薦,0,無黨籍及未經政黨推薦,0,無黨籍及未經政黨推薦,1730,中國國民黨,0,民主進步黨,0,中國國民黨,0,中國國民黨,0,無黨籍及未經政黨推薦,0,中國國民黨,0,中國國民黨,0,民主進步黨,0,無黨籍及未經政黨推薦,0,民主進步黨,0,無黨籍及未經政黨推薦,0,無黨籍及未經政黨推薦,0,中國國民黨,0,中國國民黨,0,民主進步黨,0,中國國民黨,0,中國國民黨,0,民主進步黨,0,民主進步黨,0,無黨籍及未經政黨推薦,0,中國國民黨,0,無黨籍及未經政黨推薦,0,無黨籍及未經政黨推薦,0,中國國民黨,0,民主進步黨,0,中國國民黨,0,無黨籍及未經政黨推薦,0,無黨籍及未經政黨推薦,0,無黨籍及未經政黨推薦,0,民主進步黨,0,無黨籍及未經政黨推薦,0,無黨籍及未經政黨推薦,0,民主進步黨,0,中國國民黨,0,無黨籍及未經政黨推薦,0,無黨籍及未經政黨推薦,0,無黨籍及未經政黨推薦,0,無黨籍及未經政黨推薦,0,民主進步黨,0,中國國民黨,0,中國國民黨,0,無黨籍及未經政黨推薦,0,民主進步黨,0,無黨籍及未經政黨推薦,0,無黨籍及未經政黨推薦,0,無黨籍及未經政黨推薦,0,無黨籍及未經政黨推薦,3716,146,3862,0,3862,1310,5172,74.67
金興村,0004,1208,民主進步黨,0,中國國民黨,0,中國國民黨,0,民主進步黨,0,民主進步黨,0,中國國民黨,0,中國國民黨,0,中國國民黨,0,中國國民黨,0,無黨籍及未經政黨推薦,0,中國國民黨,0,無黨籍及未經政黨推薦,116,民主進步黨,0,民主進步黨,0,民主進步黨,0,中國國民黨,0,民主進步黨,0,民主進步黨,0,民主進步黨,0,中國國民黨,0,民主進步黨,0,無黨籍及未經政黨推薦,0,無黨籍及未經政黨推薦,0,無黨籍及未經政黨推薦,1202,中國國民黨,0,民主進步黨,0,中國國民黨,0,中國國民黨,0,無黨籍及未經政黨推薦,0,中國國民黨,0,中國國民黨,0,民主進步黨,0,無黨籍及未經政黨推薦,0,民主進步黨,0,無黨籍及未經政黨推薦,0,無黨籍及未經政黨推薦,0,中國國民黨,0,中國國民黨,0,民主進步黨,0,中國國民黨,0,中國國民黨,0,民主進步黨,0,民主進步黨,0,無黨籍及未經政黨推薦,0,中國國民黨,0,無黨籍及未經政黨推薦,0,無黨籍及未經政黨推薦,0,中國國民黨,0,民主進步黨,0,中國國民黨,0,無黨籍及未經政黨推薦,0,無黨籍及未經政黨推薦,0,無黨籍及未經政黨推薦,0,民主進步黨,0,無黨籍及未經政黨推薦,0,無黨籍及未經政黨推薦,0,民主進步黨,0,中國國民黨,0,無黨籍及未經政黨推薦,0,無黨籍及未經政黨推薦,0,無黨籍及未經政黨推薦,0,無黨籍及未經政黨推薦,0,民主進步黨,0,中國國民黨,0,中國國民黨,0,無黨籍及未經政黨推薦,0,民主進步黨,0,無黨籍及未經政黨推薦,0,無黨籍及未經政黨推薦,0,無黨籍及未經政黨推薦,0,無黨籍及未經政黨推薦,2526,78,2604,0,2604,904,3508,74.23
陝西村,0005,952,民主進步黨,0,中國國民黨,0,中國國民黨,0,民主進步黨,0,民主進步黨,0,中國國民黨,0,中國國民黨,0,中國國民黨,0,中國國民黨,0,無黨籍及未經政黨推薦,0,中國國民黨,0,無黨籍及未經政黨推薦,72,民主進步黨,0,民主進步黨,0,民主進步黨,0,中國國民黨,0,民主進步黨,0,民主進步黨,0,民主進步黨,0,中國國民黨,0,民主進步黨,0,無黨籍及未經政黨推薦,0,無黨籍及未經政黨推薦,0,無黨籍及未經政黨推薦,926,中國國民黨,0,民主進步黨,0,中國國民黨,0,中國國民黨,0,無黨籍及未經政黨推薦,0,中國國民黨,0,中國國民黨,0,民主進步黨,0,無黨籍及未經政黨推薦,0,民主進步黨,0,無黨籍及未經政黨推薦,0,無黨籍及未經政黨推薦,0,中國國民黨,0,中國國民黨,0,民主進步黨,0,中國國民黨,0,中國國民黨,0,民主進步黨,0,民主進步黨,0,無黨籍及未經政黨推薦,0,中國國民黨,0,無黨籍及未經政黨推薦,0,無黨籍及未經政黨推薦,0,中國國民黨,0,民主進步黨,0,中國國民黨,0,無黨籍及未經政黨推薦,0,無黨籍及未經政黨推薦,0,無黨籍及未經政黨推薦,0,民主進步黨,0,無黨籍及未經政黨推薦,0,無黨籍及未經政黨推薦,0,民主進步黨,0,中國國民黨,0,無黨籍及未經政黨推薦,0,無黨籍及未經政黨推薦,0,無黨籍及未經政黨推薦,0,無黨籍及未經政黨推薦,0,民主進步黨,0,中國國民黨,0,中國國民黨,0,無黨籍及未經政黨推薦,0,民主進步黨,0,無黨籍及未經政黨推薦,0,無黨籍及未經政黨推薦,0,無黨籍及未經政黨推薦,0,無黨籍及未經政黨推薦,1950,40,1990,0,1990,762,2752,72.31
安東村,0006,2844,民主進步黨,0,中國國民黨,0,中國國民黨,0,民主進步黨,0,民主進步黨,0,中國國民黨,0,中國國民黨,0,中國國民黨,0,中國國民黨,0,無黨籍及未經政黨推薦,0,中國國民黨,0,無黨籍及未經政黨推薦,192,民主進步黨,0,民主進步黨,0,民主進步黨,0,中國國民黨,0,民主進步黨,0,民主進步黨,0,民主進步黨,0,中國國民黨,0,民主進步黨,0,無黨籍及未經政黨推薦,0,無黨籍及未經政黨推薦,0,無黨籍及未經政黨推薦,2314,中國國民黨,0,民主進步黨,0,中國國民黨,0,中國國民黨,0,無黨籍及未經政黨推薦,0,中國國民黨,0,中國國民黨,0,民主進步黨,0,無黨籍及未經政黨推薦,0,民主進步黨,0,無黨籍及未經政黨推薦,0,無黨籍及未經政黨推薦,0,中國國民黨,0,中國國民黨,0,民主進步黨,0,中國國民黨,0,中國國民黨,0,民主進步黨,0,民主進步黨,0,無黨籍及未經政黨推薦,0,中國國民黨,0,無黨籍及未經政黨推薦,0,無黨籍及未經政黨推薦,0,中國國民黨,0,民主進步黨,0,中國國民黨,0,無黨籍及未經政黨推薦,0,無黨籍及未經政黨推薦,0,無黨籍及未經政黨推薦,0,民主進步黨,0,無黨籍及未經政黨推薦,0,無黨籍及未經政黨推薦,0,民主進步黨,0,中國國民黨,0,無黨籍及未經政黨推薦,0,無黨籍及未經政黨推薦,0,無黨籍及未經政黨推薦,0,無黨籍及未經政黨推薦,0,民主進步黨,0,中國國民黨,0,中國國民黨,0,無黨籍及未經政黨推薦,0,民主進步黨,0,無黨籍及未經政黨推薦,0,無黨籍及未經政黨推薦,0,無黨籍及未經政黨推薦,0,無黨籍及未經政黨推薦,5350,166,5516,0,5516,1894,7410,74.44
鶴鳴村,0007,2456,民主進步黨,0,中國國民黨,0,中國國民黨,0,民主進步黨,0,民主進步黨,0,中國國民黨,0,中國國民黨,0,中國國民黨,0,中國國民黨,0,無黨籍及未經政黨推薦,0,中國國民黨,0,無黨籍及未經政黨推薦,162,民主進步黨,0,民主進步黨,0,民主進步黨,0,中國國民黨,0,民主進步黨,0,民主進步黨,0,民主進步黨,0,中國國民黨,0,民主進步黨,0,無黨籍及未經政黨推薦,0,無黨籍及未經政黨推薦,0,無黨籍及未經政黨推薦,1810,中國國民黨,0,民主進步黨,0,中國國民黨,0,中國國民黨,0,無黨籍及未經政黨推薦,0,中國國民黨,0,中國國民黨,0,民主進步黨,0,無黨籍及未經政黨推薦,0,民主進步黨,0,無黨籍及未經政黨推薦,0,無黨籍及未經政黨推薦,0,中國國民黨,0,中國國民黨,0,民主進步黨,0,中國國民黨,0,中國國民黨,0,民主進步黨,0,民主進步黨,0,無黨籍及未經政黨推薦,0,中國國民黨,0,無黨籍及未經政黨推薦,0,無黨籍及未經政黨推薦,0,中國國民黨,0,民主進步黨,0,中國國民黨,0,無黨籍及未經政黨推薦,0,無黨籍及未經政黨推薦,0,無黨籍及未經政黨推薦,0,民主進步黨,0,無黨籍及未經政黨推薦,0,無黨籍及未經政黨推薦,0,民主進步黨,0,中國國民黨,0,無黨籍及未經政黨推薦,0,無黨籍及未經政黨推薦,0,無黨籍及未經政黨推薦,0,無黨籍及未經政黨推薦,0,民主進步黨,0,中國國民黨,0,中國國民黨,0,無黨籍及未經政黨推薦,0,民主進步黨,0,無黨籍及未經政黨推薦,0,無黨籍及未經政黨推薦,0,無黨籍及未經政黨推薦,0,無黨籍及未經政黨推薦,4428,100,4528,0,4528,1542,6070,74.6
馬興村,0008,1666,民主進步黨,0,中國國民黨,0,中國國民黨,0,民主進步黨,0,民主進步黨,0,中國國民黨,0,中國國民黨,0,中國國民黨,0,中國國民黨,0,無黨籍及未經政黨推薦,0,中國國民黨,0,無黨籍及未經政黨推薦,138,民主進步黨,0,民主進步黨,0,民主進步黨,0,中國國民黨,0,民主進步黨,0,民主進步黨,0,民主進步黨,0,中國國民黨,0,民主進步黨,0,無黨籍及未經政黨推薦,0,無黨籍及未經政黨推薦,0,無黨籍及未經政黨推薦,1382,中國國民黨,0,民主進步黨,0,中國國民黨,0,中國國民黨,0,無黨籍及未經政黨推薦,0,中國國民黨,0,中國國民黨,0,民主進步黨,0,無黨籍及未經政黨推薦,0,民主進步黨,0,無黨籍及未經政黨推薦,0,無黨籍及未經政黨推薦,0,中國國民黨,0,中國國民黨,0,民主進步黨,0,中國國民黨,0,中國國民黨,0,民主進步黨,0,民主進步黨,0,無黨籍及未經政黨推薦,0,中國國民黨,0,無黨籍及未經政黨推薦,0,無黨籍及未經政黨推薦,0,中國國民黨,0,民主進步黨,0,中國國民黨,0,無黨籍及未經政黨推薦,0,無黨籍及未經政黨推薦,0,無黨籍及未經政黨推薦,0,民主進步黨,0,無黨籍及未經政黨推薦,0,無黨籍及未經政黨推薦,0,民主進步黨,0,中國國民黨,0,無黨籍及未經政黨推薦,0,無黨籍及未經政黨推薦,0,無黨籍及未經政黨推薦,0,無黨籍及未經政黨推薦,0,民主進步黨,0,中國國民黨,0,中國國民黨,0,無黨籍及未經政黨推薦,0,民主進步黨,0,無黨籍及未經政黨推薦,0,無黨籍及未經政黨推薦,0,無黨籍及未經政黨推薦,0,無黨籍及未經政黨推薦,3186,88,3274,0,3274,1060,4334,75.54
義興村,0009,990,民主進步黨,0,中國國民黨,0,中國國民黨,0,民主進步黨,0,民主進步黨,0,中國國民黨,0,中國國民黨,0,中國國民黨,0,中國國民黨,0,無黨籍及未經政黨推薦,0,中國國民黨,0,無黨籍及未經政黨推薦,100,民主進步黨,0,民主進步黨,0,民主進步黨,0,中國國民黨,0,民主進步黨,0,民主進步黨,0,民主進步黨,0,中國國民黨,0,民主進步黨,0,無黨籍及未經政黨推薦,0,無黨籍及未經政黨推薦,0,無黨籍及未經政黨推薦,924,中國國民黨,0,民主進步黨,0,中國國民黨,0,中國國民黨,0,無黨籍及未經政黨推薦,0,中國國民黨,0,中國國民黨,0,民主進步黨,0,無黨籍及未經政黨推薦,0,民主進步黨,0,無黨籍及未經政黨推薦,0,無黨籍及未經政黨推薦,0,中國國民黨,0,中國國民黨,0,民主進步黨,0,中國國民黨,0,中國國民黨,0,民主進步黨,0,民主進步黨,0,無黨籍及未經政黨推薦,0,中國國民黨,0,無黨籍及未經政黨推薦,0,無黨籍及未經政黨推薦,0,中國國民黨,0,民主進步黨,0,中國國民黨,0,無黨籍及未經政黨推薦,0,無黨籍及未經政黨推薦,0,無黨籍及未經政黨推薦,0,民主進步黨,0,無黨籍及未經政黨推薦,0,無黨籍及未經政黨推薦,0,民主進步黨,0,中國國民黨,0,無黨籍及未經政黨推薦,0,無黨籍及未經政黨推薦,0,無黨籍及未經政黨推薦,0,無黨籍及未經政黨推薦,0,民主進步黨,0,中國國民黨,0,中國國民黨,0,無黨籍及未經政黨推薦,0,民主進步黨,0,無黨籍及未經政黨推薦,0,無黨籍及未經政黨推薦,0,無黨籍及未經政黨推薦,0,無黨籍及未經政黨推薦,2014,56,2070,0,2070,784,2854,72.53
福安村,0010,3352,民主進步黨,0,中國國民黨,0,中國國民黨,0,民主進步黨,0,民主進步黨,0,中國國民黨,0,中國國民黨,0,中國國民黨,0,中國國民黨,0,無黨籍及未經政黨推薦,0,中國國民黨,0,無黨籍及未經政黨推薦,260,民主進步黨,0,民主進步黨,0,民主進步黨,0,中國國民黨,0,民主進步黨,0,民主進步黨,0,民主進步黨,0,中國國民黨,0,民主進步黨,0,無黨籍及未經政黨推薦,0,無黨籍及未經政黨推薦,0,無黨籍及未經政黨推薦,2768,中國國民黨,0,民主進步黨,0,中國國民黨,0,中國國民黨,0,無黨籍及未經政黨推薦,0,中國國民黨,0,中國國民黨,0,民主進步黨,0,無黨籍及未經政黨推薦,0,民主進步黨,0,無黨籍及未經政黨推薦,0,無黨籍及未經政黨推薦,0,中國國民黨,0,中國國民黨,0,民主進步黨,0,中國國民黨,0,中國國民黨,0,民主進步黨,0,民主進步黨,0,無黨籍及未經政黨推薦,0,中國國民黨,0,無黨籍及未經政黨推薦,0,無黨籍及未經政黨推薦,0,中國國民黨,0,民主進步黨,0,中國國民黨,0,無黨籍及未經政黨推薦,0,無黨籍及未經政黨推薦,0,無黨籍及未經政黨推薦,0,民主進步黨,0,無黨籍及未經政黨推薦,0,無黨籍及未經政黨推薦,0,民主進步黨,0,中國國民黨,0,無黨籍及未經政黨推薦,0,無黨籍及未經政黨推薦,0,無黨籍及未經政黨推薦,0,無黨籍及未經政黨推薦,0,民主進步黨,0,中國國民黨,0,中國國民黨,0,無黨籍及未經政黨推薦,0,民主進步黨,0,無黨籍及未經政黨推薦,0,無黨籍及未經政黨推薦,0,無黨籍及未經政黨推薦,0,無黨籍及未經政黨推薦,6380,210,6590,0,6590,2246,8836,74.58
埔崙村,0011,1492,民主進步黨,0,中國國民黨,0,中國國民黨,0,民主進步黨,0,民主進步黨,0,中國國民黨,0,中國國民黨,0,中國國民黨,0,中國國民黨,0,無黨籍及未經政黨推薦,0,中國國民黨,0,無黨籍及未經政黨推薦,188,民主進步黨,0,民主進步黨,0,民主進步黨,0,中國國民黨,0,民主進步黨,0,民主進步黨,0,民主進步黨,0,中國國民黨,0,民主進步黨,0,無黨籍及未經政黨推薦,0,無黨籍及未經政黨推薦,0,無黨籍及未經政黨推薦,1120,中國國民黨,0,民主進步黨,0,中國國民黨,0,中國國民黨,0,無黨籍及未經政黨推薦,0,中國國民黨,0,中國國民黨,0,民主進步黨,0,無黨籍及未經政黨推薦,0,民主進步黨,0,無黨籍及未經政黨推薦,0,無黨籍及未經政黨推薦,0,中國國民黨,0,中國國民黨,0,民主進步黨,0,中國國民黨,0,中國國民黨,0,民主進步黨,0,民主進步黨,0,無黨籍及未經政黨推薦,0,中國國民黨,0,無黨籍及未經政黨推薦,0,無黨籍及未經政黨推薦,0,中國國民黨,0,民主進步黨,0,中國國民黨,0,無黨籍及未經政黨推薦,0,無黨籍及未經政黨推薦,0,無黨籍及未經政黨推薦,0,民主進步黨,0,無黨籍及未經政黨推薦,0,無黨籍及未經政黨推薦,0,民主進步黨,0,中國國民黨,0,無黨籍及未經政黨推薦,0,無黨籍及未經政黨推薦,0,無黨籍及未經政黨推薦,0,無黨籍及未經政黨推薦,0,民主進步黨,0,中國國民黨,0,中國國民黨,0,無黨籍及未經政黨推薦,0,民主進步黨,0,無黨籍及未經政黨推薦,0,無黨籍及未經政黨推薦,0,無黨籍及未經政黨推薦,0,無黨籍及未經政黨推薦,2800,64,2864,0,2864,904,3768,76.01
曾厝村,0012,1336,民主進步黨,0,中國國民黨,0,中國國民黨,0,民主進步黨,0,民主進步黨,0,中國國民黨,0,中國國民黨,0,中國國民黨,0,中國國民黨,0,無黨籍及未經政黨推薦,0,中國國民黨,0,無黨籍及未經政黨推薦,118,民主進步黨,0,民主進步黨,0,民主進步黨,0,中國國民黨,0,民主進步黨,0,民主進步黨,0,民主進步黨,0,中國國民黨,0,民主進步黨,0,無黨籍及未經政黨推薦,0,無黨籍及未經政黨推薦,0,無黨籍及未經政黨推薦,1078,中國國民黨,0,民主進步黨,0,中國國民黨,0,中國國民黨,0,無黨籍及未經政黨推薦,0,中國國民黨,0,中國國民黨,0,民主進步黨,0,無黨籍及未經政黨推薦,0,民主進步黨,0,無黨籍及未經政黨推薦,0,無黨籍及未經政黨推薦,0,中國國民黨,0,中國國民黨,0,民主進步黨,0,中國國民黨,0,中國國民黨,0,民主進步黨,0,民主進步黨,0,無黨籍及未經政黨推薦,0,中國國民黨,0,無黨籍及未經政黨推薦,0,無黨籍及未經政黨推薦,0,中國國民黨,0,民主進步黨,0,中國國民黨,0,無黨籍及未經政黨推薦,0,無黨籍及未經政黨推薦,0,無黨籍及未經政黨推薦,0,民主進步黨,0,無黨籍及未經政黨推薦,0,無黨籍及未經政黨推薦,0,民主進步黨,0,中國國民黨,0,無黨籍及未經政黨推薦,0,無黨籍及未經政黨推薦,0,無黨籍及未經政黨推薦,0,無黨籍及未經政黨推薦,0,民主進步黨,0,中國國民黨,0,中國國民黨,0,無黨籍及未經政黨推薦,0,民主進步黨,0,無黨籍及未經政黨推薦,0,無黨籍及未經政黨推薦,0,無黨籍及未經政黨推薦,0,無黨籍及未經政黨推薦,2532,68,2600,0,2600,824,3424,75.93
金陵村,0013,1326,民主進步黨,0,中國國民黨,0,中國國民黨,0,民主進步黨,0,民主進步黨,0,中國國民黨,0,中國國民黨,0,中國國民黨,0,中國國民黨,0,無黨籍及未經政黨推薦,0,中國國民黨,0,無黨籍及未經政黨推薦,122,民主進步黨,0,民主進步黨,0,民主進步黨,0,中國國民黨,0,民主進步黨,0,民主進步黨,0,民主進步黨,0,中國國民黨,0,民主進步黨,0,無黨籍及未經政黨推薦,0,無黨籍及未經政黨推薦,0,無黨籍及未經政黨推薦,962,中國國民黨,0,民主進步黨,0,中國國民黨,0,中國國民黨,0,無黨籍及未經政黨推薦,0,中國國民黨,0,中國國民黨,0,民主進步黨,0,無黨籍及未經政黨推薦,0,民主進步黨,0,無黨籍及未經政黨推薦,0,無黨籍及未經政黨推薦,0,中國國民黨,0,中國國民黨,0,民主進步黨,0,中國國民黨,0,中國國民黨,0,民主進步黨,0,民主進步黨,0,無黨籍及未經政黨推薦,0,中國國民黨,0,無黨籍及未經政黨推薦,0,無黨籍及未經政黨推薦,0,中國國民黨,0,民主進步黨,0,中國國民黨,0,無黨籍及未經政黨推薦,0,無黨籍及未經政黨推薦,0,無黨籍及未經政黨推薦,0,民主進步黨,0,無黨籍及未經政黨推薦,0,無黨籍及未經政黨推薦,0,民主進步黨,0,中國國民黨,0,無黨籍及未經政黨推薦,0,無黨籍及未經政黨推薦,0,無黨籍及未經政黨推薦,0,無黨籍及未經政黨推薦,0,民主進步黨,0,中國國民黨,0,中國國民黨,0,無黨籍及未經政黨推薦,0,民主進步黨,0,無黨籍及未經政黨推薦,0,無黨籍及未經政黨推薦,0,無黨籍及未經政黨推薦,0,無黨籍及未經政黨推薦,2410,48,2458,0,2458,888,3346,73.46
下崙村,0014,1598,民主進步黨,0,中國國民黨,0,中國國民黨,0,民主進步黨,0,民主進步黨,0,中國國民黨,0,中國國民黨,0,中國國民黨,0,中國國民黨,0,無黨籍及未經政黨推薦,0,中國國民黨,0,無黨籍及未經政黨推薦,104,民主進步黨,0,民主進步黨,0,民主進步黨,0,中國國民黨,0,民主進步黨,0,民主進步黨,0,民主進步黨,0,中國國民黨,0,民主進步黨,0,無黨籍及未經政黨推薦,0,無黨籍及未經政黨推薦,0,無黨籍及未經政黨推薦,1246,中國國民黨,0,民主進步黨,0,中國國民黨,0,中國國民黨,0,無黨籍及未經政黨推薦,0,中國國民黨,0,中國國民黨,0,民主進步黨,0,無黨籍及未經政黨推薦,0,民主進步黨,0,無黨籍及未經政黨推薦,0,無黨籍及未經政黨推薦,0,中國國民黨,0,中國國民黨,0,民主進步黨,0,中國國民黨,0,中國國民黨,0,民主進步黨,0,民主進步黨,0,無黨籍及未經政黨推薦,0,中國國民黨,0,無黨籍及未經政黨推薦,0,無黨籍及未經政黨推薦,0,中國國民黨,0,民主進步黨,0,中國國民黨,0,無黨籍及未經政黨推薦,0,無黨籍及未經政黨推薦,0,無黨籍及未經政黨推薦,0,民主進步黨,0,無黨籍及未經政黨推薦,0,無黨籍及未經政黨推薦,0,民主進步黨,0,中國國民黨,0,無黨籍及未經政黨推薦,0,無黨籍及未經政黨推薦,0,無黨籍及未經政黨推薦,0,無黨籍及未經政黨推薦,0,民主進步黨,0,中國國民黨,0,中國國民黨,0,無黨籍及未經政黨推薦,0,民主進步黨,0,無黨籍及未經政黨推薦,0,無黨籍及未經政黨推薦,0,無黨籍及未經政黨推薦,0,無黨籍及未經政黨推薦,2948,78,3026,0,3026,1072,4098,73.84
